datetime,open,high,low,close,volume,return
20060718,0.31,0.32,0.3,0.31,9152040,0.03333333333333344
20060719,0.31,0.33,0.31,0.33,9527820,0.06451612903225823
20060720,0.33,0.34,0.32,0.32,4784580,-0.030303030303030276
20060721,0.31,0.31,0.29,0.3,6247500,-0.0625
20060724,0.31,0.33,0.31,0.33,8801520,0.10000000000000009
20060725,0.33,0.34,0.33,0.34,5520240,0.030303030303030276
20060726,0.34,0.34,0.33,0.34,4410000,0.0
20060727,0.34,0.36,0.34,0.34,6644640,0.0
20060728,0.35,0.38,0.35,0.38,7562760,0.11764705882352944
20060731,0.37,0.38,0.37,0.37,5000400,-0.02631578947368418
20060801,0.36,0.37,0.35,0.35,5616660,-0.05405405405405406
20060802,0.36,0.38,0.36,0.38,7093020,0.08571428571428585
20060803,0.38,0.42,0.37,0.41,8485020,0.07894736842105265
20060804,0.42,0.42,0.39,0.4,7158660,-0.024390243902438935
20060807,0.39,0.4,0.39,0.4,3964500,0.0
20060808,0.4,0.41,0.4,0.41,5946120,0.02499999999999991
20060809,0.42,0.43,0.4,0.41,5465640,0.0
20060810,0.4,0.4,0.39,0.4,7398420,-0.024390243902438935
20060811,0.37,0.4,0.37,0.39,13894260,-0.025000000000000022
20060814,0.39,0.4,0.39,0.39,7266960,0.0
20060815,0.4,0.43,0.39,0.43,8702940,0.10256410256410242
20060816,0.43,0.46,0.42,0.46,9514260,0.06976744186046524
20060817,0.45,0.46,0.44,0.45,7373820,-0.021739130434782594
20060818,0.45,0.46,0.43,0.46,6447180,0.022222222222222143
20060821,0.45,0.45,0.44,0.44,4681740,-0.0434782608695653
20060822,0.44,0.45,0.44,0.44,4472160,0.0
20060823,0.44,0.45,0.43,0.44,4242360,0.0
20060824,0.44,0.45,0.43,0.44,2462940,0.0
20060825,0.44,0.45,0.44,0.44,2216160,0.0
20060828,0.45,0.47,0.45,0.46,7378440,0.045454545454545414
20060829,0.46,0.48,0.46,0.48,6757380,0.04347826086956519
20060830,0.48,0.49,0.48,0.49,6364980,0.02083333333333326
20060831,0.49,0.49,0.47,0.48,4784280,-0.020408163265306145
20060901,0.48,0.48,0.46,0.47,5897520,-0.02083333333333337
20060905,0.47,0.48,0.46,0.48,4934820,0.02127659574468077
20060906,0.47,0.47,0.45,0.45,4475040,-0.06249999999999989
20060907,0.44,0.47,0.44,0.46,7091460,0.022222222222222143
20060908,0.47,0.47,0.45,0.46,4315560,0.0
20060911,0.45,0.47,0.45,0.47,5766840,0.021739130434782483
20060912,0.47,0.48,0.47,0.48,4571460,0.02127659574468077
20060913,0.48,0.49,0.48,0.48,4485780,0.0
20060914,0.48,0.49,0.48,0.48,3942060,0.0
20060915,0.49,0.5,0.48,0.49,6786300,0.02083333333333326
20060918,0.49,0.51,0.49,0.51,7366440,0.04081632653061229
20060919,0.51,0.51,0.49,0.5,6745260,-0.019607843137254943
20060920,0.5,0.52,0.5,0.52,4658040,0.040000000000000036
20060921,0.52,0.52,0.51,0.51,5244000,-0.019230769230769273
20060922,0.51,0.51,0.49,0.5,6256020,-0.019607843137254943
20060925,0.5,0.52,0.49,0.51,6494100,0.020000000000000018
20060926,0.51,0.52,0.5,0.5,4942620,-0.019607843137254943
20060927,0.5,0.52,0.5,0.5,5517600,0.0
20060928,0.48,0.49,0.48,0.49,6095280,-0.020000000000000018
20060929,0.5,0.5,0.49,0.49,3569880,0.0
20061002,0.49,0.49,0.48,0.48,5861640,-0.020408163265306145
20061003,0.47,0.48,0.46,0.47,7941300,-0.02083333333333337
20061004,0.47,0.52,0.47,0.52,13871700,0.1063829787234043
20061005,0.52,0.52,0.5,0.5,6152100,-0.03846153846153855
20061006,0.5,0.52,0.5,0.51,5661960,0.020000000000000018
20061009,0.51,0.56,0.51,0.55,8498400,0.07843137254901977
20061010,0.55,0.55,0.53,0.54,5962620,-0.018181818181818188
20061011,0.53,0.55,0.53,0.54,4552680,0.0
20061012,0.54,0.55,0.53,0.54,4002540,0.0
20061013,0.54,0.57,0.53,0.56,5569260,0.03703703703703698
20061016,0.56,0.57,0.55,0.56,4253520,0.0
20061017,0.55,0.56,0.54,0.54,5018580,-0.0357142857142857
20061018,0.55,0.55,0.52,0.53,7762440,-0.01851851851851849
20061019,0.52,0.54,0.52,0.54,4419540,0.018867924528301883
20061020,0.54,0.54,0.52,0.53,3502320,-0.01851851851851849
20061023,0.53,0.54,0.53,0.53,2641920,0.0
20061024,0.53,0.55,0.53,0.54,4812720,0.018867924528301883
20061025,0.55,0.55,0.54,0.55,3719160,0.0185185185185186
20061026,0.55,0.57,0.55,0.56,3557280,0.0181818181818183
20061027,0.56,0.58,0.53,0.54,5332320,-0.0357142857142857
20061030,0.54,0.56,0.54,0.55,3884880,0.0185185185185186
20061031,0.56,0.58,0.56,0.58,8779680,0.05454545454545445
20061101,0.57,0.58,0.53,0.54,10703220,-0.06896551724137923
20061102,0.54,0.55,0.53,0.53,7788540,-0.01851851851851849
20061103,0.54,0.54,0.53,0.54,5262420,0.018867924528301883
20061106,0.55,0.57,0.54,0.56,7040280,0.03703703703703698
20061107,0.56,0.57,0.56,0.57,5107020,0.01785714285714257
20061108,0.56,0.58,0.56,0.58,6153660,0.01754385964912286
20061109,0.59,0.6,0.58,0.59,9822600,0.01724137931034475
20061110,0.58,0.59,0.56,0.57,11882460,-0.03389830508474578
20061113,0.58,0.6,0.58,0.6,8064960,0.05263157894736836
20061114,0.6,0.61,0.59,0.61,5830860,0.016666666666666607
20061115,0.6,0.61,0.59,0.6,4708980,-0.016393442622950838
20061116,0.6,0.61,0.59,0.6,4107360,0.0
20061117,0.6,0.61,0.6,0.6,3487440,0.0
20061120,0.6,0.61,0.59,0.61,5846460,0.016666666666666607
20061121,0.61,0.61,0.6,0.6,3632040,-0.016393442622950838
20061122,0.6,0.61,0.6,0.61,2301600,0.016666666666666607
20061124,0.61,0.62,0.6,0.62,1392720,0.016393442622950838
20061127,0.61,0.62,0.58,0.59,5402040,-0.048387096774193616
20061128,0.59,0.6,0.58,0.6,4569360,0.016949152542372836
20061129,0.61,0.65,0.6,0.61,5384040,0.016666666666666607
20061130,0.61,0.62,0.6,0.62,4950000,0.016393442622950838
20061201,0.61,0.61,0.59,0.59,7405320,-0.048387096774193616
20061204,0.6,0.62,0.6,0.62,5970900,0.05084745762711873
20061205,0.61,0.61,0.6,0.61,6508440,-0.016129032258064502
20061206,0.61,0.61,0.6,0.61,4295940,0.0
20061207,0.61,0.61,0.59,0.59,4555440,-0.032786885245901676
20061208,0.59,0.6,0.58,0.59,5317920,0.0
20061211,0.59,0.61,0.59,0.6,4524000,0.016949152542372836
20061212,0.6,0.6,0.59,0.6,4842240,0.0
20061213,0.6,0.61,0.6,0.6,4356660,0.0
20061214,0.61,0.62,0.61,0.61,5806620,0.016666666666666607
20061215,0.62,0.63,0.61,0.62,6284880,0.016393442622950838
20061218,0.63,0.64,0.63,0.64,6317340,0.032258064516129004
20061219,0.63,0.65,0.63,0.64,4731840,0.0
20061220,0.64,0.65,0.64,0.64,2896020,0.0
20061221,0.64,0.64,0.63,0.63,3485820,-0.015625
20061222,0.63,0.63,0.61,0.62,3544020,-0.015873015873015928
20061226,0.62,0.63,0.61,0.62,2108760,0.0
20061227,0.62,0.63,0.62,0.63,2443680,0.016129032258064502
20061228,0.63,0.63,0.62,0.62,2000340,-0.015873015873015928
20061229,0.62,0.63,0.62,0.62,3622500,0.0
20070103,0.62,0.63,0.58,0.6,10489680,-0.032258064516129115
20070104,0.6,0.6,0.58,0.6,7238160,0.0
20070105,0.59,0.59,0.56,0.56,11334060,-0.06666666666666654
20070108,0.56,0.58,0.55,0.57,6166440,0.01785714285714257
20070109,0.57,0.57,0.55,0.55,7192140,-0.0350877192982455
20070110,0.55,0.59,0.54,0.58,10238400,0.05454545454545445
20070111,0.58,0.59,0.57,0.58,8119440,0.0
20070112,0.57,0.59,0.57,0.59,6490560,0.01724137931034475
20070116,0.59,0.59,0.58,0.59,6254880,0.0
20070117,0.58,0.58,0.57,0.58,6269220,-0.016949152542372947
20070118,0.57,0.57,0.52,0.53,14263200,-0.08620689655172398
20070119,0.52,0.54,0.52,0.53,8839980,0.0
20070122,0.54,0.55,0.53,0.53,6370140,0.0
20070123,0.53,0.54,0.52,0.53,5998500,0.0
20070124,0.54,0.56,0.54,0.55,5505900,0.037735849056603765
20070125,0.55,0.55,0.53,0.53,5616900,-0.036363636363636376
20070126,0.53,0.54,0.51,0.52,7577820,-0.018867924528301883
20070129,0.52,0.52,0.5,0.5,11923440,-0.03846153846153855
20070130,0.51,0.52,0.5,0.51,6125460,0.020000000000000018
20070131,0.51,0.52,0.5,0.51,4006140,0.0
20070201,0.51,0.52,0.51,0.52,5979960,0.019607843137254832
20070202,0.52,0.53,0.52,0.53,5432580,0.019230769230769162
20070205,0.53,0.54,0.53,0.54,5037120,0.018867924528301883
20070206,0.55,0.57,0.54,0.56,7076820,0.03703703703703698
20070207,0.56,0.58,0.56,0.58,7183920,0.03571428571428559
20070208,0.57,0.58,0.57,0.57,6710760,-0.017241379310344862
20070209,0.58,0.58,0.54,0.54,8990400,-0.05263157894736825
20070212,0.55,0.57,0.54,0.56,7381980,0.03703703703703698
20070213,0.57,0.57,0.56,0.57,6742080,0.01785714285714257
20070214,0.57,0.58,0.56,0.56,9922200,-0.01754385964912264
20070215,0.56,0.57,0.55,0.56,4251600,0.0
20070216,0.56,0.56,0.54,0.54,8904660,-0.0357142857142857
20070220,0.55,0.55,0.54,0.55,5806320,0.0185185185185186
20070221,0.55,0.55,0.54,0.54,6101460,-0.018181818181818188
20070222,0.55,0.56,0.54,0.55,5872980,0.0185185185185186
20070223,0.55,0.55,0.54,0.54,3779760,-0.018181818181818188
20070226,0.55,0.55,0.54,0.54,4539000,0.0
20070227,0.53,0.54,0.52,0.52,6707760,-0.03703703703703709
20070228,0.52,0.53,0.41,0.52,7427220,0.0
20070301,0.51,0.52,0.5,0.51,7706580,-0.019230769230769273
20070302,0.51,0.51,0.5,0.5,6516180,-0.019607843137254943
20070305,0.49,0.51,0.48,0.48,6175500,-0.040000000000000036
20070306,0.49,0.51,0.49,0.51,7685400,0.0625
20070307,0.51,0.51,0.49,0.49,7033680,-0.03921568627450989
20070308,0.5,0.52,0.49,0.51,7081980,0.04081632653061229
20070309,0.52,0.53,0.5,0.51,4952100,0.0
20070312,0.5,0.51,0.5,0.51,4114740,0.0
20070313,0.5,0.5,0.48,0.48,5594940,-0.05882352941176472
20070314,0.48,0.49,0.47,0.48,9193260,0.0
20070315,0.48,0.49,0.47,0.48,6244860,0.0
20070316,0.48,0.48,0.47,0.47,5488140,-0.02083333333333337
20070319,0.48,0.48,0.47,0.47,4430340,0.0
20070320,0.47,0.48,0.47,0.47,6307860,0.0
20070321,0.49,0.51,0.48,0.5,12083820,0.06382978723404253
20070322,0.5,0.51,0.5,0.51,7578660,0.020000000000000018
20070323,0.51,0.52,0.5,0.5,4915260,-0.019607843137254943
20070326,0.51,0.51,0.5,0.51,4315440,0.020000000000000018
20070327,0.5,0.51,0.5,0.5,4216860,-0.019607843137254943
20070328,0.49,0.5,0.49,0.49,4367100,-0.020000000000000018
20070329,0.49,0.49,0.47,0.48,6675660,-0.020408163265306145
20070330,0.48,0.49,0.48,0.48,5414340,0.0
20070402,0.48,0.48,0.47,0.48,3754740,0.0
20070403,0.48,0.48,0.47,0.48,4487280,0.0
20070404,0.48,0.48,0.48,0.48,3389940,0.0
20070405,0.48,0.52,0.48,0.52,12952860,0.08333333333333348
20070409,0.51,0.52,0.5,0.51,5972160,-0.019230769230769273
20070410,0.51,0.51,0.5,0.5,7020600,-0.019607843137254943
20070411,0.5,0.51,0.49,0.49,6986100,-0.020000000000000018
20070412,0.49,0.51,0.49,0.51,6986760,0.04081632653061229
20070413,0.5,0.51,0.5,0.51,5932560,0.0
20070416,0.51,0.51,0.5,0.51,5688480,0.0
20070417,0.52,0.53,0.51,0.51,9904320,0.0
20070418,0.51,0.52,0.51,0.52,6451020,0.019607843137254832
20070419,0.51,0.53,0.51,0.53,5536740,0.019230769230769162
20070420,0.53,0.53,0.52,0.53,5924220,0.0
20070423,0.53,0.53,0.52,0.52,5069760,-0.018867924528301883
20070424,0.53,0.55,0.53,0.54,9987060,0.03846153846153855
20070425,0.54,0.55,0.54,0.55,4774560,0.0185185185185186
20070426,0.55,0.56,0.55,0.56,4681320,0.0181818181818183
20070427,0.56,0.56,0.54,0.55,5279280,-0.017857142857142905
20070430,0.56,0.57,0.55,0.55,4982700,0.0
20070501,0.56,0.56,0.55,0.55,5257320,0.0
20070502,0.56,0.56,0.54,0.55,6066720,0.0
20070503,0.55,0.56,0.55,0.56,4541400,0.0181818181818183
20070504,0.56,0.56,0.56,0.56,3804420,0.0
20070507,0.57,0.58,0.55,0.55,4956960,-0.017857142857142905
20070508,0.55,0.56,0.54,0.55,6914700,0.0
20070509,0.55,0.56,0.54,0.56,3993360,0.0181818181818183
20070510,0.56,0.57,0.54,0.55,6656400,-0.017857142857142905
20070511,0.58,0.59,0.57,0.59,14667840,0.07272727272727253
20070514,0.58,0.59,0.57,0.58,6996960,-0.016949152542372947
20070515,0.58,0.59,0.57,0.57,5516040,-0.017241379310344862
20070516,0.58,0.58,0.56,0.58,4958880,0.01754385964912286
20070517,0.58,0.58,0.57,0.57,4217400,-0.017241379310344862
20070518,0.58,0.59,0.57,0.58,5565240,0.01754385964912286
20070521,0.58,0.6,0.58,0.59,6296880,0.01724137931034475
20070522,0.59,0.59,0.58,0.59,3835800,0.0
20070523,0.59,0.59,0.57,0.57,4207260,-0.03389830508474578
20070524,0.58,0.58,0.55,0.55,5811000,-0.0350877192982455
20070525,0.56,0.56,0.55,0.56,2718960,0.0181818181818183
20070529,0.56,0.57,0.56,0.57,3004320,0.01785714285714257
20070530,0.56,0.57,0.55,0.57,3030480,0.0
20070531,0.57,0.58,0.57,0.58,4302360,0.01754385964912286
20070601,0.58,0.59,0.58,0.58,3894240,0.0
20070604,0.58,0.59,0.57,0.58,2846940,0.0
20070605,0.59,0.6,0.59,0.6,6313080,0.034482758620689724
20070606,0.6,0.62,0.6,0.61,8619000,0.016666666666666607
20070607,0.6,0.61,0.6,0.6,7631940,-0.016393442622950838
20070608,0.59,0.61,0.59,0.61,5102460,0.016666666666666607
20070611,0.61,0.62,0.61,0.61,4143600,0.0
20070612,0.61,0.62,0.6,0.61,4944420,0.0
20070613,0.61,0.62,0.6,0.62,5467680,0.016393442622950838
20070614,0.62,0.63,0.62,0.63,4434840,0.016129032258064502
20070615,0.64,0.66,0.63,0.66,10099200,0.04761904761904767
20070618,0.67,0.67,0.65,0.66,6095400,0.0
20070619,0.66,0.67,0.65,0.66,4622820,0.0
20070620,0.67,0.67,0.66,0.66,7581180,0.0
20070621,0.68,0.72,0.67,0.72,12146940,0.09090909090909083
20070622,0.72,0.74,0.71,0.73,8293500,0.01388888888888884
20070625,0.7,0.72,0.7,0.71,7711980,-0.0273972602739726
20070626,0.71,0.71,0.67,0.68,8005680,-0.042253521126760396
20070627,0.67,0.69,0.67,0.69,5710980,0.014705882352941124
20070628,0.7,0.71,0.69,0.7,5559120,0.01449275362318847
20070629,0.7,0.7,0.69,0.69,4665300,-0.014285714285714346
20070702,0.7,0.72,0.7,0.72,5072700,0.04347826086956519
20070703,0.72,0.72,0.71,0.72,2294700,0.0
20070705,0.72,0.73,0.72,0.73,3447240,0.01388888888888884
20070706,0.73,0.73,0.72,0.73,2685420,0.0
20070709,0.73,0.75,0.73,0.75,4472700,0.027397260273972712
20070710,0.75,0.76,0.74,0.76,5213460,0.01333333333333342
20070711,0.76,0.76,0.74,0.75,5559120,-0.013157894736842146
20070712,0.76,0.77,0.75,0.77,4029420,0.026666666666666616
20070713,0.77,0.78,0.76,0.76,3458520,-0.012987012987012991
20070716,0.77,0.78,0.76,0.78,4477620,0.026315789473684292
20070718,0.76,0.77,0.75,0.76,5237100,-0.02564102564102566
20070719,0.77,0.78,0.75,0.76,3264000,0.0
20070720,0.76,0.77,0.75,0.75,4394220,-0.013157894736842146
20070723,0.75,0.77,0.75,0.76,3218460,0.01333333333333342
20070724,0.75,0.76,0.73,0.74,4157400,-0.02631578947368418
20070725,0.74,0.75,0.72,0.74,4131120,0.0
20070726,0.73,0.75,0.72,0.74,6430260,0.0
20070727,0.74,0.77,0.74,0.74,5854560,0.0
20070730,0.74,0.76,0.74,0.76,4737360,0.027027027027026973
20070731,0.79,0.8,0.76,0.76,6358560,0.0
20070801,0.75,0.77,0.72,0.76,6620580,0.0
20070802,0.77,0.77,0.74,0.75,4436940,-0.013157894736842146
20070803,0.76,0.76,0.71,0.71,5916120,-0.053333333333333344
20070806,0.72,0.72,0.7,0.72,4911360,0.014084507042253502
20070807,0.71,0.74,0.71,0.73,5135340,0.01388888888888884
20070808,0.74,0.78,0.73,0.76,6057180,0.041095890410958846
20070809,0.76,0.79,0.75,0.77,9649800,0.013157894736842035
20070810,0.71,0.74,0.69,0.73,10602900,-0.051948051948051965
20070813,0.74,0.74,0.71,0.73,6493440,0.0
20070814,0.73,0.76,0.73,0.75,10560180,0.027397260273972712
20070815,0.75,0.76,0.72,0.72,6603840,-0.040000000000000036
20070816,0.71,0.72,0.68,0.71,7296840,-0.01388888888888895
20070817,0.73,0.75,0.71,0.75,6781320,0.05633802816901423
20070820,0.75,0.76,0.74,0.75,4829820,0.0
20070821,0.75,0.79,0.74,0.79,6620460,0.053333333333333455
20070822,0.81,0.81,0.79,0.81,5277060,0.025316455696202445
20070823,0.81,0.82,0.8,0.8,5581980,-0.012345679012345734
20070824,0.8,0.81,0.79,0.8,3262020,0.0
20070827,0.8,0.83,0.8,0.82,5396940,0.02499999999999991
20070828,0.82,0.83,0.77,0.77,5082960,-0.060975609756097504
20070829,0.79,0.82,0.79,0.82,5085720,0.06493506493506485
20070830,0.81,0.83,0.81,0.81,4435260,-0.012195121951219412
20070831,0.83,0.86,0.82,0.85,6746820,0.04938271604938271
20070904,0.86,0.88,0.84,0.88,5965440,0.03529411764705892
20070905,0.88,0.9,0.87,0.87,5998020,-0.011363636363636354
20070906,0.88,0.89,0.87,0.88,3955260,0.011494252873563315
20070907,0.85,0.86,0.83,0.85,5746440,-0.03409090909090917
20070910,0.86,0.88,0.84,0.85,5498040,0.0
20070911,0.86,0.87,0.85,0.86,3818920,0.0117647058823529
20070912,0.87,0.88,0.82,0.83,5197880,-0.03488372093023262
20070913,0.85,0.85,0.82,0.83,3934960,0.0
20070914,0.82,0.82,0.8,0.81,4485240,-0.02409638554216853
20070917,0.81,0.82,0.8,0.8,3093080,-0.012345679012345734
20070918,0.81,0.89,0.81,0.88,7816880,0.09999999999999987
20070919,0.89,0.93,0.85,0.86,4921600,-0.022727272727272707
20070920,0.86,0.87,0.84,0.85,2903520,-0.011627906976744207
20070921,0.86,0.88,0.86,0.86,3792280,0.0117647058823529
20070924,0.87,0.9,0.86,0.88,4240360,0.023255813953488413
20070925,0.88,0.9,0.88,0.9,3383960,0.022727272727272707
20070926,0.9,0.92,0.9,0.92,4722400,0.022222222222222143
20070927,0.93,0.93,0.91,0.92,3440920,0.0
20070928,0.93,0.93,0.9,0.91,3693720,-0.010869565217391353
20071001,0.92,0.95,0.91,0.94,3692640,0.03296703296703285
20071002,0.94,0.94,0.92,0.94,2638320,0.0
20071003,0.92,0.92,0.88,0.9,4465720,-0.04255319148936165
20071004,0.89,0.9,0.87,0.9,3461640,0.0
20071005,0.91,0.93,0.9,0.92,3145000,0.022222222222222143
20071008,0.93,0.94,0.92,0.94,2320000,0.021739130434782483
20071009,0.94,0.94,0.91,0.92,3798160,-0.02127659574468077
20071010,0.93,0.93,0.9,0.92,3606920,0.0
20071011,0.91,0.93,0.87,0.88,4995960,-0.0434782608695653
20071012,0.89,0.9,0.88,0.9,3684080,0.022727272727272707
20071015,0.91,0.92,0.9,0.91,3245880,0.011111111111111072
20071016,0.91,0.93,0.91,0.92,2495160,0.01098901098901095
20071017,0.96,0.99,0.95,0.99,6543880,0.07608695652173902
20071018,0.98,0.99,0.96,0.99,3054160,0.0
20071019,0.99,0.99,0.93,0.93,4607000,-0.06060606060606055
20071022,0.93,0.98,0.92,0.98,4165480,0.053763440860215006
20071023,0.99,0.99,0.96,0.98,2709880,0.0
20071024,0.96,0.96,0.9,0.95,5377520,-0.030612244897959218
20071025,0.92,0.93,0.84,0.87,7409520,-0.0842105263157894
20071026,0.89,0.9,0.85,0.86,5732520,-0.011494252873563204
20071029,0.83,0.84,0.81,0.84,7597640,-0.023255813953488413
20071030,0.85,0.89,0.83,0.87,4970880,0.03571428571428581
20071031,0.88,0.89,0.85,0.88,4156400,0.011494252873563315
20071101,0.87,0.9,0.86,0.88,5340200,0.0
20071102,0.9,0.93,0.88,0.92,4699400,0.045454545454545414
20071105,0.91,0.94,0.91,0.92,4016560,0.0
20071106,0.93,0.96,0.92,0.95,5239120,0.032608695652173836
20071107,0.95,0.95,0.89,0.9,4426880,-0.05263157894736836
20071108,0.9,0.91,0.82,0.85,8333280,-0.05555555555555558
20071109,0.86,0.87,0.82,0.83,7646840,-0.02352941176470591
20071112,0.83,0.84,0.75,0.75,6538440,-0.09638554216867468
20071113,0.76,0.82,0.76,0.82,6380840,0.09333333333333327
20071114,0.84,0.85,0.8,0.81,6270800,-0.012195121951219412
20071115,0.81,0.81,0.78,0.79,4662800,-0.024691358024691357
20071116,0.8,0.81,0.79,0.81,4023000,0.025316455696202445
20071119,0.8,0.8,0.75,0.76,5196960,-0.06172839506172845
20071120,0.77,0.77,0.73,0.75,5949200,-0.013157894736842146
20071121,0.74,0.76,0.73,0.74,6164480,-0.013333333333333308
20071123,0.75,0.76,0.74,0.75,1302520,0.013513513513513598
20071126,0.76,0.77,0.74,0.74,3600080,-0.013333333333333308
20071127,0.75,0.77,0.74,0.77,4201760,0.04054054054054057
20071128,0.8,0.83,0.79,0.82,5267360,0.06493506493506485
20071129,0.82,0.85,0.82,0.83,4644360,0.012195121951219523
20071130,0.85,0.86,0.79,0.79,5249680,-0.04819277108433728
20071203,0.81,0.81,0.79,0.8,4414640,0.012658227848101333
20071204,0.8,0.81,0.78,0.8,3318240,0.0
20071205,0.83,0.86,0.82,0.84,6165120,0.04999999999999982
20071206,0.84,0.86,0.83,0.86,3516520,0.023809523809523725
20071207,0.86,0.86,0.84,0.85,2921120,-0.011627906976744207
20071210,0.85,0.87,0.85,0.86,3125280,0.0117647058823529
20071211,0.87,0.89,0.86,0.86,5528240,0.0
20071212,0.89,0.9,0.87,0.89,5238680,0.03488372093023262
20071213,0.88,0.88,0.84,0.86,4542640,-0.03370786516853941
20071214,0.86,0.89,0.85,0.88,3344680,0.023255813953488413
20071217,0.87,0.88,0.83,0.83,4107120,-0.05681818181818188
20071218,0.85,0.86,0.84,0.85,3722600,0.024096385542168752
20071219,0.85,0.87,0.85,0.86,2306920,0.0117647058823529
20071220,0.88,0.88,0.86,0.88,2610520,0.023255813953488413
20071221,0.89,0.9,0.87,0.88,3548960,0.0
20071224,0.88,0.9,0.88,0.89,1000160,0.011363636363636465
20071226,0.9,0.91,0.89,0.91,1904080,0.022471910112359605
20071227,0.91,0.91,0.88,0.88,2126000,-0.03296703296703296
20071228,0.88,0.89,0.86,0.87,2254000,-0.011363636363636354
20071231,0.86,0.88,0.85,0.85,2478480,-0.02298850574712641
20080102,0.85,0.86,0.81,0.82,4543440,-0.03529411764705881
20080103,0.83,0.85,0.82,0.82,4129480,0.0
20080104,0.8,0.8,0.75,0.75,6594600,-0.08536585365853655
20080107,0.75,0.76,0.66,0.67,9082560,-0.10666666666666658
20080108,0.68,0.73,0.66,0.69,9732120,0.02985074626865658
20080109,0.7,0.72,0.69,0.72,6942480,0.04347826086956519
20080110,0.7,0.72,0.69,0.71,5064800,-0.01388888888888895
20080111,0.69,0.71,0.67,0.68,5052160,-0.042253521126760396
20080114,0.69,0.72,0.68,0.72,4398440,0.0588235294117645
20080115,0.69,0.7,0.66,0.67,6690320,-0.06944444444444431
20080116,0.63,0.63,0.58,0.59,13770240,-0.11940298507462699
20080117,0.6,0.62,0.58,0.58,10141640,-0.016949152542372947
20080118,0.58,0.62,0.56,0.62,8556240,0.06896551724137945
20080122,0.56,0.6,0.56,0.59,6472680,-0.048387096774193616
20080123,0.57,0.62,0.56,0.6,8614840,0.016949152542372836
20080124,0.61,0.65,0.61,0.65,5522280,0.08333333333333348
20080125,0.67,0.69,0.62,0.62,6539200,-0.04615384615384621
20080128,0.62,0.63,0.6,0.62,5348680,0.0
20080129,0.63,0.64,0.61,0.64,3691000,0.032258064516129004
20080130,0.62,0.64,0.61,0.63,4885560,-0.015625
20080131,0.62,0.63,0.6,0.61,5466040,-0.031746031746031744
20080201,0.61,0.68,0.61,0.67,5356040,0.09836065573770503
20080204,0.68,0.69,0.65,0.65,4775840,-0.02985074626865669
20080205,0.64,0.64,0.61,0.61,4549280,-0.06153846153846154
20080206,0.62,0.63,0.6,0.61,5190160,0.0
20080207,0.59,0.63,0.58,0.61,6407160,0.0
20080208,0.61,0.63,0.6,0.62,3773360,0.016393442622950838
20080211,0.63,0.64,0.62,0.63,4714440,0.016129032258064502
20080212,0.64,0.66,0.63,0.65,5822440,0.031746031746031855
20080213,0.66,0.68,0.65,0.68,6161480,0.04615384615384621
20080214,0.66,0.66,0.56,0.57,20708200,-0.16176470588235303
20080215,0.56,0.58,0.55,0.56,7765200,-0.01754385964912264
20080219,0.57,0.57,0.54,0.55,4863960,-0.017857142857142905
20080220,0.53,0.55,0.53,0.54,6918080,-0.018181818181818188
20080221,0.55,0.55,0.53,0.53,5463640,-0.01851851851851849
20080222,0.54,0.56,0.53,0.56,6776000,0.05660377358490565
20080225,0.56,0.56,0.54,0.56,6043720,0.0
20080226,0.55,0.57,0.55,0.56,5350640,0.0
20080227,0.56,0.58,0.56,0.57,5033520,0.01785714285714257
20080228,0.56,0.57,0.55,0.55,4278360,-0.0350877192982455
20080229,0.54,0.55,0.53,0.53,4719320,-0.036363636363636376
20080303,0.53,0.54,0.52,0.53,4251240,0.0
20080304,0.53,0.53,0.5,0.52,6623440,-0.018867924528301883
20080305,0.53,0.54,0.52,0.53,5953760,0.019230769230769162
20080306,0.52,0.53,0.5,0.5,9553160,-0.05660377358490576
20080307,0.49,0.51,0.48,0.49,7203160,-0.020000000000000018
20080310,0.48,0.49,0.46,0.46,7419840,-0.061224489795918324
20080311,0.48,0.48,0.46,0.48,8088520,0.04347826086956519
20080312,0.48,0.48,0.46,0.46,6788680,-0.04166666666666663
20080313,0.46,0.5,0.45,0.49,11260720,0.06521739130434767
20080314,0.49,0.5,0.45,0.46,10356120,-0.061224489795918324
20080317,0.44,0.46,0.43,0.45,6954800,-0.021739130434782594
20080318,0.46,0.48,0.44,0.47,9765800,0.04444444444444429
20080319,0.46,0.47,0.44,0.44,8071840,-0.06382978723404253
20080320,0.45,0.46,0.44,0.46,5640080,0.045454545454545414
20080324,0.47,0.5,0.47,0.5,8444480,0.08695652173913038
20080325,0.5,0.52,0.5,0.51,7002160,0.020000000000000018
20080326,0.5,0.5,0.49,0.49,6931600,-0.03921568627450989
20080327,0.48,0.5,0.48,0.48,5720240,-0.020408163265306145
20080328,0.49,0.5,0.49,0.49,5467320,0.02083333333333326
20080331,0.5,0.51,0.49,0.49,5012960,0.0
20080401,0.51,0.53,0.5,0.53,6184200,0.08163265306122458
20080402,0.53,0.53,0.51,0.51,5854480,-0.037735849056603765
20080403,0.5,0.51,0.48,0.5,7843160,-0.019607843137254943
20080404,0.49,0.49,0.47,0.47,13383240,-0.06000000000000005
20080407,0.48,0.49,0.48,0.48,6869520,0.02127659574468077
20080408,0.48,0.49,0.48,0.48,5988080,0.0
20080409,0.48,0.49,0.48,0.49,6477360,0.02083333333333326
20080410,0.49,0.51,0.48,0.5,10496160,0.020408163265306145
20080411,0.49,0.49,0.46,0.46,10023560,-0.07999999999999996
20080414,0.46,0.46,0.45,0.45,6584560,-0.021739130434782594
20080415,0.45,0.45,0.44,0.45,4058760,0.0
20080416,0.47,0.48,0.46,0.47,5985840,0.04444444444444429
20080417,0.45,0.47,0.45,0.46,5557400,-0.02127659574468077
20080418,0.48,0.48,0.47,0.48,5222880,0.04347826086956519
20080421,0.47,0.5,0.47,0.5,6349600,0.04166666666666674
20080422,0.49,0.49,0.48,0.49,5471160,-0.020000000000000018
20080423,0.49,0.52,0.49,0.51,9315960,0.04081632653061229
20080424,0.51,0.52,0.49,0.5,6217240,-0.019607843137254943
20080425,0.5,0.51,0.49,0.5,4936800,0.0
20080428,0.5,0.51,0.49,0.49,5022120,-0.020000000000000018
20080429,0.49,0.51,0.49,0.51,5403040,0.04081632653061229
20080430,0.51,0.52,0.51,0.51,10075480,0.0
20080501,0.52,0.54,0.52,0.54,9725720,0.05882352941176472
20080502,0.55,0.56,0.54,0.56,10728280,0.03703703703703698
20080505,0.56,0.56,0.55,0.55,8452720,-0.017857142857142905
20080506,0.55,0.56,0.54,0.56,6247920,0.0181818181818183
20080507,0.56,0.57,0.55,0.55,6768360,-0.017857142857142905
20080508,0.55,0.56,0.53,0.55,10458400,0.0
20080509,0.55,0.59,0.55,0.56,18589920,0.0181818181818183
20080512,0.57,0.57,0.54,0.55,9085400,-0.017857142857142905
20080513,0.55,0.55,0.53,0.54,8064240,-0.018181818181818188
20080514,0.54,0.57,0.54,0.55,6842840,0.0185185185185186
20080515,0.55,0.6,0.55,0.59,11018200,0.07272727272727253
20080516,0.6,0.61,0.59,0.61,10303440,0.033898305084745894
20080519,0.61,0.63,0.59,0.6,10945240,-0.016393442622950838
20080520,0.58,0.59,0.58,0.58,7185760,-0.033333333333333326
20080521,0.58,0.61,0.58,0.58,9921040,0.0
20080522,0.59,0.6,0.58,0.59,6619440,0.01724137931034475
20080523,0.59,0.6,0.57,0.58,7472000,-0.016949152542372947
20080527,0.58,0.58,0.57,0.58,7753640,0.0
20080528,0.6,0.6,0.58,0.59,7156440,0.01724137931034475
20080529,0.59,0.59,0.58,0.59,6531880,0.0
20080530,0.6,0.62,0.6,0.62,7881760,0.05084745762711873
20080602,0.62,0.62,0.61,0.62,6945280,0.0
20080603,0.62,0.62,0.59,0.6,7949960,-0.032258064516129115
20080604,0.59,0.61,0.58,0.61,8067480,0.016666666666666607
20080605,0.63,0.63,0.61,0.62,6993480,0.016393442622950838
20080606,0.61,0.61,0.6,0.6,7315520,-0.032258064516129115
20080609,0.6,0.61,0.58,0.59,6061520,-0.01666666666666672
20080610,0.58,0.58,0.55,0.56,11751120,-0.05084745762711851
20080611,0.56,0.57,0.53,0.53,9382200,-0.0535714285714286
20080612,0.54,0.55,0.53,0.53,7778440,0.0
20080613,0.54,0.54,0.52,0.53,6579440,0.0
20080616,0.53,0.53,0.52,0.53,5756440,0.0
20080617,0.53,0.53,0.51,0.51,6468320,-0.037735849056603765
20080618,0.51,0.51,0.49,0.5,10058200,-0.019607843137254943
20080619,0.5,0.51,0.48,0.5,7457320,0.0
20080620,0.49,0.5,0.49,0.49,6692240,-0.020000000000000018
20080623,0.5,0.5,0.48,0.48,7343320,-0.020408163265306145
20080624,0.48,0.51,0.48,0.5,10250560,0.04166666666666674
20080625,0.51,0.51,0.49,0.5,8477000,0.0
20080626,0.49,0.49,0.48,0.48,7911840,-0.040000000000000036
20080627,0.48,0.48,0.47,0.48,5255000,0.0
20080630,0.48,0.48,0.46,0.47,5822400,-0.02083333333333337
20080701,0.46,0.47,0.45,0.47,8467680,0.0
20080702,0.47,0.47,0.45,0.45,5065400,-0.04255319148936165
20080703,0.32,0.33,0.31,0.31,26206600,-0.3111111111111111
20080707,0.32,0.32,0.29,0.3,21218840,-0.032258064516129115
20080708,0.3,0.31,0.3,0.3,16827760,0.0
20080709,0.3,0.31,0.3,0.3,13601880,0.0
20080710,0.3,0.3,0.29,0.29,10137480,-0.033333333333333326
20080711,0.29,0.3,0.28,0.29,7747360,0.0
20080714,0.29,0.3,0.28,0.28,8522080,-0.0344827586206895
20080715,0.28,0.29,0.27,0.28,10890200,0.0
20080716,0.28,0.29,0.27,0.28,9486920,0.0
20080717,0.29,0.29,0.27,0.28,8195840,0.0
20080718,0.28,0.29,0.27,0.29,8667760,0.03571428571428559
20080721,0.29,0.3,0.29,0.29,5433520,0.0
20080722,0.29,0.29,0.28,0.28,5160080,-0.0344827586206895
20080723,0.29,0.3,0.29,0.29,5657640,0.03571428571428559
20080724,0.29,0.29,0.28,0.28,6646280,-0.0344827586206895
20080725,0.28,0.29,0.27,0.29,9804560,0.03571428571428559
20080728,0.29,0.3,0.28,0.29,7064920,0.0
20080729,0.29,0.3,0.29,0.29,7065400,0.0
20080730,0.3,0.3,0.28,0.29,5696280,0.0
20080731,0.29,0.29,0.28,0.29,4549640,0.0
20080801,0.28,0.28,0.27,0.27,8501160,-0.06896551724137923
20080804,0.27,0.27,0.26,0.26,4990760,-0.03703703703703709
20080805,0.27,0.28,0.27,0.28,6493400,0.0769230769230771
20080806,0.28,0.29,0.27,0.29,7680280,0.03571428571428559
20080807,0.28,0.3,0.28,0.28,7838360,-0.0344827586206895
20080808,0.29,0.29,0.27,0.28,8202240,0.0
20080811,0.28,0.29,0.28,0.28,11562800,0.0
20080812,0.28,0.28,0.27,0.28,12727880,0.0
20080813,0.3,0.31,0.29,0.31,19682840,0.10714285714285698
20080814,0.31,0.34,0.3,0.33,15302520,0.06451612903225823
20080815,0.33,0.33,0.32,0.32,7277920,-0.030303030303030276
20080818,0.33,0.33,0.32,0.33,8440800,0.03125
20080819,0.32,0.34,0.32,0.34,9609720,0.030303030303030276
20080820,0.34,0.35,0.34,0.35,11072520,0.02941176470588225
20080821,0.35,0.35,0.33,0.34,9569120,-0.02857142857142847
20080822,0.34,0.35,0.33,0.34,4126240,0.0
20080825,0.34,0.35,0.33,0.34,4269160,0.0
20080826,0.34,0.34,0.32,0.33,5670480,-0.02941176470588236
20080827,0.32,0.33,0.32,0.33,4175560,0.0
20080828,0.33,0.33,0.33,0.33,3396400,0.0
20080829,0.32,0.33,0.32,0.32,4665080,-0.030303030303030276
20080902,0.32,0.32,0.3,0.31,6534520,-0.03125
20080903,0.3,0.31,0.29,0.29,6778320,-0.06451612903225812
20080904,0.29,0.29,0.29,0.29,6701560,0.0
20080905,0.29,0.29,0.28,0.29,7607200,0.0
20080908,0.29,0.29,0.28,0.28,12730680,-0.0344827586206895
20080909,0.28,0.3,0.27,0.27,10574160,-0.0357142857142857
20080910,0.27,0.28,0.27,0.27,6121520,0.0
20080911,0.26,0.26,0.25,0.26,10157800,-0.03703703703703709
20080912,0.25,0.26,0.24,0.25,11566040,-0.03846153846153855
20080915,0.25,0.25,0.23,0.23,8260320,-0.07999999999999996
20080916,0.23,0.24,0.22,0.24,11916760,0.04347826086956519
20080917,0.23,0.26,0.23,0.25,13056120,0.04166666666666674
20080918,0.25,0.29,0.25,0.27,15151480,0.08000000000000007
20080919,0.29,0.29,0.27,0.29,10311040,0.07407407407407396
20080922,0.28,0.29,0.28,0.28,6677320,-0.0344827586206895
20080923,0.28,0.29,0.27,0.27,6721560,-0.0357142857142857
20080924,0.27,0.29,0.27,0.28,8003200,0.03703703703703698
20080925,0.28,0.29,0.28,0.29,5556760,0.03571428571428559
20080926,0.28,0.29,0.27,0.29,6226240,0.0
20080929,0.28,0.29,0.25,0.25,9070840,-0.13793103448275856
20080930,0.26,0.27,0.25,0.27,5952560,0.08000000000000007
20081001,0.26,0.27,0.26,0.26,5348480,-0.03703703703703709
20081002,0.26,0.26,0.23,0.23,7584760,-0.11538461538461542
20081003,0.24,0.24,0.22,0.23,8923360,0.0
20081006,0.22,0.22,0.18,0.2,16050160,-0.13043478260869568
20081007,0.2,0.2,0.18,0.18,9943160,-0.10000000000000009
20081008,0.17,0.2,0.17,0.18,11803400,0.0
20081009,0.19,0.19,0.17,0.17,8628400,-0.05555555555555547
20081010,0.16,0.18,0.16,0.17,11246320,0.0
20081013,0.18,0.2,0.18,0.2,8559040,0.17647058823529416
20081014,0.21,0.21,0.19,0.2,11423880,0.0
20081015,0.2,0.2,0.18,0.18,8030720,-0.10000000000000009
20081016,0.18,0.19,0.17,0.19,9587800,0.05555555555555558
20081017,0.19,0.2,0.18,0.19,8005360,0.0
20081020,0.2,0.2,0.19,0.2,5724400,0.05263157894736836
20081021,0.19,0.19,0.18,0.18,6326760,-0.10000000000000009
20081022,0.18,0.19,0.17,0.17,5682400,-0.05555555555555547
20081023,0.17,0.18,0.16,0.16,8047680,-0.05882352941176472
20081024,0.15,0.17,0.15,0.17,7470960,0.0625
20081027,0.16,0.18,0.16,0.17,6733000,0.0
20081028,0.18,0.2,0.18,0.2,7803400,0.17647058823529416
20081029,0.2,0.22,0.2,0.21,9413000,0.04999999999999982
20081030,0.22,0.22,0.2,0.22,6297120,0.04761904761904767
20081031,0.21,0.22,0.21,0.22,5706160,0.0
20081103,0.22,0.23,0.21,0.21,6926520,-0.045454545454545525
20081104,0.22,0.22,0.21,0.22,5883880,0.04761904761904767
20081105,0.22,0.22,0.21,0.21,7498080,-0.045454545454545525
20081106,0.2,0.21,0.19,0.19,7250560,-0.09523809523809523
20081107,0.22,0.23,0.2,0.22,10563200,0.1578947368421053
20081110,0.23,0.23,0.2,0.2,5459760,-0.09090909090909083
20081111,0.2,0.2,0.19,0.2,5532760,0.0
20081112,0.19,0.19,0.18,0.18,6016680,-0.10000000000000009
20081113,0.18,0.2,0.17,0.2,7571280,0.11111111111111116
20081114,0.19,0.19,0.18,0.18,5948800,-0.10000000000000009
20081117,0.18,0.18,0.17,0.18,3501720,0.0
20081118,0.18,0.18,0.16,0.17,5044240,-0.05555555555555547
20081119,0.17,0.17,0.16,0.16,4648880,-0.05882352941176472
20081120,0.15,0.16,0.15,0.15,7850440,-0.0625
20081121,0.15,0.16,0.14,0.16,5582560,0.06666666666666665
20081124,0.17,0.17,0.16,0.17,5463960,0.0625
20081125,0.18,0.18,0.17,0.17,4896360,0.0
20081126,0.17,0.19,0.17,0.19,5513240,0.11764705882352944
20081128,0.19,0.19,0.18,0.19,1487560,0.0
20081201,0.18,0.18,0.17,0.17,5030200,-0.10526315789473684
20081202,0.18,0.18,0.17,0.18,4173520,0.0588235294117645
20081203,0.17,0.19,0.17,0.19,5390120,0.05555555555555558
20081204,0.19,0.2,0.17,0.18,4292160,-0.052631578947368474
20081205,0.17,0.18,0.17,0.18,4001720,0.0
20081208,0.19,0.19,0.17,0.18,6575040,0.0
20081209,0.18,0.2,0.17,0.2,7325200,0.11111111111111116
20081210,0.2,0.22,0.2,0.21,9210440,0.04999999999999982
20081211,0.21,0.22,0.2,0.2,5366000,-0.04761904761904756
20081212,0.2,0.22,0.19,0.22,6340360,0.09999999999999987
20081215,0.21,0.22,0.2,0.21,4554640,-0.045454545454545525
20081216,0.21,0.22,0.21,0.22,4669680,0.04761904761904767
20081217,0.22,0.24,0.22,0.23,6350960,0.045454545454545414
20081218,0.23,0.23,0.21,0.21,5122680,-0.08695652173913049
20081219,0.21,0.22,0.21,0.21,4578680,0.0
20081222,0.22,0.22,0.19,0.2,4913160,-0.04761904761904756
20081223,0.2,0.21,0.19,0.2,3641640,0.0
20081224,0.19,0.2,0.19,0.19,1370640,-0.050000000000000044
20081226,0.19,0.2,0.18,0.19,2180320,0.0
20081229,0.19,0.19,0.18,0.19,4387080,0.0
20081230,0.2,0.2,0.19,0.2,3800800,0.05263157894736836
20081231,0.2,0.21,0.19,0.2,3984720,0.0
20090102,0.2,0.22,0.2,0.22,4566400,0.09999999999999987
20090105,0.22,0.23,0.21,0.22,6499320,0.0
20090106,0.23,0.24,0.22,0.23,6352800,0.045454545454545414
20090107,0.22,0.22,0.21,0.22,8221000,-0.0434782608695653
20090108,0.21,0.21,0.2,0.21,9727040,-0.045454545454545525
20090109,0.21,0.21,0.2,0.2,7211960,-0.04761904761904756
20090112,0.2,0.2,0.19,0.19,5932000,-0.050000000000000044
20090113,0.18,0.2,0.18,0.19,16698800,0.0
20090114,0.19,0.19,0.18,0.18,9384960,-0.052631578947368474
20090115,0.19,0.19,0.18,0.19,8963200,0.05555555555555558
20090116,0.2,0.2,0.19,0.2,7759400,0.05263157894736836
20090120,0.2,0.2,0.18,0.18,6683520,-0.10000000000000009
20090121,0.18,0.19,0.18,0.19,6149760,0.05555555555555558
20090122,0.18,0.19,0.18,0.19,5202680,0.0
20090123,0.18,0.2,0.18,0.19,6004800,0.0
20090126,0.2,0.2,0.19,0.2,5549840,0.05263157894736836
20090127,0.2,0.21,0.2,0.21,6562120,0.04999999999999982
20090128,0.22,0.22,0.21,0.22,6954840,0.04761904761904767
20090129,0.21,0.22,0.21,0.21,3895880,-0.045454545454545525
20090130,0.21,0.21,0.2,0.2,4631640,-0.04761904761904756
20090202,0.2,0.21,0.19,0.21,5224160,0.04999999999999982
20090203,0.21,0.21,0.2,0.21,3404000,0.0
20090204,0.21,0.23,0.21,0.22,7457560,0.04761904761904767
20090205,0.21,0.24,0.21,0.23,8765880,0.045454545454545414
20090206,0.24,0.25,0.23,0.25,10624640,0.08695652173913038
20090209,0.25,0.25,0.24,0.24,6852520,-0.040000000000000036
20090210,0.24,0.25,0.23,0.23,10306560,-0.04166666666666663
20090211,0.21,0.22,0.2,0.2,19124120,-0.13043478260869568
20090212,0.2,0.21,0.2,0.21,9779520,0.04999999999999982
20090213,0.2,0.21,0.2,0.21,7453240,0.0
20090217,0.2,0.2,0.2,0.2,7409480,-0.04761904761904756
20090218,0.2,0.21,0.2,0.2,6264760,0.0
20090219,0.2,0.21,0.19,0.19,6942720,-0.050000000000000044
20090220,0.18,0.19,0.18,0.19,7351680,0.0
20090223,0.19,0.19,0.18,0.18,6463640,-0.052631578947368474
20090224,0.18,0.2,0.18,0.2,6334240,0.11111111111111116
20090225,0.2,0.21,0.19,0.2,6921640,0.0
20090226,0.21,0.21,0.2,0.21,11039720,0.04999999999999982
20090227,0.2,0.21,0.2,0.21,7233280,0.0
20090302,0.2,0.21,0.19,0.19,6911360,-0.09523809523809523
20090303,0.19,0.2,0.19,0.2,10095000,0.05263157894736836
20090304,0.2,0.22,0.2,0.21,10767320,0.04999999999999982
20090305,0.21,0.22,0.21,0.21,9311280,0.0
20090306,0.21,0.22,0.2,0.21,9465720,0.0
20090309,0.21,0.22,0.21,0.21,6694440,0.0
20090310,0.22,0.23,0.21,0.23,12094280,0.09523809523809534
20090311,0.23,0.23,0.22,0.23,8479640,0.0
20090312,0.23,0.25,0.23,0.25,15495280,0.08695652173913038
20090313,0.24,0.25,0.24,0.25,11831280,0.0
20090316,0.25,0.25,0.23,0.24,6874280,-0.040000000000000036
20090317,0.24,0.25,0.23,0.25,9846360,0.04166666666666674
20090318,0.24,0.26,0.24,0.26,13446680,0.040000000000000036
20090319,0.26,0.26,0.25,0.25,8062120,-0.03846153846153855
20090320,0.26,0.26,0.23,0.24,10754280,-0.040000000000000036
20090323,0.25,0.26,0.24,0.26,7963120,0.08333333333333348
20090324,0.25,0.25,0.24,0.24,10755960,-0.07692307692307698
20090325,0.25,0.26,0.24,0.25,12141520,0.04166666666666674
20090326,0.25,0.27,0.25,0.26,13077040,0.040000000000000036
20090327,0.26,0.27,0.26,0.26,7167760,0.0
20090330,0.25,0.25,0.24,0.24,7699040,-0.07692307692307698
20090331,0.25,0.25,0.24,0.25,7839640,0.04166666666666674
20090401,0.24,0.26,0.23,0.25,8496400,0.0
20090402,0.26,0.27,0.26,0.26,9623320,0.040000000000000036
20090403,0.27,0.29,0.26,0.28,9895880,0.0769230769230771
20090406,0.28,0.29,0.27,0.28,8761320,0.0
20090407,0.28,0.28,0.27,0.27,5969640,-0.0357142857142857
20090408,0.28,0.29,0.27,0.29,7195200,0.07407407407407396
20090409,0.29,0.3,0.29,0.3,8920680,0.034482758620689724
20090413,0.3,0.3,0.28,0.29,7573280,-0.033333333333333326
20090414,0.29,0.3,0.28,0.29,6970120,0.0
20090415,0.28,0.29,0.27,0.28,10239240,-0.0344827586206895
20090416,0.29,0.3,0.28,0.29,10164880,0.03571428571428559
20090417,0.29,0.3,0.29,0.29,6718600,0.0
20090420,0.28,0.29,0.27,0.28,5495200,-0.0344827586206895
20090421,0.27,0.29,0.27,0.28,8901360,0.0
20090422,0.27,0.3,0.27,0.28,8635160,0.0
20090423,0.29,0.29,0.27,0.28,7279560,0.0
20090424,0.28,0.29,0.28,0.29,7335320,0.03571428571428559
20090427,0.28,0.29,0.27,0.28,7591920,-0.0344827586206895
20090428,0.27,0.28,0.27,0.28,6038040,0.0
20090429,0.28,0.28,0.27,0.27,8344200,-0.0357142857142857
20090430,0.28,0.3,0.28,0.29,10627120,0.07407407407407396
20090501,0.29,0.3,0.29,0.29,8023200,0.0
20090504,0.29,0.31,0.29,0.31,8947360,0.06896551724137945
20090505,0.3,0.3,0.29,0.3,8123280,-0.032258064516129115
20090506,0.3,0.3,0.28,0.29,9033600,-0.033333333333333326
20090507,0.3,0.3,0.26,0.27,11563800,-0.06896551724137923
20090508,0.26,0.26,0.23,0.23,27632280,-0.14814814814814814
20090511,0.23,0.24,0.23,0.24,10036680,0.04347826086956519
20090512,0.24,0.24,0.22,0.22,11542240,-0.08333333333333326
20090513,0.22,0.22,0.21,0.21,12128640,-0.045454545454545525
20090514,0.21,0.22,0.21,0.21,9580520,0.0
20090515,0.21,0.23,0.21,0.22,7419360,0.04761904761904767
20090518,0.22,0.23,0.22,0.23,8919120,0.045454545454545414
20090519,0.23,0.24,0.23,0.24,8268960,0.04347826086956519
20090520,0.24,0.26,0.24,0.24,12622120,0.0
20090521,0.24,0.25,0.24,0.24,9255160,0.0
20090522,0.24,0.25,0.24,0.25,6982000,0.04166666666666674
20090526,0.24,0.26,0.24,0.26,8204920,0.040000000000000036
20090527,0.26,0.27,0.26,0.26,7876080,0.0
20090528,0.26,0.27,0.25,0.26,9687920,0.0
20090529,0.26,0.26,0.25,0.26,7730960,0.0
20090601,0.26,0.28,0.26,0.27,9853600,0.03846153846153855
20090602,0.27,0.28,0.27,0.27,8786440,0.0
20090603,0.27,0.27,0.26,0.26,6965760,-0.03703703703703709
20090604,0.26,0.27,0.26,0.27,6373600,0.03846153846153855
20090605,0.27,0.28,0.27,0.27,5430120,0.0
20090608,0.27,0.27,0.26,0.27,4499360,0.0
20090609,0.27,0.29,0.27,0.28,6881800,0.03703703703703698
20090610,0.29,0.29,0.28,0.29,7461200,0.03571428571428559
20090611,0.29,0.31,0.29,0.29,7990400,0.0
20090612,0.28,0.29,0.28,0.29,5685600,0.0
20090615,0.28,0.29,0.28,0.28,4140160,-0.0344827586206895
20090616,0.28,0.29,0.27,0.28,5701440,0.0
20090617,0.28,0.28,0.27,0.28,7548960,0.0
20090618,0.28,0.29,0.27,0.28,5435120,0.0
20090619,0.28,0.29,0.28,0.28,6715800,0.0
20090622,0.28,0.28,0.26,0.26,5363480,-0.07142857142857151
20090623,0.27,0.27,0.25,0.26,5625680,0.0
20090624,0.27,0.28,0.27,0.27,4924520,0.03846153846153855
20090625,0.27,0.29,0.27,0.29,8171400,0.07407407407407396
20090626,0.29,0.29,0.28,0.29,4574720,0.0
20090629,0.29,0.29,0.29,0.29,4661600,0.0
20090630,0.29,0.29,0.28,0.28,5437960,-0.0344827586206895
20090701,0.28,0.29,0.28,0.28,6646000,0.0
20090702,0.27,0.28,0.27,0.27,5168520,-0.0357142857142857
20090706,0.27,0.27,0.26,0.26,7034080,-0.03703703703703709
20090707,0.26,0.27,0.25,0.25,10182720,-0.03846153846153855
20090708,0.25,0.25,0.24,0.25,11665320,0.0
20090709,0.26,0.26,0.26,0.26,6860760,0.040000000000000036
20090710,0.26,0.26,0.25,0.26,4976040,0.0
20090713,0.26,0.26,0.25,0.26,5116520,0.0
20090714,0.27,0.27,0.26,0.27,4138840,0.03846153846153855
20090715,0.28,0.28,0.28,0.28,9686280,0.03703703703703698
20090716,0.28,0.29,0.28,0.29,9194360,0.03571428571428559
20090717,0.29,0.3,0.29,0.3,8165520,0.034482758620689724
20090720,0.3,0.31,0.3,0.31,6818520,0.03333333333333344
20090721,0.31,0.31,0.29,0.3,8616960,-0.032258064516129115
20090722,0.29,0.31,0.29,0.31,5569880,0.03333333333333344
20090723,0.31,0.33,0.3,0.33,9656600,0.06451612903225823
20090724,0.32,0.33,0.31,0.32,6287600,-0.030303030303030276
20090727,0.32,0.33,0.32,0.33,6573560,0.03125
20090728,0.32,0.33,0.32,0.33,5456400,0.0
20090729,0.32,0.32,0.32,0.32,3538120,-0.030303030303030276
20090730,0.33,0.33,0.32,0.32,4460080,0.0
20090731,0.32,0.33,0.31,0.32,5050920,0.0
20090803,0.33,0.34,0.32,0.33,4438320,0.03125
20090804,0.33,0.34,0.33,0.33,6709040,0.0
20090805,0.33,0.34,0.33,0.34,5600840,0.030303030303030276
20090806,0.34,0.34,0.33,0.33,8378200,-0.02941176470588236
20090807,0.35,0.36,0.34,0.34,13300040,0.030303030303030276
20090810,0.34,0.35,0.33,0.33,6642200,-0.02941176470588236
20090811,0.33,0.33,0.32,0.32,4634760,-0.030303030303030276
20090812,0.32,0.34,0.32,0.34,6008760,0.0625
20090813,0.34,0.35,0.33,0.35,5359040,0.02941176470588225
20090814,0.35,0.35,0.33,0.34,4004280,-0.02857142857142847
20090817,0.33,0.33,0.32,0.32,4009160,-0.05882352941176472
20090818,0.32,0.34,0.32,0.33,6118720,0.03125
20090819,0.33,0.33,0.33,0.33,5332520,0.0
20090820,0.33,0.34,0.33,0.34,7743560,0.030303030303030276
20090821,0.35,0.35,0.34,0.35,5887200,0.02941176470588225
20090824,0.35,0.35,0.34,0.34,4470960,-0.02857142857142847
20090825,0.34,0.35,0.33,0.34,4213800,0.0
20090826,0.34,0.35,0.34,0.35,4132320,0.02941176470588225
20090827,0.35,0.35,0.34,0.35,5235600,0.0
20090828,0.36,0.38,0.36,0.37,8390920,0.05714285714285716
20090831,0.37,0.37,0.36,0.36,3985320,-0.027027027027027084
20090901,0.36,0.37,0.35,0.35,6982240,-0.02777777777777779
20090902,0.35,0.36,0.35,0.36,3784760,0.028571428571428692
20090903,0.36,0.36,0.35,0.36,5089160,0.0
20090904,0.36,0.38,0.36,0.38,4925560,0.05555555555555558
20090908,0.38,0.39,0.38,0.39,5285560,0.026315789473684292
20090909,0.39,0.4,0.38,0.4,5435920,0.025641025641025772
20090910,0.4,0.41,0.4,0.41,5609480,0.02499999999999991
20090911,0.41,0.41,0.4,0.41,6784640,0.0
20090914,0.4,0.41,0.4,0.4,4634280,-0.024390243902438935
20090915,0.4,0.41,0.4,0.41,5059400,0.02499999999999991
20090916,0.41,0.41,0.39,0.4,6412840,-0.024390243902438935
20090917,0.4,0.4,0.37,0.38,8959000,-0.050000000000000044
20090918,0.38,0.39,0.38,0.38,5710320,0.0
20090921,0.38,0.39,0.37,0.38,5357120,0.0
20090922,0.38,0.38,0.38,0.38,3451200,0.0
20090923,0.38,0.39,0.37,0.37,4610680,-0.02631578947368418
20090924,0.38,0.38,0.37,0.37,5295720,0.0
20090925,0.37,0.37,0.36,0.36,3559880,-0.027027027027027084
20090928,0.37,0.38,0.37,0.37,4354080,0.0277777777777779
20090929,0.37,0.38,0.36,0.36,4426360,-0.027027027027027084
20090930,0.37,0.38,0.36,0.38,8291480,0.05555555555555558
20091001,0.37,0.37,0.35,0.35,9138920,-0.07894736842105265
20091002,0.35,0.35,0.34,0.35,5494000,0.0
20091005,0.35,0.35,0.34,0.34,7193800,-0.02857142857142847
20091006,0.35,0.36,0.35,0.35,7331080,0.02941176470588225
20091007,0.35,0.35,0.34,0.35,4386880,0.0
20091008,0.35,0.35,0.34,0.35,11778360,0.0
20091009,0.35,0.35,0.35,0.35,5978600,0.0
20091012,0.35,0.36,0.35,0.35,4742160,0.0
20091013,0.35,0.36,0.35,0.35,5494320,0.0
20091014,0.36,0.36,0.35,0.35,10304000,0.0
20091015,0.35,0.35,0.34,0.34,10240800,-0.02857142857142847
20091016,0.33,0.34,0.32,0.33,9797000,-0.02941176470588236
20091019,0.33,0.35,0.33,0.34,6772200,0.030303030303030276
20091020,0.35,0.35,0.34,0.34,6356520,0.0
20091021,0.34,0.35,0.33,0.33,4862160,-0.02941176470588236
20091022,0.33,0.34,0.33,0.34,3575360,0.030303030303030276
20091023,0.34,0.34,0.33,0.33,4129400,-0.02941176470588236
20091026,0.33,0.34,0.32,0.32,4669160,-0.030303030303030276
20091027,0.33,0.33,0.31,0.31,5714360,-0.03125
20091028,0.31,0.31,0.3,0.3,7499320,-0.032258064516129115
20091029,0.31,0.32,0.3,0.31,6159480,0.03333333333333344
20091030,0.31,0.31,0.3,0.3,5705680,-0.032258064516129115
20091102,0.3,0.31,0.29,0.3,5749920,0.0
20091103,0.29,0.3,0.29,0.3,8263960,0.0
20091104,0.3,0.31,0.3,0.3,8779680,0.0
20091105,0.3,0.31,0.3,0.31,8060440,0.03333333333333344
20091106,0.33,0.34,0.32,0.33,15785040,0.06451612903225823
20091109,0.33,0.34,0.33,0.34,7686680,0.030303030303030276
20091110,0.34,0.34,0.32,0.33,7561040,-0.02941176470588236
20091111,0.33,0.35,0.33,0.34,8421440,0.030303030303030276
20091112,0.34,0.35,0.34,0.34,4841680,0.0
20091113,0.34,0.34,0.33,0.34,3753240,0.0
20091116,0.34,0.35,0.34,0.34,3813080,0.0
20091117,0.35,0.35,0.34,0.34,3360320,0.0
20091118,0.34,0.34,0.33,0.34,4174160,0.0
20091119,0.33,0.33,0.32,0.32,7974120,-0.05882352941176472
20091120,0.32,0.32,0.32,0.32,4064440,0.0
20091123,0.33,0.33,0.32,0.33,3700800,0.03125
20091124,0.32,0.33,0.32,0.32,3849080,-0.030303030303030276
20091125,0.33,0.33,0.32,0.33,3521800,0.03125
20091127,0.32,0.32,0.31,0.32,2737240,-0.030303030303030276
20091130,0.32,0.33,0.32,0.33,4268160,0.03125
20091201,0.33,0.34,0.33,0.33,4368680,0.0
20091202,0.33,0.34,0.33,0.34,5844440,0.030303030303030276
20091203,0.35,0.35,0.35,0.35,6267160,0.02941176470588225
20091204,0.35,0.36,0.35,0.36,7835720,0.028571428571428692
20091207,0.4,0.41,0.38,0.4,25874120,0.11111111111111116
20091208,0.4,0.4,0.38,0.38,10329760,-0.050000000000000044
20091209,0.39,0.4,0.38,0.39,6418160,0.026315789473684292
20091210,0.4,0.4,0.38,0.39,3952240,0.0
20091211,0.39,0.39,0.38,0.38,3926400,-0.02564102564102566
20091214,0.39,0.39,0.38,0.39,3819440,0.026315789473684292
20091215,0.39,0.4,0.39,0.39,4225480,0.0
20091216,0.41,0.43,0.4,0.42,16014080,0.07692307692307687
20091217,0.42,0.44,0.41,0.42,9817560,0.0
20091218,0.42,0.43,0.42,0.42,6953560,0.0
20091221,0.42,0.44,0.42,0.44,4001600,0.04761904761904767
20091222,0.43,0.45,0.43,0.45,7467600,0.022727272727272707
20091223,0.45,0.45,0.45,0.45,4217600,0.0
20091224,0.45,0.46,0.45,0.45,1315440,0.0
20091228,0.45,0.46,0.44,0.45,4494920,0.0
20091229,0.44,0.45,0.44,0.45,3744400,0.0
20091230,0.45,0.47,0.45,0.47,6811240,0.04444444444444429
20091231,0.47,0.47,0.47,0.47,6669720,0.0
20100104,0.46,0.47,0.45,0.46,7633600,-0.02127659574468077
20100105,0.46,0.47,0.46,0.47,6997240,0.021739130434782483
20100106,0.47,0.47,0.46,0.47,6160680,0.0
20100107,0.47,0.47,0.46,0.46,5236480,-0.02127659574468077
20100108,0.46,0.47,0.46,0.46,4576000,0.0
20100111,0.47,0.47,0.45,0.46,5377400,0.0
20100112,0.45,0.45,0.43,0.44,5938960,-0.0434782608695653
20100113,0.45,0.45,0.43,0.45,4907680,0.022727272727272707
20100114,0.44,0.45,0.43,0.44,5768600,-0.022222222222222254
20100115,0.44,0.44,0.42,0.43,7838400,-0.022727272727272707
20100119,0.43,0.44,0.42,0.44,5156160,0.023255813953488413
20100120,0.43,0.44,0.42,0.43,7042800,-0.022727272727272707
20100121,0.43,0.44,0.42,0.43,5756880,0.0
20100122,0.42,0.43,0.41,0.41,10435200,-0.04651162790697683
20100125,0.42,0.43,0.42,0.42,6131640,0.024390243902439046
20100126,0.42,0.42,0.4,0.41,6828720,-0.023809523809523836
20100127,0.4,0.42,0.4,0.42,7894360,0.024390243902439046
20100128,0.42,0.42,0.4,0.4,6524280,-0.04761904761904756
20100129,0.41,0.41,0.38,0.38,7347880,-0.050000000000000044
20100201,0.38,0.42,0.38,0.41,8960960,0.07894736842105265
20100202,0.41,0.42,0.41,0.42,8171080,0.024390243902439046
20100203,0.41,0.42,0.41,0.42,5403960,0.0
20100204,0.42,0.42,0.39,0.4,7157040,-0.04761904761904756
20100205,0.4,0.41,0.39,0.41,5802040,0.02499999999999991
20100208,0.4,0.41,0.4,0.4,4288680,-0.024390243902438935
20100209,0.41,0.41,0.4,0.4,9056240,0.0
20100210,0.4,0.41,0.4,0.41,5090240,0.02499999999999991
20100211,0.42,0.43,0.41,0.43,6573680,0.04878048780487809
20100212,0.43,0.44,0.42,0.43,7221680,0.0
20100216,0.44,0.44,0.43,0.44,4360680,0.023255813953488413
20100217,0.45,0.45,0.43,0.45,7945840,0.022727272727272707
20100218,0.42,0.42,0.41,0.42,14223120,-0.06666666666666676
20100219,0.42,0.42,0.41,0.41,4858440,-0.023809523809523836
20100222,0.42,0.42,0.41,0.42,4399360,0.024390243902439046
20100223,0.42,0.42,0.4,0.41,4726920,-0.023809523809523836
20100224,0.41,0.42,0.41,0.41,4290720,0.0
20100225,0.4,0.41,0.39,0.41,5637040,0.0
20100226,0.41,0.41,0.4,0.4,3614160,-0.024390243902438935
20100301,0.41,0.42,0.4,0.42,5188560,0.04999999999999982
20100302,0.43,0.43,0.42,0.42,3936840,0.0
20100303,0.42,0.43,0.41,0.42,3868560,0.0
20100304,0.42,0.42,0.41,0.42,5372800,0.0
20100305,0.42,0.43,0.41,0.43,5933280,0.023809523809523725
20100308,0.43,0.43,0.42,0.42,4226680,-0.023255813953488413
20100309,0.43,0.44,0.43,0.44,7876600,0.04761904761904767
20100310,0.44,0.44,0.44,0.44,4035360,0.0
20100311,0.44,0.44,0.43,0.43,5212920,-0.022727272727272707
20100312,0.43,0.44,0.43,0.43,4983360,0.0
20100315,0.43,0.43,0.43,0.43,3410560,0.0
20100316,0.43,0.45,0.43,0.44,6355520,0.023255813953488413
20100317,0.45,0.46,0.45,0.45,6190040,0.022727272727272707
20100318,0.45,0.45,0.43,0.44,7211600,-0.022222222222222254
20100319,0.44,0.44,0.43,0.43,5330880,-0.022727272727272707
20100322,0.43,0.44,0.43,0.44,4181680,0.023255813953488413
20100323,0.44,0.45,0.44,0.45,4738280,0.022727272727272707
20100324,0.44,0.44,0.43,0.43,4230360,-0.04444444444444451
20100325,0.44,0.44,0.43,0.43,4755800,0.0
20100326,0.44,0.44,0.43,0.43,3339840,0.0
20100329,0.44,0.44,0.43,0.44,3727400,0.023255813953488413
20100330,0.44,0.45,0.43,0.44,2846280,0.0
20100331,0.44,0.44,0.43,0.43,3556440,-0.022727272727272707
20100401,0.44,0.44,0.43,0.43,3222720,0.0
20100405,0.43,0.44,0.43,0.44,3059480,0.023255813953488413
20100406,0.43,0.43,0.42,0.43,7893760,-0.022727272727272707
20100407,0.42,0.44,0.42,0.43,7918840,0.0
20100408,0.43,0.43,0.42,0.42,9952080,-0.023255813953488413
20100409,0.42,0.43,0.42,0.42,7844600,0.0
20100412,0.43,0.43,0.42,0.43,5020160,0.023809523809523725
20100413,0.43,0.44,0.43,0.44,6022320,0.023255813953488413
20100414,0.45,0.45,0.44,0.45,8631040,0.022727272727272707
20100415,0.45,0.45,0.44,0.45,9190400,0.0
20100416,0.43,0.43,0.42,0.43,18543560,-0.04444444444444451
20100419,0.42,0.43,0.41,0.42,10268520,-0.023255813953488413
20100420,0.43,0.43,0.42,0.43,6446880,0.023809523809523725
20100421,0.43,0.43,0.41,0.42,8727840,-0.023255813953488413
20100422,0.41,0.42,0.4,0.42,6355280,0.0
20100423,0.42,0.42,0.4,0.41,7071920,-0.023809523809523836
20100426,0.41,0.42,0.41,0.42,4751120,0.024390243902439046
20100427,0.41,0.42,0.4,0.4,5897800,-0.04761904761904756
20100428,0.4,0.41,0.4,0.4,6514520,0.0
20100429,0.41,0.42,0.4,0.42,9399400,0.04999999999999982
20100430,0.41,0.41,0.39,0.39,10100040,-0.0714285714285714
20100503,0.39,0.4,0.38,0.39,10328520,0.0
20100504,0.38,0.38,0.36,0.37,12698040,-0.05128205128205132
20100505,0.36,0.37,0.36,0.36,11887640,-0.027027027027027084
20100506,0.36,0.37,0.33,0.36,9567640,0.0
20100507,0.36,0.36,0.34,0.35,11193600,-0.02777777777777779
20100510,0.37,0.37,0.36,0.36,9463120,0.028571428571428692
20100511,0.36,0.37,0.36,0.36,7943680,0.0
20100512,0.36,0.37,0.36,0.37,8589320,0.0277777777777779
20100513,0.37,0.38,0.36,0.37,11071840,0.0
20100514,0.34,0.34,0.32,0.32,23425560,-0.1351351351351351
20100517,0.32,0.33,0.31,0.32,8236800,0.0
20100518,0.33,0.33,0.31,0.31,6441000,-0.03125
20100519,0.31,0.32,0.31,0.32,7986920,0.032258064516129004
20100520,0.31,0.32,0.3,0.31,10849800,-0.03125
20100521,0.3,0.33,0.3,0.32,10396720,0.032258064516129004
20100524,0.32,0.32,0.31,0.31,6498840,-0.03125
20100525,0.3,0.32,0.3,0.32,9412800,0.032258064516129004
20100526,0.33,0.34,0.32,0.32,9434920,0.0
20100527,0.33,0.34,0.33,0.34,6783360,0.0625
20100528,0.34,0.34,0.32,0.33,5096800,-0.02941176470588236
20100601,0.32,0.33,0.31,0.31,4898160,-0.06060606060606066
20100602,0.32,0.32,0.31,0.32,6171720,0.032258064516129004
20100603,0.31,0.32,0.31,0.32,5629920,0.0
20100604,0.31,0.31,0.3,0.3,6471400,-0.0625
20100607,0.3,0.31,0.29,0.29,5399920,-0.033333333333333326
20100608,0.29,0.29,0.27,0.28,9262280,-0.0344827586206895
20100609,0.28,0.29,0.27,0.27,6681600,-0.0357142857142857
20100610,0.28,0.29,0.28,0.28,5856440,0.03703703703703698
20100611,0.28,0.29,0.28,0.29,4140680,0.03571428571428559
20100614,0.29,0.3,0.28,0.28,3635120,-0.0344827586206895
20100615,0.29,0.3,0.29,0.3,5048480,0.0714285714285714
20100616,0.3,0.3,0.29,0.29,3462080,-0.033333333333333326
20100617,0.3,0.31,0.29,0.31,7882840,0.06896551724137945
20100618,0.31,0.31,0.31,0.31,7664520,0.0
20100621,0.31,0.31,0.3,0.3,5527000,-0.032258064516129115
20100622,0.3,0.31,0.29,0.29,7919840,-0.033333333333333326
20100623,0.29,0.3,0.28,0.29,5854440,0.0
20100624,0.29,0.29,0.28,0.28,6925640,-0.0344827586206895
20100625,0.28,0.28,0.27,0.28,4666840,0.0
20100628,0.28,0.28,0.27,0.28,3617800,0.0
20100629,0.27,0.27,0.26,0.26,6285400,-0.07142857142857151
20100630,0.26,0.27,0.26,0.26,5793000,0.0
20100701,0.26,0.26,0.25,0.26,7094040,0.0
20100702,0.26,0.26,0.25,0.26,7126560,0.0
20100706,0.26,0.26,0.25,0.25,6834200,-0.03846153846153855
20100707,0.25,0.27,0.25,0.27,5830800,0.08000000000000007
20100708,0.27,0.27,0.25,0.26,7600720,-0.03703703703703709
20100709,0.26,0.26,0.26,0.26,5467120,0.0
20100712,0.26,0.27,0.26,0.26,5405800,0.0
20100713,0.27,0.27,0.27,0.27,6704320,0.03846153846153855
20100714,0.28,0.29,0.27,0.28,13036120,0.03703703703703698
20100715,0.28,0.28,0.26,0.27,9255680,-0.0357142857142857
20100716,0.27,0.27,0.25,0.25,12516040,-0.07407407407407418
20100719,0.25,0.26,0.25,0.26,7604160,0.040000000000000036
20100720,0.25,0.27,0.25,0.27,11338600,0.03846153846153855
20100721,0.27,0.27,0.26,0.26,6002080,-0.03703703703703709
20100722,0.26,0.27,0.26,0.26,4425680,0.0
20100723,0.26,0.26,0.26,0.26,8002360,0.0
20100726,0.26,0.26,0.25,0.26,6506600,0.0
20100727,0.26,0.27,0.26,0.26,6540720,0.0
20100728,0.26,0.26,0.25,0.25,11150680,-0.03846153846153855
20100729,0.24,0.24,0.23,0.23,23371680,-0.07999999999999996
20100730,0.23,0.23,0.22,0.23,9473640,0.0
20100802,0.23,0.23,0.23,0.23,8655200,0.0
20100803,0.23,0.23,0.22,0.22,9189840,-0.0434782608695653
20100804,0.23,0.23,0.22,0.23,8359240,0.045454545454545414
20100805,0.23,0.24,0.23,0.24,7648880,0.04347826086956519
20100806,0.24,0.24,0.23,0.24,7070280,0.0
20100809,0.24,0.24,0.24,0.24,4368360,0.0
20100810,0.24,0.24,0.23,0.23,7379480,-0.04166666666666663
20100811,0.23,0.23,0.22,0.22,7588280,-0.0434782608695653
20100812,0.22,0.23,0.22,0.22,11237120,0.0
20100813,0.23,0.24,0.23,0.23,16500680,0.045454545454545414
20100816,0.23,0.24,0.23,0.23,7573560,0.0
20100817,0.23,0.24,0.23,0.23,4556600,0.0
20100818,0.23,0.24,0.23,0.23,3264680,0.0
20100819,0.24,0.25,0.23,0.25,14796920,0.08695652173913038
20100820,0.25,0.26,0.25,0.25,12559160,0.0
20100823,0.25,0.26,0.24,0.25,7152240,0.0
20100824,0.24,0.25,0.24,0.24,6032320,-0.040000000000000036
20100825,0.24,0.25,0.24,0.25,7094000,0.04166666666666674
20100826,0.25,0.25,0.25,0.25,6242240,0.0
20100827,0.25,0.26,0.24,0.25,10385520,0.0
20100830,0.25,0.25,0.24,0.24,5836600,-0.040000000000000036
20100831,0.24,0.25,0.23,0.23,8688040,-0.04166666666666663
20100901,0.24,0.24,0.23,0.24,8175400,0.04347826086956519
20100902,0.24,0.24,0.23,0.24,5728920,0.0
20100903,0.24,0.25,0.24,0.25,5383400,0.04166666666666674
20100907,0.25,0.26,0.25,0.25,8671800,0.0
20100908,0.25,0.26,0.25,0.26,11252480,0.040000000000000036
20100909,0.26,0.26,0.25,0.25,6723520,-0.03846153846153855
20100910,0.26,0.26,0.25,0.25,5640640,0.0
20100913,0.26,0.27,0.26,0.27,9609360,0.08000000000000007
20100914,0.26,0.27,0.26,0.26,6739640,-0.03703703703703709
20100915,0.26,0.26,0.26,0.26,5373760,0.0
20100916,0.26,0.27,0.26,0.26,3415320,0.0
20100917,0.27,0.27,0.26,0.26,3661520,0.0
20100920,0.26,0.27,0.26,0.27,4212040,0.03846153846153855
20100921,0.27,0.29,0.27,0.28,17424720,0.03703703703703698
20100922,0.28,0.29,0.28,0.28,9743280,0.0
20100923,0.29,0.3,0.29,0.29,11794360,0.03571428571428559
20100924,0.3,0.31,0.29,0.31,10493080,0.06896551724137945
20100927,0.31,0.31,0.3,0.3,9678240,-0.032258064516129115
20100928,0.3,0.3,0.29,0.3,6948640,0.0
20100929,0.3,0.31,0.29,0.3,9244760,0.0
20100930,0.3,0.3,0.29,0.29,7323680,-0.033333333333333326
20101001,0.3,0.3,0.28,0.28,9672480,-0.0344827586206895
20101004,0.28,0.29,0.28,0.28,7209440,0.0
20101005,0.29,0.29,0.28,0.28,7233440,0.0
20101006,0.28,0.28,0.27,0.27,10201520,-0.0357142857142857
20101007,0.27,0.27,0.26,0.27,7421120,0.0
20101008,0.27,0.27,0.26,0.27,6731680,0.0
20101011,0.27,0.28,0.27,0.27,4313280,0.0
20101012,0.27,0.28,0.27,0.28,5549560,0.03703703703703698
20101013,0.28,0.29,0.28,0.28,9300160,0.0
20101014,0.28,0.28,0.28,0.28,5526080,0.0
20101015,0.28,0.29,0.28,0.28,6140720,0.0
20101018,0.28,0.29,0.28,0.28,4338280,0.0
20101019,0.28,0.28,0.28,0.28,8386080,0.0
20101020,0.28,0.29,0.28,0.28,7491400,0.0
20101021,0.28,0.28,0.27,0.28,9927520,0.0
20101022,0.28,0.3,0.28,0.3,12760200,0.0714285714285714
20101025,0.3,0.3,0.29,0.3,6289400,0.0
20101026,0.3,0.3,0.29,0.3,6604320,0.0
20101027,0.29,0.3,0.29,0.3,4786480,0.0
20101028,0.31,0.31,0.3,0.3,6857320,0.0
20101029,0.3,0.3,0.3,0.3,4411440,0.0
20101101,0.3,0.31,0.3,0.3,4561880,0.0
20101102,0.3,0.31,0.3,0.31,5644640,0.03333333333333344
20101103,0.31,0.31,0.3,0.31,6524440,0.0
20101104,0.31,0.32,0.31,0.31,6707880,0.0
20101105,0.31,0.32,0.31,0.32,7064520,0.032258064516129004
20101108,0.31,0.32,0.31,0.32,5761560,0.0
20101109,0.32,0.32,0.31,0.31,6009440,-0.03125
20101110,0.32,0.32,0.31,0.32,5037400,0.032258064516129004
20101111,0.31,0.32,0.31,0.32,10018040,0.0
20101112,0.33,0.34,0.33,0.33,20480440,0.03125
20101115,0.33,0.34,0.33,0.33,6862840,0.0
20101116,0.32,0.33,0.32,0.32,6838160,-0.030303030303030276
20101117,0.32,0.33,0.31,0.32,5198800,0.0
20101118,0.33,0.34,0.33,0.33,9629720,0.03125
20101119,0.33,0.35,0.33,0.34,6946520,0.030303030303030276
20101122,0.34,0.35,0.34,0.34,4405720,0.0
20101123,0.34,0.34,0.33,0.34,4333640,0.0
20101124,0.34,0.35,0.34,0.34,3739640,0.0
20101126,0.34,0.35,0.34,0.34,1320880,0.0
20101129,0.34,0.35,0.34,0.34,4267000,0.0
20101130,0.34,0.34,0.33,0.34,6763080,0.0
20101201,0.35,0.36,0.35,0.36,5932200,0.0588235294117645
20101202,0.36,0.36,0.36,0.36,5008080,0.0
20101203,0.36,0.37,0.36,0.37,5784120,0.0277777777777779
20101206,0.37,0.37,0.36,0.36,4244280,-0.027027027027027084
20101207,0.37,0.38,0.37,0.37,9572080,0.0277777777777779
20101208,0.37,0.38,0.37,0.38,5127000,0.027027027027026973
20101209,0.37,0.37,0.36,0.37,8813360,-0.02631578947368418
20101210,0.37,0.38,0.37,0.37,4283360,0.0
20101213,0.38,0.38,0.36,0.36,5763480,-0.027027027027027084
20101214,0.37,0.38,0.36,0.36,7160680,0.0
20101215,0.37,0.37,0.36,0.36,5557880,0.0
20101216,0.36,0.36,0.36,0.36,6078800,0.0
20101217,0.36,0.36,0.35,0.36,4748640,0.0
20101220,0.36,0.36,0.36,0.36,3269920,0.0
20101221,0.36,0.37,0.36,0.37,4339640,0.0277777777777779
20101222,0.37,0.38,0.37,0.38,4595280,0.027027027027026973
20101223,0.38,0.38,0.37,0.37,2615720,-0.02631578947368418
20101227,0.37,0.38,0.37,0.38,2489920,0.027027027027026973
20101228,0.38,0.38,0.37,0.37,1837200,-0.02631578947368418
20101229,0.37,0.38,0.37,0.37,1685720,0.0
20101230,0.37,0.38,0.37,0.37,1611480,0.0
20101231,0.38,0.39,0.37,0.39,3746840,0.05405405405405417
20110103,0.39,0.4,0.39,0.4,7331640,0.025641025641025772
20110104,0.4,0.4,0.39,0.39,6253840,-0.025000000000000022
20110105,0.4,0.43,0.4,0.42,13547720,0.07692307692307687
20110106,0.43,0.48,0.43,0.48,32314680,0.1428571428571428
20110107,0.48,0.5,0.47,0.5,24576920,0.04166666666666674
20110110,0.49,0.52,0.48,0.52,15698600,0.040000000000000036
20110111,0.52,0.53,0.5,0.51,25741920,-0.019230769230769273
20110112,0.51,0.58,0.51,0.58,33413560,0.13725490196078427
20110113,0.58,0.6,0.56,0.58,26255840,0.0
20110114,0.57,0.6,0.57,0.59,15512440,0.01724137931034475
20110118,0.58,0.59,0.56,0.58,17472240,-0.016949152542372947
20110119,0.58,0.59,0.56,0.56,11533360,-0.0344827586206895
20110120,0.55,0.56,0.54,0.56,10727720,0.0
20110121,0.57,0.57,0.55,0.56,6939680,0.0
20110124,0.58,0.63,0.57,0.62,19985720,0.10714285714285698
20110125,0.62,0.62,0.6,0.6,10465960,-0.032258064516129115
20110126,0.61,0.63,0.6,0.61,10342400,0.016666666666666607
20110127,0.62,0.62,0.6,0.61,6388400,0.0
20110128,0.61,0.62,0.58,0.59,10616200,-0.032786885245901676
20110131,0.6,0.61,0.59,0.6,6987920,0.016949152542372836
20110201,0.6,0.62,0.6,0.61,6278920,0.016666666666666607
20110202,0.61,0.65,0.61,0.64,15695000,0.049180327868852514
20110203,0.64,0.64,0.61,0.63,10040200,-0.015625
20110204,0.64,0.65,0.63,0.64,8311360,0.015873015873015817
20110207,0.63,0.64,0.61,0.62,9071880,-0.03125
20110208,0.62,0.62,0.59,0.6,9972720,-0.032258064516129115
20110209,0.6,0.61,0.57,0.58,12404480,-0.033333333333333326
20110210,0.57,0.58,0.57,0.57,10055280,-0.017241379310344862
20110211,0.57,0.61,0.56,0.59,13266200,0.03508771929824572
20110214,0.59,0.61,0.58,0.58,12378480,-0.016949152542372947
20110215,0.58,0.58,0.56,0.56,7982720,-0.0344827586206895
20110216,0.57,0.59,0.57,0.58,10921720,0.03571428571428559
20110217,0.57,0.65,0.57,0.64,33663840,0.10344827586206917
20110218,0.64,0.65,0.63,0.64,13405080,0.0
20110222,0.62,0.62,0.58,0.58,13403200,-0.09375000000000011
20110223,0.58,0.59,0.54,0.55,14423240,-0.051724137931034364
20110224,0.56,0.58,0.55,0.57,12146120,0.036363636363636154
20110225,0.58,0.59,0.57,0.58,7357400,0.01754385964912286
20110228,0.59,0.59,0.55,0.57,8534440,-0.017241379310344862
20110301,0.57,0.57,0.54,0.54,9361840,-0.05263157894736825
20110302,0.54,0.55,0.51,0.52,16550040,-0.03703703703703709
20110303,0.53,0.53,0.51,0.52,14941200,0.0
20110304,0.52,0.53,0.51,0.52,9151480,0.0
20110307,0.52,0.52,0.5,0.51,9804680,-0.019230769230769273
20110308,0.52,0.52,0.48,0.49,18799440,-0.03921568627450989
20110309,0.49,0.49,0.47,0.48,12855160,-0.020408163265306145
20110310,0.47,0.47,0.45,0.45,16671400,-0.06249999999999989
20110311,0.45,0.46,0.44,0.45,14368400,0.0
20110314,0.45,0.47,0.45,0.45,9624080,0.0
20110315,0.43,0.45,0.43,0.44,11688480,-0.022222222222222254
20110316,0.44,0.46,0.43,0.44,14305160,0.0
20110317,0.45,0.45,0.43,0.45,12051120,0.022727272727272707
20110318,0.45,0.45,0.44,0.44,7723760,-0.022222222222222254
20110321,0.45,0.45,0.44,0.44,7221160,0.0
20110322,0.44,0.45,0.43,0.44,6891960,0.0
20110323,0.44,0.45,0.43,0.45,7588080,0.022727272727272707
20110324,0.45,0.49,0.45,0.48,17221720,0.06666666666666665
20110325,0.48,0.49,0.47,0.47,11614120,-0.02083333333333337
20110328,0.48,0.49,0.47,0.48,11532280,0.02127659574468077
20110329,0.48,0.48,0.47,0.48,6859600,0.0
20110330,0.48,0.49,0.46,0.46,11457440,-0.04166666666666663
20110331,0.46,0.47,0.45,0.46,6062240,0.0
20110401,0.47,0.47,0.45,0.45,8039840,-0.021739130434782594
20110404,0.45,0.46,0.44,0.44,8718440,-0.022222222222222254
20110405,0.45,0.45,0.44,0.44,7885160,0.0
20110406,0.44,0.44,0.43,0.44,8045520,0.0
20110407,0.44,0.46,0.44,0.45,9695960,0.022727272727272707
20110408,0.46,0.46,0.44,0.44,7163760,-0.022222222222222254
20110411,0.44,0.44,0.43,0.43,5107080,-0.022727272727272707
20110412,0.43,0.44,0.42,0.43,8147280,0.0
20110413,0.44,0.45,0.43,0.44,7184320,0.023255813953488413
20110414,0.44,0.46,0.44,0.46,12198880,0.045454545454545414
20110415,0.46,0.47,0.46,0.47,8902440,0.021739130434782483
20110418,0.46,0.46,0.45,0.45,7180600,-0.04255319148936165
20110419,0.45,0.45,0.44,0.45,6065400,0.0
20110420,0.47,0.47,0.46,0.46,6110320,0.022222222222222143
20110421,0.47,0.47,0.46,0.46,3985160,0.0
20110425,0.47,0.48,0.46,0.47,5960240,0.021739130434782483
20110426,0.47,0.49,0.47,0.48,6316600,0.02127659574468077
20110427,0.49,0.49,0.47,0.48,4337720,0.0
20110428,0.48,0.5,0.48,0.49,6389720,0.02083333333333326
20110429,0.49,0.51,0.49,0.5,7064760,0.020408163265306145
20110502,0.51,0.51,0.49,0.49,5828240,-0.020000000000000018
20110503,0.49,0.49,0.46,0.47,7812960,-0.04081632653061229
20110504,0.47,0.48,0.46,0.47,6086560,0.0
20110505,0.46,0.47,0.46,0.47,5218080,0.0
20110506,0.48,0.49,0.47,0.48,8091680,0.02127659574468077
20110509,0.48,0.5,0.48,0.49,6779000,0.02083333333333326
20110510,0.5,0.5,0.49,0.49,6597440,0.0
20110511,0.5,0.5,0.49,0.5,5825840,0.020408163265306145
20110512,0.49,0.51,0.49,0.51,10706120,0.020000000000000018
20110513,0.48,0.48,0.45,0.46,19170360,-0.0980392156862745
20110516,0.46,0.46,0.44,0.44,6965200,-0.0434782608695653
20110517,0.44,0.44,0.43,0.44,13533200,0.0
20110518,0.44,0.45,0.44,0.45,6396640,0.022727272727272707
20110519,0.45,0.45,0.44,0.44,6287840,-0.022222222222222254
20110520,0.44,0.45,0.44,0.45,5552360,0.022727272727272707
20110523,0.44,0.45,0.44,0.45,5634120,0.0
20110524,0.45,0.47,0.45,0.45,6699960,0.0
20110525,0.45,0.46,0.45,0.46,5166840,0.022222222222222143
20110526,0.46,0.47,0.46,0.47,6715800,0.021739130434782483
20110527,0.47,0.49,0.47,0.49,6201400,0.042553191489361764
20110531,0.5,0.5,0.49,0.5,8858440,0.020408163265306145
20110601,0.5,0.5,0.48,0.48,6796400,-0.040000000000000036
20110602,0.48,0.48,0.47,0.48,5854320,0.0
20110603,0.47,0.48,0.46,0.46,5273560,-0.04166666666666663
20110606,0.46,0.47,0.45,0.45,4034320,-0.021739130434782594
20110607,0.46,0.46,0.45,0.45,4121520,0.0
20110608,0.45,0.45,0.44,0.44,5415120,-0.022222222222222254
20110609,0.44,0.44,0.42,0.43,6954160,-0.022727272727272707
20110610,0.43,0.44,0.42,0.43,4681280,0.0
20110613,0.43,0.43,0.42,0.43,5216280,0.0
20110614,0.43,0.44,0.43,0.43,5036960,0.0
20110615,0.42,0.43,0.41,0.42,8857320,-0.023255813953488413
20110616,0.42,0.43,0.4,0.4,9790840,-0.04761904761904756
20110617,0.41,0.41,0.38,0.4,12639280,0.0
20110620,0.39,0.4,0.39,0.39,7206000,-0.025000000000000022
20110621,0.39,0.4,0.39,0.4,6519680,0.025641025641025772
20110622,0.4,0.4,0.39,0.39,6321000,-0.025000000000000022
20110623,0.39,0.41,0.39,0.41,7057480,0.0512820512820511
20110624,0.4,0.41,0.39,0.39,4711560,-0.04878048780487798
20110627,0.39,0.4,0.37,0.39,11068840,0.0
20110628,0.39,0.39,0.38,0.39,6651920,0.0
20110629,0.39,0.4,0.38,0.39,9153080,0.0
20110630,0.39,0.4,0.39,0.4,6061640,0.025641025641025772
20110701,0.4,0.41,0.39,0.4,5128400,0.0
20110705,0.4,0.41,0.39,0.4,5007160,0.0
20110706,0.4,0.4,0.39,0.39,5066560,-0.025000000000000022
20110707,0.39,0.4,0.39,0.39,9194720,0.0
20110708,0.39,0.39,0.38,0.39,5902760,0.0
20110711,0.38,0.38,0.37,0.37,6762480,-0.05128205128205132
20110712,0.37,0.37,0.36,0.37,8291080,0.0
20110713,0.37,0.37,0.36,0.37,6066080,0.0
20110714,0.37,0.37,0.35,0.35,10545680,-0.05405405405405406
20110715,0.35,0.36,0.35,0.35,7984000,0.0
20110718,0.35,0.35,0.34,0.34,7902520,-0.02857142857142847
20110719,0.35,0.36,0.35,0.36,5697920,0.0588235294117645
20110720,0.36,0.36,0.35,0.35,5995560,-0.02777777777777779
20110721,0.35,0.37,0.35,0.37,10894200,0.05714285714285716
20110722,0.37,0.38,0.37,0.38,7096520,0.027027027027026973
20110725,0.37,0.37,0.36,0.37,5486360,-0.02631578947368418
20110726,0.36,0.37,0.35,0.36,6593920,-0.027027027027027084
20110727,0.36,0.36,0.35,0.35,6190480,-0.02777777777777779
20110728,0.35,0.35,0.34,0.35,6213160,0.0
20110729,0.34,0.35,0.34,0.35,6374760,0.0
20110801,0.35,0.37,0.35,0.36,9857240,0.028571428571428692
20110802,0.36,0.38,0.36,0.36,12530920,0.0
20110803,0.36,0.37,0.36,0.37,7383600,0.0277777777777779
20110804,0.36,0.36,0.34,0.34,9334160,-0.08108108108108103
20110805,0.34,0.35,0.32,0.32,12037000,-0.05882352941176472
20110808,0.31,0.32,0.3,0.3,10279240,-0.0625
20110809,0.3,0.32,0.3,0.32,12027640,0.06666666666666665
20110810,0.31,0.32,0.31,0.31,10964520,-0.03125
20110811,0.31,0.34,0.31,0.34,8264760,0.09677419354838723
20110812,0.37,0.37,0.32,0.32,30348080,-0.05882352941176472
20110815,0.33,0.34,0.32,0.33,8267600,0.03125
20110816,0.33,0.34,0.32,0.32,6885280,-0.030303030303030276
20110817,0.33,0.33,0.32,0.32,5392640,0.0
20110818,0.31,0.31,0.3,0.3,7451960,-0.0625
20110819,0.29,0.31,0.29,0.29,7294480,-0.033333333333333326
20110822,0.3,0.31,0.3,0.3,5795640,0.034482758620689724
20110823,0.31,0.33,0.31,0.33,8983600,0.10000000000000009
20110824,0.33,0.33,0.32,0.33,6413840,0.0
20110825,0.32,0.33,0.31,0.31,6677840,-0.06060606060606066
20110826,0.31,0.33,0.31,0.33,6863000,0.06451612903225823
20110829,0.33,0.34,0.33,0.33,5744560,0.0
20110830,0.33,0.34,0.33,0.34,6302560,0.030303030303030276
20110831,0.34,0.35,0.33,0.33,6363160,-0.02941176470588236
20110901,0.34,0.34,0.33,0.33,7335880,0.0
20110902,0.32,0.33,0.32,0.32,4494360,-0.030303030303030276
20110906,0.31,0.33,0.31,0.33,6258640,0.03125
20110907,0.36,0.37,0.35,0.36,14879760,0.09090909090909083
20110908,0.35,0.36,0.35,0.35,8365920,-0.02777777777777779
20110909,0.35,0.36,0.34,0.35,8316640,0.0
20110912,0.34,0.36,0.34,0.36,8780120,0.028571428571428692
20110913,0.36,0.37,0.35,0.36,8125400,0.0
20110914,0.37,0.39,0.37,0.38,14565640,0.05555555555555558
20110915,0.39,0.39,0.38,0.39,7203280,0.026315789473684292
20110916,0.39,0.4,0.38,0.39,12780760,0.0
20110919,0.38,0.38,0.37,0.38,9190080,-0.02564102564102566
20110920,0.38,0.38,0.37,0.37,7417760,-0.02631578947368418
20110921,0.37,0.38,0.36,0.36,6804120,-0.027027027027027084
20110922,0.35,0.35,0.33,0.34,12569840,-0.05555555555555547
20110923,0.34,0.35,0.33,0.34,9619520,0.0
20110926,0.35,0.35,0.33,0.35,9362600,0.02941176470588225
20110927,0.35,0.36,0.34,0.35,7403920,0.0
20110928,0.35,0.36,0.33,0.34,12000680,-0.02857142857142847
20110929,0.34,0.35,0.32,0.33,8390640,-0.02941176470588236
20110930,0.32,0.32,0.31,0.31,6135440,-0.06060606060606066
20111003,0.31,0.32,0.3,0.3,8733360,-0.032258064516129115
20111004,0.29,0.32,0.29,0.32,12997640,0.06666666666666665
20111005,0.32,0.34,0.32,0.33,8197520,0.03125
20111006,0.34,0.35,0.34,0.35,7283520,0.06060606060606055
20111007,0.35,0.36,0.34,0.35,7755600,0.0
20111010,0.36,0.37,0.36,0.37,5055920,0.05714285714285716
20111011,0.37,0.37,0.36,0.37,7834720,0.0
20111012,0.37,0.37,0.37,0.37,5838400,0.0
20111013,0.36,0.39,0.36,0.39,7908440,0.05405405405405417
20111014,0.39,0.4,0.38,0.39,6672640,0.0
20111017,0.39,0.39,0.37,0.37,5792160,-0.05128205128205132
20111018,0.37,0.39,0.37,0.39,5587960,0.05405405405405417
20111019,0.39,0.39,0.38,0.38,5198080,-0.02564102564102566
20111020,0.37,0.37,0.35,0.36,9420160,-0.052631578947368474
20111021,0.36,0.37,0.36,0.36,5922680,0.0
20111024,0.36,0.38,0.36,0.38,5077040,0.05555555555555558
20111025,0.37,0.37,0.36,0.36,5319400,-0.052631578947368474
20111026,0.37,0.37,0.36,0.37,4715240,0.0277777777777779
20111027,0.38,0.39,0.37,0.38,5332960,0.027027027027026973
20111028,0.38,0.39,0.38,0.39,4614560,0.026315789473684292
20111031,0.38,0.38,0.37,0.37,4843040,-0.05128205128205132
20111101,0.36,0.36,0.35,0.35,7590920,-0.05405405405405406
20111102,0.36,0.36,0.34,0.35,9207400,0.0
20111103,0.35,0.37,0.34,0.37,6920480,0.05714285714285716
20111104,0.36,0.37,0.36,0.37,6271720,0.0
20111107,0.37,0.37,0.36,0.37,5680080,0.0
20111108,0.37,0.38,0.37,0.38,5265160,0.027027027027026973
20111109,0.37,0.37,0.36,0.36,5003800,-0.052631578947368474
20111110,0.37,0.37,0.35,0.36,8746800,0.0
20111111,0.37,0.38,0.35,0.37,16657120,0.0277777777777779
20111114,0.37,0.38,0.37,0.37,4763280,0.0
20111115,0.36,0.37,0.36,0.37,4818680,0.0
20111116,0.36,0.37,0.36,0.36,4925720,-0.027027027027027084
20111117,0.36,0.36,0.35,0.35,6177720,-0.02777777777777779
20111118,0.35,0.35,0.34,0.35,4809400,0.0
20111121,0.34,0.37,0.34,0.37,12851720,0.05714285714285716
20111122,0.37,0.38,0.37,0.38,12368680,0.027027027027026973
20111123,0.37,0.38,0.36,0.36,7916880,-0.052631578947368474
20111125,0.36,0.36,0.35,0.35,3949680,-0.02777777777777779
20111128,0.36,0.38,0.36,0.37,6389640,0.05714285714285716
20111129,0.37,0.38,0.37,0.37,5895720,0.0
20111130,0.38,0.39,0.38,0.39,6442040,0.05405405405405417
20111201,0.39,0.4,0.39,0.4,5093600,0.025641025641025772
20111202,0.4,0.4,0.39,0.39,5239800,-0.025000000000000022
20111205,0.4,0.4,0.38,0.39,6110640,0.0
20111206,0.39,0.39,0.38,0.38,5508400,-0.02564102564102566
20111207,0.38,0.38,0.37,0.38,4752200,0.0
20111208,0.38,0.38,0.37,0.37,4688800,-0.02631578947368418
20111209,0.36,0.38,0.36,0.37,5280600,0.0
20111212,0.36,0.37,0.36,0.36,5376600,-0.027027027027027084
20111213,0.37,0.37,0.35,0.35,4903840,-0.02777777777777779
20111214,0.35,0.35,0.34,0.34,5980960,-0.02857142857142847
20111215,0.35,0.35,0.34,0.34,4006920,0.0
20111216,0.34,0.35,0.34,0.34,5211520,0.0
20111219,0.34,0.34,0.33,0.33,4448840,-0.02941176470588236
20111220,0.34,0.35,0.34,0.35,3501480,0.06060606060606055
20111221,0.35,0.35,0.34,0.34,5247120,-0.02857142857142847
20111222,0.34,0.36,0.34,0.36,5492480,0.0588235294117645
20111223,0.36,0.36,0.35,0.35,2348360,-0.02777777777777779
20111227,0.35,0.36,0.35,0.35,1859960,0.0
20111228,0.35,0.35,0.34,0.34,2223240,-0.02857142857142847
20111229,0.35,0.35,0.34,0.35,1973480,0.02941176470588225
20111230,0.35,0.35,0.35,0.35,1677200,0.0
20120103,0.36,0.36,0.35,0.35,4436360,0.0
20120104,0.35,0.36,0.35,0.36,3335760,0.028571428571428692
20120105,0.35,0.37,0.35,0.37,5332760,0.0277777777777779
20120106,0.37,0.37,0.36,0.36,4750400,-0.027027027027027084
20120109,0.36,0.37,0.36,0.36,4798280,0.0
20120110,0.37,0.37,0.36,0.36,5224160,0.0
20120111,0.36,0.36,0.35,0.35,4675200,-0.02777777777777779
20120112,0.36,0.36,0.34,0.35,6129080,0.0
20120113,0.35,0.35,0.34,0.34,4734840,-0.02857142857142847
20120117,0.35,0.35,0.34,0.34,5899400,0.0
20120118,0.34,0.35,0.34,0.35,5875080,0.02941176470588225
20120119,0.35,0.36,0.35,0.36,5797360,0.028571428571428692
20120120,0.36,0.36,0.35,0.36,5149280,0.0
20120123,0.36,0.37,0.35,0.37,5180840,0.0277777777777779
20120124,0.36,0.38,0.36,0.37,6496960,0.0
20120125,0.36,0.37,0.35,0.37,12070080,0.0
20120126,0.38,0.38,0.37,0.37,7541600,0.0
20120127,0.37,0.37,0.36,0.37,4202400,0.0
20120130,0.37,0.37,0.36,0.37,3848240,0.0
20120131,0.37,0.37,0.36,0.37,3098640,0.0
20120201,0.37,0.38,0.37,0.37,4036240,0.0
20120202,0.38,0.39,0.37,0.39,6661280,0.05405405405405417
20120203,0.39,0.4,0.39,0.4,4611720,0.025641025641025772
20120206,0.39,0.39,0.39,0.39,2647760,-0.025000000000000022
20120207,0.39,0.4,0.39,0.39,3875560,0.0
20120208,0.39,0.42,0.39,0.41,8003840,0.0512820512820511
20120209,0.41,0.42,0.41,0.41,5356080,0.0
20120210,0.4,0.4,0.4,0.4,3978560,-0.024390243902438935
20120213,0.41,0.41,0.4,0.4,5879000,0.0
20120214,0.4,0.41,0.4,0.41,3993320,0.02499999999999991
20120215,0.41,0.42,0.4,0.4,9941440,-0.024390243902438935
20120216,0.38,0.41,0.38,0.41,18019280,0.02499999999999991
20120217,0.41,0.41,0.39,0.4,9876040,-0.024390243902438935
20120221,0.4,0.41,0.4,0.4,4989080,0.0
20120222,0.4,0.41,0.4,0.4,4703880,0.0
20120223,0.4,0.4,0.39,0.4,3069720,0.0
20120224,0.4,0.4,0.39,0.39,3450000,-0.025000000000000022
20120227,0.39,0.39,0.38,0.39,7018480,0.0
20120228,0.39,0.39,0.38,0.38,6655000,-0.02564102564102566
20120229,0.38,0.39,0.38,0.38,6191160,0.0
20120301,0.38,0.39,0.38,0.38,4186080,0.0
20120302,0.38,0.39,0.38,0.38,6639600,0.0
20120305,0.38,0.38,0.37,0.37,4984960,-0.02631578947368418
20120306,0.37,0.37,0.36,0.37,4478640,0.0
20120307,0.37,0.37,0.37,0.37,4176480,0.0
20120308,0.37,0.38,0.37,0.37,3739120,0.0
20120309,0.37,0.38,0.37,0.37,3444800,0.0
20120312,0.37,0.37,0.36,0.36,2835000,-0.027027027027027084
20120313,0.37,0.37,0.36,0.37,5053320,0.0277777777777779
20120314,0.37,0.37,0.36,0.36,6867720,-0.027027027027027084
20120315,0.36,0.37,0.36,0.36,3521200,0.0
20120316,0.37,0.37,0.36,0.37,3679760,0.0277777777777779
20120319,0.37,0.37,0.36,0.37,3871040,0.0
20120320,0.36,0.36,0.36,0.36,4189120,-0.027027027027027084
20120321,0.36,0.36,0.36,0.36,4378720,0.0
20120322,0.36,0.36,0.36,0.36,3776200,0.0
20120323,0.36,0.36,0.36,0.36,2965920,0.0
20120326,0.37,0.37,0.36,0.37,2683160,0.0277777777777779
20120327,0.37,0.38,0.37,0.37,3931360,0.0
20120328,0.38,0.38,0.37,0.38,8557640,0.027027027027026973
20120329,0.38,0.38,0.37,0.38,3509480,0.0
20120330,0.38,0.39,0.38,0.38,4821520,0.0
20120402,0.38,0.39,0.38,0.38,3878280,0.0
20120403,0.39,0.39,0.38,0.38,4028240,0.0
20120404,0.37,0.38,0.36,0.37,4649720,-0.02631578947368418
20120405,0.37,0.37,0.36,0.37,2693800,0.0
20120409,0.36,0.36,0.35,0.36,3287000,-0.027027027027027084
20120410,0.36,0.36,0.35,0.35,4190280,-0.02777777777777779
20120411,0.36,0.37,0.36,0.36,3324440,0.028571428571428692
20120412,0.36,0.37,0.36,0.37,3638920,0.0277777777777779
20120413,0.36,0.37,0.35,0.35,2873160,-0.05405405405405406
20120416,0.36,0.36,0.34,0.35,4480080,0.0
20120417,0.35,0.36,0.35,0.35,4219520,0.0
20120418,0.35,0.35,0.34,0.35,3706560,0.0
20120419,0.34,0.36,0.34,0.34,6443920,-0.02857142857142847
20120420,0.34,0.34,0.33,0.33,4787200,-0.02941176470588236
20120423,0.33,0.33,0.32,0.33,6614000,0.0
20120424,0.33,0.33,0.32,0.32,6737000,-0.030303030303030276
20120425,0.33,0.33,0.32,0.33,6946760,0.03125
20120426,0.33,0.33,0.32,0.33,5197680,0.0
20120427,0.33,0.33,0.32,0.32,4331560,-0.030303030303030276
20120430,0.32,0.33,0.32,0.33,2389040,0.03125
20120501,0.32,0.33,0.32,0.33,3929520,0.0
20120502,0.33,0.33,0.32,0.32,6548840,-0.030303030303030276
20120503,0.32,0.32,0.31,0.32,3984800,0.0
20120504,0.31,0.32,0.31,0.31,4953400,-0.03125
20120507,0.31,0.32,0.31,0.31,5473960,0.0
20120508,0.31,0.31,0.3,0.31,3896440,0.0
20120509,0.31,0.32,0.3,0.31,4957760,0.0
20120510,0.32,0.32,0.31,0.31,5759320,0.0
20120511,0.34,0.34,0.33,0.33,12901080,0.06451612903225823
20120514,0.33,0.33,0.32,0.33,4162000,0.0
20120515,0.33,0.34,0.32,0.33,5706680,0.0
20120516,0.33,0.33,0.32,0.32,4509600,-0.030303030303030276
20120517,0.32,0.32,0.32,0.32,3165920,0.0
20120518,0.32,0.32,0.3,0.3,5393720,-0.0625
20120521,0.3,0.31,0.3,0.31,3866080,0.03333333333333344
20120522,0.31,0.31,0.3,0.3,3884360,-0.032258064516129115
20120523,0.3,0.31,0.3,0.31,4666920,0.03333333333333344
20120524,0.31,0.31,0.3,0.3,4996720,-0.032258064516129115
20120525,0.3,0.31,0.3,0.31,3156400,0.03333333333333344
20120529,0.32,0.32,0.31,0.32,2815000,0.032258064516129004
20120530,0.31,0.32,0.31,0.31,3626080,-0.03125
20120531,0.31,0.32,0.31,0.31,3201360,0.0
20120601,0.3,0.31,0.3,0.3,4179160,-0.032258064516129115
20120604,0.3,0.3,0.29,0.29,4115560,-0.033333333333333326
20120605,0.29,0.3,0.29,0.3,3462120,0.034482758620689724
20120606,0.3,0.31,0.3,0.31,3498000,0.03333333333333344
20120607,0.31,0.32,0.3,0.3,4793920,-0.032258064516129115
20120608,0.3,0.3,0.3,0.3,3459080,0.0
20120611,0.31,0.32,0.31,0.31,8083560,0.03333333333333344
20120612,0.31,0.32,0.31,0.31,4781400,0.0
20120613,0.31,0.31,0.3,0.3,4416200,-0.032258064516129115
20120614,0.31,0.31,0.3,0.3,5517200,0.0
20120615,0.3,0.31,0.3,0.31,3072200,0.03333333333333344
20120618,0.31,0.31,0.3,0.31,2854640,0.0
20120619,0.32,0.34,0.32,0.33,8818720,0.06451612903225823
20120620,0.33,0.34,0.33,0.34,9025000,0.030303030303030276
20120621,0.34,0.34,0.32,0.32,4746560,-0.05882352941176472
20120622,0.33,0.33,0.32,0.33,4468800,0.03125
20120625,0.33,0.33,0.31,0.31,4487800,-0.06060606060606066
20120626,0.32,0.32,0.31,0.32,4204520,0.032258064516129004
20120627,0.32,0.33,0.32,0.33,4840440,0.03125
20120628,0.33,0.33,0.32,0.33,5197880,0.0
20120629,0.34,0.35,0.34,0.35,5372840,0.06060606060606055
20120702,0.35,0.35,0.33,0.34,5586080,-0.02857142857142847
20120703,0.34,0.35,0.34,0.35,2046920,0.02941176470588225
20120705,0.34,0.34,0.34,0.34,2577040,-0.02857142857142847
20120706,0.34,0.34,0.33,0.34,3306160,0.0
20120709,0.33,0.33,0.33,0.33,2851800,-0.02941176470588236
20120710,0.33,0.34,0.32,0.32,4610880,-0.030303030303030276
20120711,0.32,0.33,0.31,0.32,4592360,0.0
20120712,0.31,0.31,0.31,0.31,4558080,-0.03125
20120713,0.31,0.32,0.31,0.31,3052520,0.0
20120716,0.31,0.32,0.31,0.32,3093520,0.032258064516129004
20120717,0.32,0.32,0.3,0.31,4330440,-0.03125
20120718,0.31,0.33,0.31,0.33,5897680,0.06451612903225823
20120719,0.33,0.33,0.33,0.33,3768280,0.0
20120720,0.33,0.33,0.32,0.32,4204240,-0.030303030303030276
20120723,0.31,0.33,0.31,0.32,4171600,0.0
20120724,0.33,0.33,0.32,0.32,3270600,0.0
20120725,0.32,0.33,0.32,0.33,3501640,0.03125
20120726,0.33,0.34,0.33,0.33,3222480,0.0
20120727,0.33,0.34,0.33,0.34,3586000,0.030303030303030276
20120730,0.34,0.34,0.33,0.33,3437520,-0.02941176470588236
20120731,0.33,0.34,0.33,0.34,3513480,0.030303030303030276
20120801,0.34,0.34,0.33,0.33,3231800,-0.02941176470588236
20120802,0.33,0.34,0.33,0.34,3520000,0.030303030303030276
20120803,0.34,0.35,0.33,0.34,3087360,0.0
20120806,0.35,0.35,0.35,0.35,3440000,0.02941176470588225
20120807,0.35,0.36,0.35,0.35,3926120,0.0
20120808,0.35,0.36,0.35,0.36,4557280,0.028571428571428692
20120809,0.36,0.37,0.36,0.37,7340880,0.0277777777777779
20120810,0.38,0.38,0.36,0.37,12272560,0.0
20120813,0.37,0.37,0.36,0.37,4275040,0.0
20120814,0.37,0.37,0.36,0.36,3711840,-0.027027027027027084
20120815,0.37,0.37,0.36,0.36,5619320,0.0
20120816,0.37,0.37,0.36,0.37,3487960,0.0277777777777779
20120817,0.37,0.37,0.36,0.37,2938160,0.0
20120820,0.37,0.37,0.36,0.37,2760920,0.0
20120821,0.37,0.37,0.36,0.37,3016800,0.0
20120822,0.36,0.37,0.36,0.37,2990920,0.0
20120823,0.37,0.37,0.36,0.36,3618880,-0.027027027027027084
20120824,0.36,0.37,0.36,0.37,2878360,0.0277777777777779
20120827,0.36,0.37,0.36,0.36,3236880,-0.027027027027027084
20120828,0.36,0.36,0.36,0.36,2956160,0.0
20120829,0.36,0.36,0.36,0.36,2264600,0.0
20120830,0.36,0.36,0.35,0.35,2587680,-0.02777777777777779
20120831,0.35,0.36,0.35,0.35,4398600,0.0
20120904,0.34,0.35,0.33,0.33,6662880,-0.05714285714285705
20120905,0.33,0.34,0.33,0.33,4458000,0.0
20120906,0.34,0.35,0.34,0.34,6229520,0.030303030303030276
20120907,0.33,0.34,0.32,0.34,7423840,0.0
20120910,0.34,0.34,0.33,0.33,3488760,-0.02941176470588236
20120911,0.33,0.34,0.33,0.34,3649680,0.030303030303030276
20120912,0.34,0.34,0.34,0.34,2813280,0.0
20120913,0.34,0.34,0.34,0.34,4086520,0.0
20120914,0.34,0.35,0.34,0.35,3162160,0.02941176470588225
20120917,0.35,0.35,0.33,0.34,4323960,-0.02857142857142847
20120918,0.33,0.34,0.33,0.34,3396680,0.0
20120919,0.34,0.35,0.34,0.34,3652360,0.0
20120920,0.34,0.34,0.34,0.34,3030360,0.0
20120921,0.34,0.34,0.34,0.34,2869080,0.0
20120924,0.34,0.34,0.34,0.34,3265880,0.0
20120925,0.35,0.35,0.33,0.34,4476040,0.0
20120926,0.33,0.33,0.33,0.33,4169800,-0.02941176470588236
20120927,0.33,0.33,0.33,0.33,5355040,0.0
20120928,0.33,0.34,0.33,0.33,4524280,0.0
20121001,0.34,0.34,0.33,0.33,4688200,0.0
20121002,0.33,0.33,0.33,0.33,2754280,0.0
20121003,0.33,0.33,0.32,0.33,3475760,0.0
20121004,0.33,0.34,0.33,0.34,4298040,0.030303030303030276
20121005,0.34,0.35,0.33,0.33,4465120,-0.02941176470588236
20121008,0.33,0.33,0.33,0.33,2282520,0.0
20121009,0.33,0.33,0.32,0.32,3508400,-0.030303030303030276
20121010,0.32,0.32,0.32,0.32,3119600,0.0
20121011,0.32,0.32,0.32,0.32,3059120,0.0
20121012,0.32,0.32,0.31,0.32,2438880,0.0
20121015,0.32,0.32,0.31,0.32,2362800,0.0
20121016,0.32,0.33,0.32,0.33,3403080,0.03125
20121017,0.33,0.33,0.32,0.33,3701320,0.0
20121018,0.33,0.33,0.32,0.32,2433960,-0.030303030303030276
20121019,0.32,0.32,0.3,0.3,6848080,-0.0625
20121022,0.3,0.31,0.3,0.3,4624640,0.0
20121023,0.3,0.31,0.3,0.31,5544680,0.03333333333333344
20121024,0.31,0.31,0.3,0.3,3124960,-0.032258064516129115
20121025,0.31,0.31,0.3,0.3,2866200,0.0
20121026,0.31,0.31,0.3,0.3,3623000,0.0
20121031,0.3,0.31,0.3,0.3,3250800,0.0
20121101,0.3,0.31,0.3,0.31,4407040,0.03333333333333344
20121102,0.32,0.32,0.31,0.31,2359920,0.0
20121105,0.31,0.33,0.31,0.33,4222960,0.06451612903225823
20121106,0.33,0.33,0.32,0.33,3365440,0.0
20121107,0.32,0.32,0.31,0.32,3094280,-0.030303030303030276
20121108,0.32,0.33,0.32,0.32,7839240,0.0
20121109,0.32,0.32,0.3,0.3,8084320,-0.0625
20121112,0.31,0.31,0.3,0.3,6132920,0.0
20121113,0.3,0.3,0.3,0.3,4719360,0.0
20121114,0.3,0.3,0.29,0.29,5779840,-0.033333333333333326
20121115,0.29,0.3,0.29,0.29,4456280,0.0
20121116,0.29,0.29,0.28,0.28,5655720,-0.0344827586206895
20121119,0.29,0.29,0.29,0.29,3727520,0.03571428571428559
20121120,0.29,0.29,0.28,0.29,3176440,0.0
20121121,0.29,0.3,0.29,0.3,3763520,0.034482758620689724
20121123,0.3,0.3,0.3,0.3,2654600,0.0
20121126,0.3,0.3,0.3,0.3,2954040,0.0
20121127,0.3,0.31,0.3,0.3,4212600,0.0
20121128,0.3,0.31,0.3,0.31,3498480,0.03333333333333344
20121129,0.31,0.31,0.3,0.3,4391400,-0.032258064516129115
20121130,0.3,0.3,0.3,0.3,3976080,0.0
20121203,0.3,0.3,0.29,0.29,3774120,-0.033333333333333326
20121204,0.29,0.3,0.29,0.3,5130200,0.034482758620689724
20121205,0.3,0.3,0.29,0.3,6074160,0.0
20121206,0.3,0.3,0.3,0.3,3975520,0.0
20121207,0.3,0.3,0.3,0.3,3235440,0.0
20121210,0.3,0.31,0.3,0.31,4363400,0.03333333333333344
20121211,0.31,0.32,0.31,0.32,7781960,0.032258064516129004
20121212,0.32,0.32,0.31,0.31,3810160,-0.03125
20121213,0.31,0.32,0.31,0.31,3525000,0.0
20121214,0.31,0.32,0.31,0.31,3213440,0.0
20121217,0.31,0.32,0.31,0.31,4165640,0.0
20121218,0.31,0.32,0.31,0.31,3827640,0.0
20121219,0.32,0.32,0.32,0.32,4129320,0.032258064516129004
20121220,0.32,0.32,0.31,0.32,2869560,0.0
20121221,0.31,0.31,0.31,0.31,3855920,-0.03125
20121224,0.31,0.31,0.31,0.31,1165160,0.0
20121226,0.31,0.31,0.3,0.31,1880400,0.0
20121227,0.31,0.31,0.3,0.3,2825400,-0.032258064516129115
20121228,0.3,0.31,0.3,0.3,2028480,0.0
20121231,0.3,0.31,0.3,0.31,3033920,0.03333333333333344
20130102,0.31,0.32,0.31,0.32,4477840,0.032258064516129004
20130103,0.32,0.32,0.31,0.32,2759160,0.0
20130104,0.32,0.33,0.32,0.33,4799000,0.03125
20130107,0.33,0.33,0.32,0.32,5609040,-0.030303030303030276
20130108,0.32,0.32,0.31,0.31,4371640,-0.03125
20130109,0.31,0.32,0.3,0.31,6548800,0.0
20130110,0.31,0.31,0.3,0.31,4792920,0.0
20130111,0.31,0.31,0.3,0.31,4853320,0.0
20130114,0.31,0.31,0.3,0.31,2921640,0.0
20130115,0.3,0.3,0.3,0.3,3562840,-0.032258064516129115
20130116,0.3,0.3,0.3,0.3,3147960,0.0
20130117,0.3,0.31,0.3,0.31,5433560,0.03333333333333344
20130118,0.31,0.31,0.3,0.3,3795160,-0.032258064516129115
20130122,0.3,0.31,0.3,0.3,2894640,0.0
20130123,0.3,0.3,0.3,0.3,4024960,0.0
20130124,0.3,0.31,0.3,0.3,3712720,0.0
20130125,0.31,0.31,0.3,0.31,3739720,0.03333333333333344
20130128,0.31,0.32,0.31,0.32,3972720,0.032258064516129004
20130129,0.31,0.31,0.31,0.31,3712400,-0.03125
20130130,0.31,0.31,0.31,0.31,2706600,0.0
20130131,0.31,0.31,0.3,0.31,4173280,0.0
20130201,0.31,0.31,0.31,0.31,2712560,0.0
20130204,0.31,0.31,0.3,0.3,4755680,-0.032258064516129115
20130205,0.31,0.31,0.3,0.31,3476520,0.03333333333333344
20130206,0.3,0.31,0.3,0.31,5009360,0.0
20130207,0.31,0.31,0.3,0.31,4255200,0.0
20130208,0.31,0.31,0.31,0.31,2906480,0.0
20130211,0.31,0.32,0.31,0.31,3974280,0.0
20130212,0.31,0.31,0.31,0.31,2593400,0.0
20130213,0.31,0.32,0.31,0.31,7846280,0.0
20130214,0.31,0.32,0.3,0.32,8047080,0.032258064516129004
20130215,0.32,0.32,0.31,0.32,7089320,0.0
20130219,0.32,0.32,0.31,0.31,3785040,-0.03125
20130220,0.32,0.32,0.31,0.31,6138440,0.0
20130221,0.31,0.31,0.31,0.31,5131840,0.0
20130222,0.31,0.31,0.31,0.31,3448800,0.0
20130225,0.31,0.32,0.31,0.31,5908360,0.0
20130226,0.31,0.31,0.31,0.31,4562600,0.0
20130227,0.31,0.32,0.31,0.32,4619600,0.032258064516129004
20130228,0.31,0.32,0.31,0.32,5360280,0.0
20130301,0.31,0.32,0.31,0.32,3724120,0.0
20130304,0.32,0.32,0.31,0.32,3322080,0.0
20130305,0.32,0.32,0.32,0.32,3455520,0.0
20130306,0.32,0.33,0.32,0.32,3138800,0.0
20130307,0.32,0.32,0.32,0.32,2972520,0.0
20130308,0.32,0.32,0.32,0.32,2297160,0.0
20130311,0.32,0.32,0.31,0.32,2855880,0.0
20130312,0.32,0.32,0.31,0.32,2933160,0.0
20130313,0.32,0.32,0.32,0.32,4358200,0.0
20130314,0.32,0.32,0.32,0.32,3644640,0.0
20130315,0.32,0.32,0.31,0.32,2991480,0.0
20130318,0.31,0.32,0.31,0.31,2789680,-0.03125
20130319,0.31,0.32,0.31,0.31,3409440,0.0
20130320,0.31,0.32,0.31,0.32,3246760,0.032258064516129004
20130321,0.31,0.31,0.31,0.31,3173560,-0.03125
20130322,0.31,0.31,0.31,0.31,2142200,0.0
20130325,0.31,0.31,0.31,0.31,3461200,0.0
20130326,0.31,0.31,0.31,0.31,2124000,0.0
20130327,0.31,0.32,0.31,0.32,2434920,0.032258064516129004
20130328,0.32,0.32,0.31,0.32,2890600,0.0
20130401,0.32,0.32,0.31,0.31,4231520,-0.03125
20130402,0.31,0.31,0.31,0.31,3508520,0.0
20130403,0.31,0.31,0.3,0.3,3210000,-0.032258064516129115
20130404,0.3,0.31,0.3,0.31,2607680,0.03333333333333344
20130405,0.3,0.31,0.3,0.31,4461360,0.0
20130408,0.31,0.31,0.31,0.31,2966480,0.0
20130409,0.31,0.32,0.31,0.32,3597320,0.032258064516129004
20130410,0.32,0.32,0.32,0.32,3550600,0.0
20130411,0.32,0.32,0.31,0.32,9375960,0.0
20130412,0.32,0.33,0.32,0.33,7400440,0.03125
20130415,0.33,0.33,0.32,0.32,4006880,-0.030303030303030276
20130416,0.32,0.33,0.32,0.32,4332000,0.0
20130417,0.32,0.32,0.32,0.32,5037240,0.0
20130418,0.32,0.32,0.31,0.31,3828880,-0.03125
20130419,0.31,0.32,0.31,0.31,2869680,0.0
20130422,0.31,0.32,0.31,0.31,2315160,0.0
20130423,0.32,0.33,0.32,0.32,3574360,0.032258064516129004
20130424,0.32,0.34,0.32,0.33,5341600,0.03125
20130425,0.34,0.34,0.33,0.34,3342880,0.030303030303030276
20130426,0.34,0.34,0.33,0.34,2918760,0.0
20130429,0.34,0.34,0.33,0.34,2431120,0.0
20130430,0.34,0.34,0.34,0.34,2373440,0.0
20130501,0.34,0.35,0.34,0.34,3178920,0.0
20130502,0.34,0.35,0.34,0.35,2499400,0.02941176470588225
20130503,0.35,0.35,0.35,0.35,2707760,0.0
20130506,0.35,0.35,0.34,0.35,2000720,0.0
20130507,0.35,0.35,0.34,0.34,4111280,-0.02857142857142847
20130508,0.34,0.35,0.34,0.35,2728800,0.02941176470588225
20130509,0.35,0.35,0.34,0.35,5243320,0.0
20130510,0.35,0.37,0.35,0.36,8159680,0.028571428571428692
20130513,0.36,0.36,0.35,0.36,2686360,0.0
20130514,0.36,0.36,0.36,0.36,4092200,0.0
20130515,0.36,0.37,0.36,0.37,2917400,0.0277777777777779
20130516,0.37,0.37,0.36,0.37,2896680,0.0
20130517,0.37,0.37,0.36,0.37,2937960,0.0
20130520,0.37,0.37,0.37,0.37,2153080,0.0
20130521,0.37,0.37,0.37,0.37,2941400,0.0
20130522,0.37,0.37,0.36,0.36,4547560,-0.027027027027027084
20130523,0.36,0.37,0.35,0.37,3746280,0.0277777777777779
20130524,0.36,0.37,0.36,0.36,2295800,-0.027027027027027084
20130528,0.37,0.37,0.36,0.36,2618400,0.0
20130529,0.36,0.36,0.36,0.36,3206240,0.0
20130530,0.36,0.37,0.36,0.37,2630840,0.0277777777777779
20130531,0.36,0.37,0.36,0.36,3008120,-0.027027027027027084
20130603,0.36,0.37,0.35,0.36,4171320,0.0
20130604,0.36,0.37,0.36,0.36,3349960,0.0
20130605,0.36,0.36,0.35,0.35,4335600,-0.02777777777777779
20130606,0.35,0.36,0.35,0.36,2779360,0.028571428571428692
20130607,0.36,0.36,0.36,0.36,2589240,0.0
20130610,0.36,0.36,0.36,0.36,1943680,0.0
20130611,0.36,0.36,0.35,0.35,2713920,-0.02777777777777779
20130612,0.36,0.36,0.35,0.35,2983000,0.0
20130613,0.35,0.36,0.35,0.36,2029040,0.028571428571428692
20130614,0.36,0.36,0.36,0.36,2219480,0.0
20130617,0.36,0.37,0.36,0.36,2340720,0.0
20130618,0.36,0.37,0.36,0.36,4276680,0.0
20130619,0.36,0.39,0.36,0.37,10977040,0.0277777777777779
20130620,0.37,0.37,0.36,0.36,6003040,-0.027027027027027084
20130621,0.36,0.36,0.35,0.36,5591200,0.0
20130624,0.36,0.36,0.35,0.35,4644360,-0.02777777777777779
20130625,0.36,0.36,0.35,0.36,3383520,0.028571428571428692
20130626,0.36,0.36,0.35,0.35,4979400,-0.02777777777777779
20130627,0.35,0.36,0.35,0.35,7209840,0.0
20130628,0.35,0.35,0.35,0.35,3710760,0.0
20130701,0.35,0.35,0.35,0.35,1825560,0.0
20130702,0.35,0.36,0.35,0.35,2217600,0.0
20130703,0.35,0.36,0.35,0.35,1305000,0.0
20130705,0.35,0.36,0.35,0.36,1724480,0.028571428571428692
20130708,0.36,0.36,0.35,0.35,2387680,-0.02777777777777779
20130709,0.36,0.36,0.35,0.36,1468960,0.028571428571428692
20130710,0.36,0.36,0.36,0.36,1955040,0.0
20130711,0.36,0.37,0.36,0.37,2276120,0.0277777777777779
20130712,0.37,0.37,0.36,0.37,2003400,0.0
20130715,0.37,0.37,0.36,0.37,1678600,0.0
20130716,0.37,0.37,0.37,0.37,1502360,0.0
20130717,0.37,0.37,0.36,0.37,1561800,0.0
20130718,0.36,0.37,0.36,0.36,2827360,-0.027027027027027084
20130719,0.36,0.36,0.35,0.36,4565040,0.0
20130722,0.36,0.36,0.35,0.36,2728600,0.0
20130723,0.36,0.36,0.35,0.36,2205160,0.0
20130724,0.36,0.36,0.35,0.36,2669480,0.0
20130725,0.36,0.36,0.35,0.36,2238520,0.0
20130726,0.35,0.36,0.35,0.36,1983280,0.0
20130729,0.35,0.36,0.35,0.35,1631720,-0.02777777777777779
20130730,0.35,0.37,0.35,0.36,2521080,0.028571428571428692
20130731,0.36,0.36,0.36,0.36,2395800,0.0
20130801,0.36,0.37,0.36,0.37,2541280,0.0277777777777779
20130802,0.37,0.37,0.36,0.37,1873480,0.0
20130805,0.37,0.37,0.37,0.37,1717480,0.0
20130806,0.37,0.37,0.36,0.37,1907200,0.0
20130807,0.36,0.37,0.36,0.37,2292800,0.0
20130808,0.37,0.37,0.36,0.37,3114600,0.0
20130809,0.35,0.37,0.35,0.36,8489600,-0.027027027027027084
20130812,0.36,0.36,0.33,0.36,2467280,0.0
20130813,0.36,0.36,0.36,0.36,1798200,0.0
20130814,0.36,0.38,0.36,0.38,7520880,0.05555555555555558
20130815,0.37,0.38,0.37,0.38,7013080,0.0
20130816,0.38,0.39,0.38,0.38,6350040,0.0
20130819,0.38,0.38,0.37,0.37,3744200,-0.02631578947368418
20130820,0.37,0.38,0.37,0.37,2235200,0.0
20130821,0.37,0.38,0.37,0.37,2456000,0.0
20130822,0.37,0.38,0.37,0.37,1199440,0.0
20130823,0.37,0.38,0.37,0.37,2250320,0.0
20130826,0.37,0.38,0.37,0.38,2675920,0.027027027027026973
20130827,0.37,0.37,0.37,0.37,2634360,-0.02631578947368418
20130828,0.37,0.37,0.37,0.37,3022400,0.0
20130829,0.37,0.37,0.37,0.37,1634600,0.0
20130830,0.37,0.37,0.37,0.37,2157800,0.0
20130903,0.37,0.37,0.37,0.37,2618560,0.0
20130904,0.37,0.37,0.37,0.37,2031720,0.0
20130905,0.37,0.38,0.37,0.37,1604160,0.0
20130906,0.37,0.38,0.37,0.37,2134560,0.0
20130909,0.38,0.38,0.37,0.38,2262040,0.027027027027026973
20130910,0.38,0.39,0.38,0.39,2684480,0.026315789473684292
20130911,0.39,0.39,0.38,0.39,3657360,0.0
20130912,0.39,0.4,0.39,0.39,2829600,0.0
20130913,0.39,0.4,0.39,0.4,1448920,0.025641025641025772
20130916,0.4,0.4,0.39,0.4,2120400,0.0
20130917,0.4,0.4,0.4,0.4,1534760,0.0
20130918,0.4,0.4,0.39,0.4,2517920,0.0
20130919,0.4,0.4,0.4,0.4,2159560,0.0
20130920,0.4,0.4,0.39,0.39,2615960,-0.025000000000000022
20130923,0.39,0.4,0.39,0.39,2539720,0.0
20130924,0.39,0.39,0.39,0.39,1962200,0.0
20130925,0.39,0.4,0.39,0.39,2056080,0.0
20130926,0.39,0.39,0.39,0.39,1391400,0.0
20130927,0.39,0.39,0.39,0.39,1391480,0.0
20130930,0.39,0.39,0.38,0.39,1944720,0.0
20131001,0.39,0.39,0.39,0.39,2110280,0.0
20131002,0.38,0.39,0.38,0.39,1482200,0.0
20131003,0.39,0.39,0.38,0.38,3798160,-0.02564102564102566
20131004,0.38,0.39,0.38,0.39,2310360,0.026315789473684292
20131007,0.39,0.39,0.39,0.39,1612960,0.0
20131008,0.39,0.39,0.38,0.39,2707440,0.0
20131009,0.39,0.39,0.38,0.38,2599520,-0.02564102564102566
20131010,0.38,0.39,0.38,0.38,2047640,0.0
20131011,0.38,0.38,0.38,0.38,2011640,0.0
20131014,0.38,0.39,0.38,0.39,1575560,0.026315789473684292
20131015,0.39,0.39,0.39,0.39,1962360,0.0
20131016,0.39,0.39,0.39,0.39,1826040,0.0
20131017,0.39,0.39,0.39,0.39,2008160,0.0
20131018,0.39,0.4,0.39,0.4,2288720,0.025641025641025772
20131021,0.4,0.4,0.4,0.4,1873120,0.0
20131022,0.4,0.4,0.39,0.39,1670280,-0.025000000000000022
20131023,0.39,0.39,0.39,0.39,2345720,0.0
20131024,0.39,0.39,0.38,0.38,2052000,-0.02564102564102566
20131025,0.39,0.39,0.38,0.38,3052880,0.0
20131028,0.38,0.38,0.38,0.38,3394000,0.0
20131029,0.38,0.38,0.38,0.38,3705040,0.0
20131030,0.38,0.38,0.38,0.38,1953600,0.0
20131031,0.38,0.38,0.38,0.38,2585320,0.0
20131101,0.38,0.38,0.38,0.38,1939000,0.0
20131104,0.38,0.38,0.37,0.37,3913440,-0.02631578947368418
20131105,0.37,0.37,0.36,0.37,3981640,0.0
20131106,0.37,0.37,0.37,0.37,1833240,0.0
20131107,0.37,0.37,0.36,0.36,4557560,-0.027027027027027084
20131108,0.38,0.39,0.37,0.39,6841200,0.08333333333333348
20131111,0.39,0.39,0.39,0.39,2775640,0.0
20131112,0.39,0.4,0.39,0.39,2980120,0.0
20131113,0.39,0.4,0.39,0.4,3093000,0.025641025641025772
20131114,0.4,0.41,0.4,0.41,2767520,0.02499999999999991
20131115,0.41,0.41,0.4,0.4,2211360,-0.024390243902438935
20131118,0.4,0.4,0.39,0.39,2995640,-0.025000000000000022
20131119,0.39,0.39,0.39,0.39,1826680,0.0
20131120,0.39,0.39,0.38,0.38,1936920,-0.02564102564102566
20131121,0.38,0.38,0.38,0.38,1991000,0.0
20131122,0.38,0.38,0.38,0.38,1383520,0.0
20131125,0.38,0.39,0.38,0.39,1983560,0.026315789473684292
20131126,0.39,0.4,0.39,0.39,2676160,0.0
20131127,0.39,0.39,0.39,0.39,1451360,0.0
20131129,0.39,0.39,0.39,0.39,962400,0.0
20131202,0.39,0.4,0.39,0.39,2705400,0.0
20131203,0.39,0.4,0.39,0.39,2138160,0.0
20131204,0.39,0.4,0.39,0.4,3496600,0.025641025641025772
20131205,0.4,0.4,0.39,0.39,2324080,-0.025000000000000022
20131206,0.4,0.4,0.39,0.39,2406600,0.0
20131209,0.39,0.39,0.38,0.38,3049400,-0.02564102564102566
20131210,0.38,0.39,0.38,0.39,4441320,0.026315789473684292
20131211,0.39,0.39,0.38,0.39,2881840,0.0
20131212,0.38,0.39,0.38,0.38,2385280,-0.02564102564102566
20131213,0.38,0.38,0.38,0.38,1658320,0.0
20131216,0.38,0.38,0.38,0.38,1943200,0.0
20131217,0.38,0.38,0.37,0.38,2271640,0.0
20131218,0.38,0.38,0.37,0.38,2916720,0.0
20131219,0.38,0.39,0.38,0.38,2048160,0.0
20131220,0.39,0.39,0.38,0.39,2952320,0.026315789473684292
20131223,0.39,0.4,0.39,0.39,1606000,0.0
20131224,0.4,0.4,0.39,0.4,700680,0.025641025641025772
20131226,0.4,0.4,0.39,0.39,1346000,-0.025000000000000022
20131227,0.39,0.39,0.39,0.39,1712840,0.0
20131230,0.39,0.4,0.39,0.4,2295920,0.025641025641025772
20131231,0.4,0.4,0.4,0.4,2203640,0.0
20140102,0.4,0.4,0.39,0.4,2471680,0.0
20140103,0.4,0.4,0.39,0.39,2171360,-0.025000000000000022
20140106,0.4,0.4,0.39,0.4,3187920,0.025641025641025772
20140107,0.4,0.4,0.4,0.4,2763080,0.0
20140108,0.4,0.41,0.4,0.41,2316640,0.02499999999999991
20140109,0.4,0.4,0.39,0.39,2540240,-0.04878048780487798
20140110,0.4,0.4,0.39,0.39,1586560,0.0
20140113,0.39,0.4,0.38,0.38,2088080,-0.02564102564102566
20140114,0.38,0.4,0.38,0.4,1817120,0.05263157894736836
20140115,0.4,0.4,0.4,0.4,1580160,0.0
20140116,0.4,0.4,0.4,0.4,1694280,0.0
20140117,0.4,0.41,0.4,0.4,3122040,0.0
20140121,0.4,0.4,0.4,0.4,2030360,0.0
20140122,0.4,0.4,0.4,0.4,3113200,0.0
20140123,0.4,0.4,0.4,0.4,1488080,0.0
20140124,0.4,0.4,0.39,0.39,1874440,-0.025000000000000022
20140127,0.39,0.39,0.38,0.39,1988920,0.0
20140128,0.39,0.39,0.38,0.39,1106080,0.0
20140129,0.39,0.39,0.39,0.39,1376760,0.0
20140130,0.39,0.39,0.39,0.39,1569800,0.0
20140131,0.39,0.39,0.39,0.39,2616360,0.0
20140203,0.4,0.4,0.39,0.39,3453320,0.0
20140204,0.39,0.39,0.39,0.39,2525560,0.0
20140205,0.39,0.39,0.38,0.39,1958920,0.0
20140206,0.39,0.39,0.39,0.39,1094680,0.0
20140207,0.39,0.4,0.39,0.4,1306120,0.025641025641025772
20140210,0.4,0.4,0.4,0.4,2960720,0.0
20140211,0.4,0.41,0.4,0.41,1983800,0.02499999999999991
20140212,0.41,0.42,0.41,0.42,6747640,0.024390243902439046
20140213,0.43,0.44,0.42,0.43,7668080,0.023809523809523725
20140214,0.43,0.45,0.43,0.45,6155040,0.04651162790697683
20140218,0.45,0.45,0.44,0.45,2807280,0.0
20140219,0.45,0.46,0.45,0.45,3881840,0.0
20140220,0.45,0.47,0.45,0.47,3590920,0.04444444444444429
20140221,0.47,0.47,0.46,0.47,3761200,0.0
20140224,0.47,0.48,0.46,0.47,3224400,0.0
20140225,0.47,0.47,0.46,0.47,2113720,0.0
20140226,0.47,0.47,0.47,0.47,3056680,0.0
20140227,0.47,0.47,0.46,0.46,3500480,-0.02127659574468077
20140228,0.46,0.46,0.45,0.46,2754280,0.0
20140303,0.45,0.46,0.45,0.46,3352520,0.0
20140304,0.46,0.47,0.46,0.46,2008600,0.0
20140305,0.46,0.47,0.46,0.47,2011800,0.021739130434782483
20140306,0.47,0.47,0.46,0.46,2443000,-0.02127659574468077
20140307,0.46,0.46,0.46,0.46,2281400,0.0
20140310,0.46,0.46,0.45,0.45,2072880,-0.021739130434782594
20140311,0.45,0.46,0.45,0.46,2516280,0.022222222222222143
20140312,0.45,0.46,0.45,0.46,2094200,0.0
20140313,0.46,0.46,0.44,0.44,3411120,-0.0434782608695653
20140314,0.44,0.45,0.44,0.45,4235120,0.022727272727272707
20140317,0.45,0.45,0.45,0.45,2479560,0.0
20140318,0.45,0.46,0.45,0.46,2571680,0.022222222222222143
20140319,0.46,0.47,0.46,0.46,3260960,0.0
20140320,0.46,0.47,0.46,0.46,1725600,0.0
20140321,0.46,0.47,0.46,0.46,3686800,0.0
20140324,0.46,0.47,0.45,0.46,2673520,0.0
20140325,0.47,0.47,0.46,0.46,2392160,0.0
20140326,0.47,0.47,0.45,0.45,5220160,-0.021739130434782594
20140327,0.45,0.45,0.44,0.44,5074680,-0.022222222222222254
20140328,0.44,0.45,0.44,0.45,3610480,0.022727272727272707
20140331,0.45,0.45,0.45,0.45,2281240,0.0
20140401,0.46,0.47,0.46,0.47,6069080,0.04444444444444429
20140402,0.47,0.47,0.46,0.46,2141560,-0.02127659574468077
20140403,0.46,0.48,0.46,0.47,5395760,0.021739130434782483
20140404,0.47,0.47,0.45,0.45,3394480,-0.04255319148936165
20140407,0.45,0.46,0.45,0.46,3284200,0.022222222222222143
20140408,0.46,0.47,0.45,0.47,4185440,0.021739130434782483
20140409,0.47,0.48,0.47,0.47,3888360,0.0
20140410,0.47,0.48,0.46,0.46,3403960,-0.02127659574468077
20140411,0.46,0.46,0.45,0.45,3233240,-0.021739130434782594
20140414,0.46,0.46,0.45,0.46,2592640,0.022222222222222143
20140415,0.46,0.46,0.45,0.46,2719320,0.0
20140416,0.46,0.46,0.46,0.46,2126560,0.0
20140417,0.46,0.47,0.46,0.46,1373760,0.0
20140421,0.47,0.47,0.46,0.47,991680,0.021739130434782483
20140422,0.47,0.47,0.47,0.47,1854600,0.0
20140423,0.47,0.48,0.47,0.48,2333880,0.02127659574468077
20140424,0.48,0.49,0.48,0.48,3588280,0.0
20140425,0.48,0.49,0.47,0.47,2785000,-0.02083333333333337
20140428,0.47,0.47,0.46,0.47,1921080,0.0
20140429,0.47,0.47,0.46,0.47,1462160,0.0
20140430,0.47,0.47,0.46,0.46,2592920,-0.02127659574468077
20140501,0.47,0.47,0.46,0.46,1836400,0.0
20140502,0.47,0.47,0.46,0.46,1406920,0.0
20140505,0.46,0.47,0.46,0.47,2240440,0.021739130434782483
20140506,0.47,0.47,0.45,0.46,3704360,-0.02127659574468077
20140507,0.46,0.46,0.45,0.46,2521760,0.0
20140508,0.45,0.47,0.45,0.46,3541120,0.0
20140509,0.45,0.45,0.44,0.45,5085720,-0.021739130434782594
20140512,0.45,0.47,0.45,0.46,2221840,0.022222222222222143
20140513,0.46,0.47,0.46,0.46,1972720,0.0
20140514,0.46,0.46,0.45,0.45,1739560,-0.021739130434782594
20140515,0.45,0.45,0.45,0.45,2833880,0.0
20140516,0.45,0.45,0.45,0.45,2593640,0.0
20140519,0.45,0.47,0.45,0.46,3266720,0.022222222222222143
20140520,0.46,0.46,0.45,0.46,2276520,0.0
20140521,0.46,0.46,0.45,0.46,1924320,0.0
20140522,0.45,0.46,0.45,0.46,1149400,0.0
20140523,0.46,0.46,0.46,0.46,1453880,0.0
20140527,0.47,0.47,0.46,0.47,1724440,0.021739130434782483
20140528,0.47,0.48,0.47,0.47,2067160,0.0
20140529,0.47,0.48,0.47,0.47,1315680,0.0
20140530,0.47,0.48,0.47,0.48,1994200,0.02127659574468077
20140602,0.48,0.48,0.47,0.47,1568640,-0.02083333333333337
20140603,0.47,0.48,0.47,0.47,2050360,0.0
20140604,0.47,0.48,0.47,0.47,1391160,0.0
20140605,0.47,0.48,0.47,0.47,1705480,0.0
20140606,0.48,0.48,0.47,0.48,1439200,0.02127659574468077
20140609,0.48,0.48,0.47,0.48,2258120,0.0
20140610,0.48,0.48,0.47,0.48,1925720,0.0
20140611,0.48,0.49,0.48,0.49,2186320,0.02083333333333326
20140612,0.49,0.49,0.48,0.49,2537880,0.0
20140613,0.49,0.49,0.48,0.49,2081280,0.0
20140616,0.49,0.49,0.48,0.49,1744520,0.0
20140617,0.49,0.49,0.49,0.49,1409040,0.0
20140618,0.49,0.49,0.48,0.49,1965960,0.0
20140619,0.48,0.48,0.48,0.48,4332080,-0.020408163265306145
20140620,0.48,0.48,0.47,0.47,2733080,-0.02083333333333337
20140623,0.47,0.47,0.46,0.47,3863920,0.0
20140624,0.47,0.47,0.46,0.46,2459000,-0.02127659574468077
20140625,0.46,0.47,0.46,0.47,1830120,0.021739130434782483
20140626,0.47,0.47,0.46,0.46,2299200,-0.02127659574468077
20140627,0.46,0.46,0.46,0.46,1646840,0.0
20140630,0.46,0.46,0.46,0.46,1540320,0.0
20140701,0.46,0.47,0.46,0.47,2875320,0.021739130434782483
20140702,0.47,0.47,0.46,0.47,1627040,0.0
20140703,0.46,0.47,0.46,0.47,1125080,0.0
20140707,0.47,0.47,0.47,0.47,1103600,0.0
20140708,0.47,0.47,0.46,0.46,1950280,-0.02127659574468077
20140709,0.47,0.48,0.46,0.48,3116000,0.04347826086956519
20140710,0.47,0.48,0.47,0.48,2431280,0.0
20140711,0.48,0.48,0.47,0.48,1712600,0.0
20140714,0.48,0.48,0.48,0.48,2450200,0.0
20140715,0.48,0.49,0.48,0.48,3398080,0.0
20140716,0.49,0.49,0.48,0.48,2665200,0.0
20140717,0.48,0.49,0.48,0.48,2883200,0.0
20140718,0.47,0.48,0.46,0.46,5126760,-0.04166666666666663
20140721,0.46,0.47,0.46,0.46,2239480,0.0
20140722,0.47,0.47,0.46,0.46,2656560,0.0
20140723,0.46,0.46,0.45,0.45,2765600,-0.021739130434782594
20140724,0.45,0.46,0.45,0.45,2227840,0.0
20140725,0.45,0.45,0.44,0.44,2464040,-0.022222222222222254
20140728,0.45,0.45,0.44,0.44,3043280,0.0
20140729,0.44,0.45,0.44,0.44,1808560,0.0
20140730,0.45,0.45,0.45,0.45,2205080,0.022727272727272707
20140731,0.45,0.45,0.44,0.44,3525720,-0.022222222222222254
20140801,0.44,0.44,0.44,0.44,1968920,0.0
20140804,0.44,0.45,0.44,0.44,1981960,0.0
20140805,0.44,0.45,0.44,0.44,2498280,0.0
20140806,0.44,0.45,0.44,0.44,1949080,0.0
20140807,0.44,0.45,0.43,0.44,3417080,0.0
20140808,0.46,0.48,0.46,0.48,8274280,0.09090909090909083
20140811,0.48,0.48,0.47,0.47,3151400,-0.02083333333333337
20140812,0.47,0.48,0.47,0.47,2256320,0.0
20140813,0.47,0.48,0.47,0.48,1802680,0.02127659574468077
20140814,0.48,0.48,0.47,0.47,2141240,-0.02083333333333337
20140815,0.47,0.48,0.47,0.48,3137160,0.02127659574468077
20140818,0.48,0.48,0.47,0.48,2194480,0.0
20140819,0.48,0.49,0.48,0.48,2239040,0.0
20140820,0.48,0.48,0.48,0.48,1909400,0.0
20140821,0.48,0.48,0.48,0.48,2158960,0.0
20140822,0.48,0.48,0.47,0.48,2241440,0.0
20140825,0.48,0.48,0.48,0.48,1340560,0.0
20140826,0.48,0.49,0.48,0.49,2433200,0.02083333333333326
20140827,0.48,0.49,0.48,0.48,1595880,-0.020408163265306145
20140828,0.48,0.49,0.48,0.48,1467360,0.0
20140829,0.49,0.49,0.48,0.49,1501000,0.02083333333333326
20140902,0.49,0.49,0.48,0.49,1593240,0.0
20140903,0.49,0.49,0.49,0.49,2271640,0.0
20140904,0.49,0.5,0.49,0.5,4194120,0.020408163265306145
20140905,0.5,0.5,0.5,0.5,2213720,0.0
20140908,0.5,0.5,0.49,0.49,2552600,-0.020000000000000018
20140909,0.49,0.5,0.49,0.49,1653920,0.0
20140910,0.49,0.49,0.49,0.49,1360480,0.0
20140911,0.49,0.49,0.48,0.49,2225320,0.0
20140912,0.49,0.49,0.48,0.48,2080720,-0.020408163265306145
20140915,0.48,0.48,0.47,0.47,2296680,-0.02083333333333337
20140916,0.47,0.48,0.47,0.48,1935920,0.02127659574468077
20140917,0.48,0.48,0.48,0.48,1519800,0.0
20140918,0.48,0.49,0.48,0.49,1736880,0.02083333333333326
20140919,0.49,0.49,0.48,0.48,2756080,-0.020408163265306145
20140922,0.49,0.49,0.47,0.47,1892680,-0.02083333333333337
20140923,0.47,0.48,0.47,0.47,1706360,0.0
20140924,0.47,0.47,0.47,0.47,1385360,0.0
20140925,0.47,0.47,0.46,0.46,2662680,-0.02127659574468077
20140926,0.46,0.47,0.46,0.46,2185920,0.0
20140929,0.46,0.47,0.46,0.46,1902680,0.0
20140930,0.46,0.46,0.46,0.46,2412160,0.0
20141001,0.46,0.47,0.46,0.46,3015440,0.0
20141002,0.46,0.46,0.44,0.45,2610360,-0.021739130434782594
20141003,0.46,0.46,0.46,0.46,1869040,0.022222222222222143
20141006,0.46,0.46,0.45,0.45,1698400,-0.021739130434782594
20141007,0.45,0.46,0.45,0.45,2410640,0.0
20141008,0.45,0.46,0.44,0.46,2217480,0.022222222222222143
20141009,0.45,0.45,0.44,0.45,2574480,-0.021739130434782594
20141010,0.44,0.45,0.42,0.42,6176400,-0.06666666666666676
20141013,0.42,0.43,0.42,0.42,3573360,0.0
20141014,0.43,0.44,0.42,0.43,3233960,0.023809523809523725
20141015,0.42,0.44,0.42,0.44,3572200,0.023255813953488413
20141016,0.43,0.44,0.43,0.44,3096120,0.0
20141017,0.44,0.45,0.43,0.44,2550080,0.0
20141020,0.44,0.44,0.43,0.44,1655200,0.0
20141021,0.44,0.46,0.44,0.46,2825800,0.045454545454545414
20141022,0.46,0.46,0.45,0.45,2056920,-0.021739130434782594
20141023,0.45,0.46,0.45,0.46,1922760,0.022222222222222143
20141024,0.46,0.46,0.46,0.46,1821880,0.0
20141027,0.46,0.46,0.46,0.46,1228960,0.0
20141028,0.46,0.47,0.46,0.47,1726080,0.021739130434782483
20141029,0.47,0.47,0.47,0.47,1392040,0.0
20141030,0.47,0.47,0.46,0.47,1496480,0.0
20141031,0.48,0.49,0.48,0.49,2018240,0.042553191489361764
20141103,0.5,0.5,0.49,0.5,2722400,0.020408163265306145
20141104,0.5,0.51,0.49,0.5,2958960,0.0
20141105,0.51,0.51,0.5,0.5,2825240,0.0
20141106,0.5,0.51,0.5,0.51,3554680,0.020000000000000018
20141107,0.51,0.52,0.49,0.49,3785480,-0.03921568627450989
20141110,0.49,0.5,0.49,0.5,2429640,0.020408163265306145
20141111,0.5,0.5,0.49,0.49,1918800,-0.020000000000000018
20141112,0.49,0.49,0.48,0.49,1754640,0.0
20141113,0.49,0.49,0.48,0.49,1722640,0.0
20141114,0.49,0.49,0.48,0.49,1325360,0.0
20141117,0.49,0.5,0.49,0.49,1398960,0.0
20141118,0.49,0.51,0.49,0.5,1790600,0.020408163265306145
20141119,0.5,0.5,0.5,0.5,1658480,0.0
20141120,0.5,0.51,0.5,0.51,1931960,0.020000000000000018
20141121,0.51,0.51,0.51,0.51,1670600,0.0
20141124,0.51,0.52,0.51,0.51,1191480,0.0
20141125,0.51,0.52,0.51,0.51,1302240,0.0
20141126,0.51,0.52,0.51,0.52,1822040,0.019607843137254832
20141128,0.52,0.53,0.52,0.52,1034680,0.0
20141201,0.52,0.53,0.51,0.51,1534280,-0.019230769230769273
20141202,0.51,0.52,0.51,0.52,1802680,0.019607843137254832
20141203,0.52,0.53,0.52,0.53,2344000,0.019230769230769162
20141204,0.53,0.53,0.52,0.52,1579880,-0.018867924528301883
20141205,0.52,0.53,0.52,0.53,1261440,0.019230769230769162
20141208,0.53,0.53,0.52,0.52,2073640,-0.018867924528301883
20141209,0.52,0.52,0.51,0.52,2000640,0.0
20141210,0.52,0.52,0.51,0.51,1703800,-0.019230769230769273
20141211,0.51,0.51,0.51,0.51,1143760,0.0
20141212,0.5,0.5,0.49,0.49,2861080,-0.03921568627450989
20141215,0.5,0.51,0.49,0.49,2234960,0.0
20141216,0.49,0.5,0.48,0.48,1579600,-0.020408163265306145
20141217,0.49,0.5,0.48,0.5,3099960,0.04166666666666674
20141218,0.51,0.52,0.5,0.51,1840240,0.020000000000000018
20141219,0.51,0.51,0.5,0.51,2053920,0.0
20141222,0.51,0.52,0.51,0.52,1270800,0.019607843137254832
20141223,0.52,0.53,0.52,0.52,874240,0.0
20141224,0.52,0.52,0.51,0.51,380240,-0.019230769230769273
20141226,0.51,0.52,0.51,0.51,430480,0.0
20141229,0.51,0.52,0.51,0.51,721560,0.0
20141230,0.51,0.51,0.51,0.51,811400,0.0
20141231,0.51,0.51,0.5,0.5,1371000,-0.019607843137254943
20150102,0.5,0.51,0.5,0.5,952360,0.0
20150105,0.5,0.5,0.49,0.49,1464920,-0.020000000000000018
20150106,0.5,0.5,0.48,0.48,1730640,-0.020408163265306145
20150107,0.48,0.49,0.48,0.48,2302240,0.0
20150108,0.48,0.5,0.48,0.5,2242520,0.04166666666666674
20150109,0.5,0.5,0.49,0.5,1880840,0.0
20150112,0.5,0.5,0.49,0.49,1611120,-0.020000000000000018
20150113,0.5,0.51,0.49,0.49,1886880,0.0
20150114,0.49,0.5,0.49,0.49,1359920,0.0
20150115,0.5,0.5,0.49,0.49,1653160,0.0
20150116,0.49,0.5,0.49,0.5,1554280,0.020408163265306145
20150120,0.5,0.51,0.49,0.5,1137600,0.0
20150121,0.5,0.51,0.49,0.51,1270280,0.020000000000000018
20150122,0.51,0.52,0.5,0.52,1304320,0.019607843137254832
20150123,0.52,0.52,0.51,0.52,1016120,0.0
20150126,0.52,0.52,0.51,0.52,1157120,0.0
20150127,0.51,0.51,0.49,0.49,3173680,-0.05769230769230771
20150128,0.5,0.5,0.48,0.48,2396880,-0.020408163265306145
20150129,0.48,0.5,0.48,0.49,1965200,0.02083333333333326
20150130,0.49,0.5,0.48,0.48,2102680,-0.020408163265306145
20150202,0.48,0.49,0.47,0.49,2337160,0.02083333333333326
20150203,0.49,0.5,0.49,0.5,1572160,0.020408163265306145
20150204,0.5,0.51,0.5,0.5,1561840,0.0
20150205,0.5,0.51,0.5,0.51,1233400,0.020000000000000018
20150206,0.51,0.52,0.51,0.51,1654880,0.0
20150209,0.51,0.51,0.5,0.51,2436560,0.0
20150210,0.51,0.52,0.51,0.52,1919280,0.019607843137254832
20150211,0.53,0.53,0.52,0.52,2598960,0.0
20150212,0.55,0.56,0.55,0.56,5994400,0.0769230769230771
20150213,0.56,0.56,0.55,0.56,2664720,0.0
20150217,0.56,0.56,0.55,0.56,1741120,0.0
20150218,0.56,0.56,0.55,0.55,1505760,-0.017857142857142905
20150219,0.56,0.56,0.55,0.55,1290960,0.0
20150220,0.55,0.56,0.55,0.56,1276640,0.0181818181818183
20150223,0.56,0.56,0.55,0.55,1066760,-0.017857142857142905
20150224,0.55,0.56,0.55,0.56,1107840,0.0181818181818183
20150225,0.56,0.56,0.55,0.55,1068080,-0.017857142857142905
20150226,0.55,0.56,0.55,0.55,1296800,0.0
20150227,0.55,0.55,0.55,0.55,1266800,0.0
20150302,0.55,0.57,0.55,0.56,2515560,0.0181818181818183
20150303,0.56,0.56,0.55,0.55,1378880,-0.017857142857142905
20150304,0.55,0.56,0.55,0.56,1879960,0.0181818181818183
20150305,0.56,0.57,0.56,0.57,2917720,0.01785714285714257
20150306,0.57,0.57,0.56,0.56,2209920,-0.01754385964912264
20150309,0.56,0.57,0.56,0.57,1873200,0.01785714285714257
20150310,0.57,0.58,0.57,0.58,4691720,0.01754385964912286
20150311,0.58,0.58,0.57,0.57,2235400,-0.017241379310344862
20150312,0.57,0.57,0.56,0.57,3483640,0.0
20150313,0.56,0.57,0.56,0.57,2936480,0.0
20150316,0.57,0.58,0.57,0.57,1934600,0.0
20150317,0.57,0.58,0.57,0.58,2595920,0.01754385964912286
20150318,0.58,0.58,0.57,0.57,3627440,-0.017241379310344862
20150319,0.57,0.58,0.57,0.58,2564280,0.01754385964912286
20150320,0.59,0.59,0.58,0.59,3545640,0.01724137931034475
20150323,0.57,0.58,0.57,0.57,3382000,-0.03389830508474578
20150324,0.57,0.57,0.56,0.56,2716280,-0.01754385964912264
20150325,0.56,0.56,0.52,0.53,4820160,-0.0535714285714286
20150326,0.52,0.53,0.51,0.52,2635000,-0.018867924528301883
20150327,0.53,0.54,0.52,0.53,2668840,0.019230769230769162
20150330,0.54,0.54,0.53,0.54,2239440,0.018867924528301883
20150331,0.54,0.54,0.52,0.52,2679480,-0.03703703703703709
20150401,0.53,0.53,0.52,0.53,2867880,0.019230769230769162
20150402,0.53,0.53,0.52,0.53,1637960,0.0
20150406,0.52,0.54,0.52,0.54,4327920,0.018867924528301883
20150407,0.54,0.55,0.54,0.55,3336080,0.0185185185185186
20150408,0.55,0.55,0.54,0.55,3332640,0.0
20150409,0.55,0.57,0.55,0.56,3321480,0.0181818181818183
20150410,0.56,0.57,0.56,0.57,2223760,0.01785714285714257
20150413,0.57,0.57,0.56,0.56,1995120,-0.01754385964912264
20150414,0.56,0.56,0.55,0.56,1741720,0.0
20150415,0.56,0.57,0.56,0.57,2122480,0.01785714285714257
20150416,0.56,0.57,0.56,0.56,1284720,-0.01754385964912264
20150417,0.55,0.56,0.55,0.55,2577960,-0.017857142857142905
20150420,0.56,0.56,0.55,0.55,2001520,0.0
20150421,0.56,0.56,0.55,0.55,1466640,0.0
20150422,0.55,0.56,0.55,0.56,1478000,0.0181818181818183
20150423,0.55,0.56,0.54,0.56,1992560,0.0
20150424,0.56,0.56,0.54,0.55,2041680,-0.017857142857142905
20150427,0.55,0.56,0.55,0.55,1879080,0.0
20150428,0.55,0.56,0.55,0.56,2048720,0.0181818181818183
20150429,0.55,0.56,0.55,0.55,1650960,-0.017857142857142905
20150430,0.55,0.56,0.55,0.55,1815400,0.0
20150501,0.56,0.57,0.56,0.57,2308720,0.036363636363636154
20150504,0.57,0.57,0.56,0.57,1312160,0.0
20150505,0.56,0.56,0.55,0.55,2263880,-0.0350877192982455
20150506,0.55,0.56,0.55,0.55,2784840,0.0
20150507,0.55,0.56,0.55,0.56,4552760,0.0181818181818183
20150508,0.53,0.55,0.51,0.52,9612840,-0.07142857142857151
20150511,0.51,0.52,0.51,0.52,4915360,0.0
20150512,0.51,0.53,0.51,0.52,3340560,0.0
20150513,0.52,0.53,0.52,0.52,2500560,0.0
20150514,0.53,0.53,0.52,0.53,2559480,0.019230769230769162
20150515,0.53,0.54,0.53,0.53,1854320,0.0
20150518,0.53,0.53,0.53,0.53,1878240,0.0
20150519,0.53,0.53,0.53,0.53,1846520,0.0
20150520,0.53,0.53,0.53,0.53,1591040,0.0
20150521,0.53,0.53,0.52,0.52,1724560,-0.018867924528301883
20150522,0.52,0.53,0.52,0.52,1857960,0.0
20150526,0.52,0.52,0.51,0.52,2123200,0.0
20150527,0.52,0.55,0.52,0.55,3907440,0.05769230769230771
20150528,0.55,0.56,0.55,0.55,2864880,0.0
20150529,0.55,0.56,0.55,0.55,2663360,0.0
20150601,0.56,0.57,0.55,0.56,2934380,0.0181818181818183
20150602,0.56,0.56,0.55,0.55,2005465,-0.017857142857142905
20150603,0.55,0.55,0.54,0.54,2133678,-0.018181818181818188
20150604,0.54,0.55,0.54,0.55,2920137,0.0185185185185186
20150605,0.55,0.56,0.54,0.56,2625614,0.0181818181818183
20150608,0.55,0.56,0.54,0.54,2716112,-0.0357142857142857
20150609,0.54,0.55,0.54,0.55,2044858,0.0185185185185186
20150610,0.54,0.54,0.53,0.54,4858029,-0.018181818181818188
20150611,0.54,0.55,0.54,0.54,2628421,0.0
20150612,0.54,0.54,0.53,0.53,2651525,-0.01851851851851849
20150615,0.53,0.53,0.52,0.53,2171442,0.0
20150616,0.53,0.53,0.52,0.53,1903606,0.0
20150617,0.53,0.54,0.53,0.54,1878866,0.018867924528301883
20150618,0.54,0.55,0.54,0.55,2632334,0.0185185185185186
20150619,0.55,0.55,0.54,0.55,2398328,0.0
20150622,0.55,0.55,0.54,0.54,4755545,-0.018181818181818188
20150623,0.55,0.55,0.53,0.53,3707750,-0.01851851851851849
20150624,0.53,0.53,0.52,0.53,1988133,0.0
20150625,0.53,0.53,0.53,0.53,2106176,0.0
20150626,0.53,0.53,0.52,0.52,2989934,-0.018867924528301883
20150629,0.51,0.52,0.5,0.5,3565092,-0.03846153846153855
20150630,0.51,0.51,0.5,0.5,2753877,0.0
20150701,0.52,0.52,0.51,0.51,2812094,0.020000000000000018
20150702,0.51,0.51,0.51,0.51,1287934,0.0
20150706,0.51,0.51,0.5,0.5,1823906,-0.019607843137254943
20150707,0.5,0.5,0.48,0.49,5555488,-0.020000000000000018
20150708,0.49,0.5,0.49,0.49,2953620,0.0
20150709,0.5,0.5,0.48,0.49,3259698,0.0
20150710,0.49,0.5,0.49,0.49,1971579,0.0
20150713,0.5,0.5,0.49,0.5,1815301,0.020408163265306145
20150714,0.5,0.5,0.49,0.5,2103920,0.0
20150715,0.5,0.5,0.49,0.49,2394565,-0.020000000000000018
20150716,0.5,0.5,0.5,0.5,2608056,0.020408163265306145
20150717,0.5,0.5,0.5,0.5,1896222,0.0
20150720,0.5,0.5,0.49,0.49,1644194,-0.020000000000000018
20150721,0.49,0.5,0.49,0.49,1341344,0.0
20150722,0.49,0.49,0.48,0.49,3064199,0.0
20150723,0.49,0.5,0.49,0.49,1525095,0.0
20150724,0.49,0.5,0.48,0.49,1566965,0.0
20150727,0.48,0.49,0.48,0.48,1721527,-0.020408163265306145
20150728,0.48,0.5,0.48,0.49,1715300,0.02083333333333326
20150729,0.49,0.5,0.49,0.5,2129180,0.020408163265306145
20150730,0.5,0.51,0.5,0.5,1736975,0.0
20150731,0.5,0.5,0.5,0.5,1916061,0.0
20150803,0.5,0.51,0.5,0.51,3565641,0.020000000000000018
20150804,0.51,0.51,0.5,0.51,2322654,0.0
20150805,0.52,0.52,0.51,0.51,2116223,0.0
20150806,0.51,0.52,0.5,0.51,5258715,0.0
20150807,0.56,0.58,0.55,0.57,12740188,0.11764705882352922
20150810,0.57,0.6,0.57,0.59,6184331,0.03508771929824572
20150811,0.59,0.6,0.59,0.59,3966301,0.0
20150812,0.58,0.6,0.58,0.59,3583742,0.0
20150813,0.59,0.6,0.59,0.59,2427288,0.0
20150814,0.59,0.59,0.58,0.59,1955753,0.0
20150817,0.59,0.59,0.58,0.58,2504848,-0.016949152542372947
20150818,0.58,0.58,0.57,0.58,2503948,0.0
20150819,0.58,0.58,0.57,0.57,2075100,-0.017241379310344862
20150820,0.57,0.57,0.55,0.55,3878846,-0.0350877192982455
20150821,0.55,0.56,0.54,0.54,3379835,-0.018181818181818188
20150824,0.51,0.55,0.5,0.52,5954100,-0.03703703703703709
20150825,0.54,0.54,0.51,0.51,4540008,-0.019230769230769273
20150826,0.52,0.55,0.52,0.55,5318077,0.07843137254901977
20150827,0.55,0.57,0.55,0.57,4256658,0.036363636363636154
20150828,0.57,0.57,0.56,0.57,2769060,0.0
20150831,0.57,0.57,0.56,0.56,1821400,-0.01754385964912264
20150901,0.55,0.55,0.53,0.54,3068274,-0.0357142857142857
20150902,0.55,0.56,0.54,0.56,2318308,0.03703703703703698
20150903,0.56,0.57,0.56,0.56,2424504,0.0
20150904,0.55,0.56,0.54,0.54,2463388,-0.0357142857142857
20150908,0.56,0.57,0.55,0.57,2007990,0.05555555555555536
20150909,0.57,0.57,0.55,0.56,2358978,-0.01754385964912264
20150910,0.55,0.57,0.55,0.56,2787675,0.0
20150911,0.56,0.57,0.56,0.57,2290720,0.01785714285714257
20150914,0.57,0.57,0.56,0.57,1592939,0.0
20150915,0.57,0.58,0.57,0.57,2170736,0.0
20150916,0.57,0.58,0.57,0.58,1325052,0.01754385964912286
20150917,0.59,0.59,0.58,0.58,2471308,0.0
20150918,0.57,0.59,0.57,0.58,2447779,0.0
20150921,0.58,0.59,0.58,0.59,2500411,0.01724137931034475
20150922,0.58,0.58,0.57,0.57,2001058,-0.03389830508474578
20150923,0.57,0.58,0.57,0.58,1445912,0.01754385964912286
20150924,0.57,0.59,0.56,0.59,3377968,0.01724137931034475
20150925,0.59,0.6,0.58,0.59,3187572,0.0
20150928,0.59,0.59,0.58,0.58,2628745,-0.016949152542372947
20150929,0.59,0.59,0.58,0.59,3187571,0.01724137931034475
20150930,0.6,0.62,0.59,0.62,4835670,0.05084745762711873
20151001,0.62,0.62,0.59,0.6,4475729,-0.032258064516129115
20151002,0.6,0.62,0.59,0.62,3105254,0.03333333333333344
20151005,0.62,0.64,0.62,0.64,4344140,0.032258064516129004
20151006,0.63,0.65,0.63,0.64,3824859,0.0
20151007,0.65,0.66,0.63,0.65,2455405,0.015625
20151008,0.65,0.66,0.64,0.65,3936780,0.0
20151009,0.65,0.66,0.64,0.65,3859464,0.0
20151012,0.65,0.66,0.65,0.66,1978416,0.01538461538461533
20151013,0.65,0.66,0.65,0.66,2612403,0.0
20151014,0.66,0.69,0.66,0.68,5284366,0.030303030303030276
20151015,0.69,0.7,0.68,0.69,3877630,0.014705882352941124
20151016,0.69,0.7,0.69,0.7,3644290,0.01449275362318847
20151019,0.7,0.7,0.69,0.7,2444275,0.0
20151020,0.69,0.7,0.69,0.69,1920380,-0.014285714285714346
20151021,0.7,0.7,0.68,0.69,2434352,0.0
20151022,0.69,0.71,0.69,0.71,2735505,0.02898550724637694
20151023,0.72,0.72,0.71,0.71,3226410,0.0
20151026,0.72,0.72,0.71,0.71,1883670,0.0
20151027,0.71,0.72,0.71,0.71,1505400,0.0
20151028,0.72,0.72,0.71,0.72,1941181,0.014084507042253502
20151029,0.71,0.71,0.69,0.69,2910437,-0.04166666666666674
20151030,0.7,0.71,0.69,0.71,2512003,0.02898550724637694
20151102,0.71,0.72,0.71,0.72,1575318,0.014084507042253502
20151103,0.71,0.72,0.7,0.71,3117030,-0.01388888888888895
20151104,0.71,0.72,0.7,0.7,3938149,-0.014084507042253502
20151105,0.7,0.71,0.69,0.69,3823810,-0.014285714285714346
20151106,0.76,0.8,0.75,0.79,9781043,0.14492753623188426
20151109,0.78,0.79,0.77,0.79,3950818,0.0
20151110,0.78,0.78,0.75,0.77,4633311,-0.025316455696202556
20151111,0.77,0.78,0.76,0.76,5211058,-0.012987012987012991
20151112,0.76,0.77,0.76,0.76,2471154,0.0
20151113,0.76,0.76,0.74,0.75,2493893,-0.013157894736842146
20151116,0.75,0.76,0.75,0.76,2558013,0.01333333333333342
20151117,0.76,0.77,0.76,0.76,1809734,0.0
20151118,0.76,0.78,0.75,0.78,2534276,0.026315789473684292
20151119,0.78,0.79,0.77,0.78,2038290,0.0
20151120,0.78,0.79,0.78,0.78,1945828,0.0
20151123,0.79,0.79,0.77,0.77,2088554,-0.012820512820512886
20151124,0.77,0.79,0.77,0.78,1609198,0.012987012987013102
20151125,0.78,0.79,0.78,0.78,1142564,0.0
20151127,0.78,0.79,0.78,0.78,729869,0.0
20151130,0.79,0.8,0.78,0.79,2157023,0.012820512820512775
20151201,0.8,0.82,0.8,0.82,3326051,0.03797468354430378
20151202,0.82,0.83,0.81,0.81,2340173,-0.012195121951219412
20151203,0.82,0.83,0.81,0.81,1955342,0.0
20151204,0.81,0.85,0.81,0.84,4013454,0.03703703703703698
20151207,0.84,0.84,0.83,0.83,2667532,-0.011904761904761862
20151208,0.82,0.84,0.81,0.84,2292812,0.012048192771084265
20151209,0.84,0.84,0.81,0.82,2652915,-0.023809523809523836
20151210,0.82,0.83,0.82,0.82,1978918,0.0
20151211,0.82,0.82,0.81,0.81,1782974,-0.012195121951219412
20151214,0.81,0.82,0.8,0.81,2136029,0.0
20151215,0.82,0.83,0.82,0.82,2509084,0.012345679012345512
20151216,0.83,0.83,0.82,0.83,2017658,0.012195121951219523
20151217,0.83,0.84,0.82,0.82,1597594,-0.012048192771084376
20151218,0.81,0.82,0.8,0.8,2685648,-0.024390243902438935
20151221,0.81,0.82,0.81,0.82,2005770,0.02499999999999991
20151222,0.83,0.83,0.82,0.82,1070945,0.0
20151223,0.82,0.83,0.82,0.83,1051914,0.012195121951219523
20151224,0.82,0.83,0.82,0.83,419524,0.0
20151228,0.82,0.83,0.81,0.83,1226289,0.0
20151229,0.83,0.84,0.83,0.84,1796433,0.012048192771084265
20151230,0.84,0.85,0.83,0.83,1583788,-0.011904761904761862
20151231,0.83,0.84,0.82,0.82,1243644,-0.012048192771084376
20160104,0.81,0.81,0.8,0.81,2965475,-0.012195121951219412
20160105,0.82,0.84,0.81,0.82,3569867,0.012345679012345512
20160106,0.81,0.81,0.78,0.79,3809296,-0.03658536585365846
20160107,0.77,0.77,0.75,0.76,5425064,-0.03797468354430378
20160108,0.77,0.77,0.74,0.74,3533690,-0.02631578947368418
20160111,0.74,0.75,0.73,0.74,3800266,0.0
20160112,0.75,0.77,0.75,0.75,3937680,0.013513513513513598
20160113,0.76,0.77,0.73,0.73,3981630,-0.026666666666666727
20160114,0.72,0.73,0.7,0.72,5028710,-0.013698630136986356
20160115,0.69,0.7,0.67,0.68,7090941,-0.05555555555555547
20160119,0.69,0.71,0.68,0.68,3871000,0.0
20160120,0.67,0.7,0.66,0.69,3866183,0.014705882352941124
20160121,0.69,0.71,0.68,0.7,3622801,0.01449275362318847
20160122,0.71,0.72,0.71,0.71,2145692,0.014285714285714235
20160125,0.71,0.72,0.71,0.71,2368073,0.0
20160126,0.71,0.72,0.7,0.72,1685259,0.014084507042253502
20160127,0.72,0.72,0.7,0.71,1924905,-0.01388888888888895
20160128,0.71,0.72,0.69,0.7,2480900,-0.014084507042253502
20160129,0.71,0.73,0.7,0.73,2439346,0.04285714285714293
20160201,0.73,0.74,0.73,0.73,2372941,0.0
20160202,0.73,0.73,0.7,0.7,2962132,-0.04109589041095896
20160203,0.71,0.71,0.69,0.71,2526165,0.014285714285714235
20160204,0.71,0.72,0.7,0.71,2921980,0.0
20160205,0.7,0.71,0.66,0.66,4408362,-0.07042253521126751
20160208,0.65,0.65,0.62,0.63,5353473,-0.045454545454545525
20160209,0.62,0.66,0.62,0.64,3660460,0.015873015873015817
20160210,0.64,0.66,0.63,0.64,3068360,0.0
20160211,0.62,0.64,0.62,0.63,2771727,-0.015625
20160212,0.64,0.64,0.62,0.64,2790513,0.015873015873015817
20160216,0.65,0.68,0.65,0.67,3954364,0.046875
20160217,0.68,0.7,0.68,0.69,6155478,0.02985074626865658
20160218,0.75,0.77,0.75,0.75,8228037,0.0869565217391306
20160219,0.75,0.77,0.74,0.76,4341099,0.01333333333333342
20160222,0.77,0.8,0.77,0.79,4002852,0.03947368421052633
20160223,0.78,0.8,0.78,0.79,3220258,0.0
20160224,0.79,0.8,0.77,0.8,3004344,0.012658227848101333
20160225,0.8,0.8,0.78,0.8,3170506,0.0
20160226,0.8,0.8,0.78,0.79,3056735,-0.012499999999999956
20160229,0.79,0.8,0.78,0.78,2614031,-0.012658227848101222
20160301,0.79,0.82,0.78,0.82,3037455,0.0512820512820511
20160302,0.81,0.83,0.81,0.82,2052481,0.0
20160303,0.82,0.83,0.81,0.82,1921651,0.0
20160304,0.82,0.82,0.81,0.81,1542067,-0.012195121951219412
20160307,0.81,0.81,0.8,0.81,1701818,0.0
20160308,0.8,0.81,0.79,0.79,1871734,-0.024691358024691357
20160309,0.8,0.8,0.78,0.79,1996444,0.0
20160310,0.8,0.8,0.78,0.79,2616418,0.0
20160311,0.8,0.81,0.79,0.81,2441675,0.025316455696202445
20160314,0.8,0.81,0.8,0.81,1503790,0.0
20160315,0.8,0.81,0.79,0.8,1589947,-0.012345679012345734
20160316,0.8,0.83,0.79,0.83,3288402,0.03749999999999987
20160317,0.82,0.83,0.81,0.82,3045254,-0.012048192771084376
20160318,0.83,0.86,0.83,0.85,4277669,0.03658536585365857
20160321,0.84,0.85,0.83,0.85,2597152,0.0
20160322,0.85,0.85,0.84,0.85,2021542,0.0
20160323,0.85,0.87,0.85,0.86,3835950,0.0117647058823529
20160324,0.85,0.86,0.85,0.86,1993796,0.0
20160328,0.86,0.87,0.86,0.87,2241846,0.011627906976744207
20160329,0.87,0.89,0.87,0.88,2357987,0.011494252873563315
20160330,0.89,0.91,0.89,0.89,3433077,0.011363636363636465
20160331,0.9,0.9,0.88,0.89,2596969,0.0
20160401,0.89,0.9,0.88,0.9,2699383,0.011235955056179803
20160404,0.91,0.92,0.89,0.89,3177411,-0.011111111111111072
20160405,0.89,0.9,0.88,0.89,2792700,0.0
20160406,0.88,0.9,0.87,0.89,4141311,0.0
20160407,0.89,0.9,0.88,0.89,3304314,0.0
20160408,0.89,0.9,0.88,0.89,2218973,0.0
20160411,0.9,0.91,0.89,0.9,3283387,0.011235955056179803
20160412,0.9,0.9,0.88,0.9,2499266,0.0
20160413,0.9,0.92,0.9,0.92,3007547,0.022222222222222143
20160414,0.92,0.93,0.91,0.92,3346693,0.0
20160415,0.92,0.94,0.92,0.93,3766110,0.010869565217391353
20160418,0.93,0.93,0.92,0.92,2503736,-0.010752688172043001
20160419,0.93,0.93,0.9,0.91,2716672,-0.010869565217391353
20160420,0.91,0.92,0.91,0.91,1774834,0.0
20160421,0.91,0.92,0.91,0.91,1486895,0.0
20160422,0.91,0.92,0.9,0.91,1797977,0.0
20160425,0.91,0.92,0.9,0.91,1510669,0.0
20160426,0.92,0.93,0.91,0.91,1914457,0.0
20160427,0.91,0.93,0.91,0.93,2950398,0.0219780219780219
20160428,0.93,0.93,0.9,0.91,3228822,-0.021505376344086002
20160429,0.9,0.9,0.88,0.89,2694145,-0.02197802197802201
20160502,0.9,0.91,0.89,0.9,2159641,0.011235955056179803
20160503,0.89,0.89,0.88,0.89,1815771,-0.011111111111111072
20160504,0.88,0.88,0.86,0.87,4180821,-0.022471910112359605
20160505,0.88,0.88,0.87,0.87,2131889,0.0
20160506,0.87,0.89,0.87,0.88,1590755,0.011494252873563315
20160509,0.89,0.89,0.87,0.88,2731779,0.0
20160510,0.89,0.9,0.88,0.9,2406222,0.022727272727272707
20160511,0.9,0.91,0.9,0.9,2490379,0.0
20160512,0.91,0.91,0.87,0.89,5306098,-0.011111111111111072
20160513,0.98,1.03,0.98,1.02,17113744,0.146067415730337
20160516,1.02,1.07,1.01,1.05,8524693,0.02941176470588247
20160517,1.05,1.06,1.04,1.06,5042452,0.00952380952380949
20160518,1.05,1.1,1.05,1.08,4677852,0.018867924528301883
20160519,1.08,1.1,1.08,1.09,3328232,0.0092592592592593
20160520,1.1,1.11,1.09,1.11,3461452,0.01834862385321112
20160523,1.11,1.12,1.1,1.11,3072124,0.0
20160524,1.11,1.14,1.11,1.13,3421513,0.018018018018017834
20160525,1.14,1.14,1.12,1.13,3948664,0.0
20160526,1.13,1.15,1.13,1.14,2805715,0.008849557522123908
20160527,1.14,1.15,1.14,1.15,1847936,0.00877192982456143
20160531,1.15,1.17,1.15,1.17,2766915,0.01739130434782621
20160601,1.16,1.18,1.16,1.17,2749157,0.0
20160602,1.18,1.19,1.17,1.18,2766418,0.008547008547008517
20160603,1.17,1.17,1.14,1.16,4153314,-0.016949152542372947
20160606,1.17,1.17,1.15,1.16,2936760,0.0
20160607,1.16,1.17,1.16,1.16,1650398,0.0
20160608,1.16,1.16,1.15,1.15,2094012,-0.008620689655172376
20160609,1.15,1.19,1.15,1.18,4063083,0.026086956521739202
20160610,1.17,1.18,1.15,1.16,3654939,-0.016949152542372947
20160613,1.16,1.19,1.16,1.17,3588474,0.008620689655172376
20160614,1.17,1.18,1.15,1.17,2403031,0.0
20160615,1.18,1.19,1.17,1.18,2349297,0.008547008547008517
20160616,1.18,1.19,1.16,1.19,1915708,0.008474576271186418
20160617,1.19,1.19,1.16,1.17,2737641,-0.01680672268907568
20160620,1.19,1.2,1.19,1.19,2457586,0.017094017094017033
20160621,1.2,1.2,1.18,1.18,1773285,-0.008403361344537785
20160622,1.18,1.19,1.18,1.18,1643324,0.0
20160623,1.19,1.21,1.19,1.21,2553415,0.025423728813559254
20160624,1.16,1.18,1.13,1.14,5516122,-0.05785123966942152
20160627,1.13,1.14,1.11,1.13,3992581,-0.00877192982456143
20160628,1.15,1.15,1.13,1.15,3335622,0.017699115044247815
20160629,1.16,1.18,1.15,1.17,2802101,0.01739130434782621
20160630,1.17,1.18,1.16,1.18,3157601,0.008547008547008517
20160701,1.17,1.18,1.16,1.17,1890870,-0.008474576271186418
20160705,1.16,1.19,1.15,1.18,3353310,0.008547008547008517
20160706,1.18,1.2,1.17,1.19,2325274,0.008474576271186418
20160707,1.2,1.23,1.19,1.22,3488489,0.025210084033613578
20160708,1.24,1.28,1.23,1.27,4219630,0.040983606557376984
20160711,1.29,1.31,1.29,1.3,3747071,0.023622047244094446
20160712,1.32,1.33,1.3,1.32,3762134,0.01538461538461533
20160713,1.32,1.33,1.32,1.32,2646758,0.0
20160714,1.33,1.34,1.32,1.33,2756852,0.007575757575757569
20160715,1.31,1.32,1.3,1.32,3766048,-0.007518796992481258
20160718,1.33,1.34,1.32,1.32,2180003,0.0
20160719,1.32,1.34,1.32,1.34,2393311,0.015151515151515138
20160720,1.34,1.36,1.34,1.36,2595979,0.014925373134328401
20160721,1.35,1.36,1.33,1.33,3154817,-0.022058823529411797
20160722,1.34,1.37,1.33,1.37,2567152,0.03007518796992481
20160725,1.38,1.4,1.37,1.39,2764859,0.014598540145985162
20160726,1.4,1.42,1.4,1.42,3887332,0.021582733812949728
20160727,1.43,1.43,1.39,1.4,3801812,-0.014084507042253502
20160728,1.4,1.42,1.4,1.4,1829076,0.0
20160729,1.41,1.43,1.38,1.43,3605026,0.021428571428571352
20160801,1.43,1.44,1.41,1.42,2522225,-0.006993006993006978
20160802,1.43,1.43,1.39,1.4,2172686,-0.014084507042253502
20160803,1.4,1.41,1.39,1.4,2472488,0.0
20160804,1.41,1.44,1.41,1.43,2289088,0.021428571428571352
20160805,1.45,1.46,1.44,1.46,2558337,0.020979020979021046
20160808,1.48,1.48,1.45,1.47,2500795,0.006849315068493178
20160809,1.48,1.49,1.47,1.47,3308274,0.0
20160810,1.48,1.49,1.46,1.46,3195676,-0.006802721088435382
20160811,1.47,1.5,1.47,1.49,5112954,0.020547945205479534
20160812,1.55,1.58,1.52,1.58,12669527,0.06040268456375841
20160815,1.58,1.59,1.55,1.57,4446340,-0.006329113924050667
20160816,1.57,1.57,1.56,1.57,2532640,0.0
20160817,1.57,1.57,1.52,1.53,5244123,-0.02547770700636942
20160818,1.53,1.56,1.52,1.55,2712423,0.013071895424836555
20160819,1.55,1.57,1.55,1.56,2457858,0.006451612903225712
20160822,1.56,1.57,1.54,1.56,1973226,0.0
20160823,1.58,1.58,1.57,1.57,2785837,0.0064102564102563875
20160824,1.58,1.58,1.54,1.55,2489096,-0.01273885350318471
20160825,1.55,1.55,1.52,1.54,3208005,-0.006451612903225823
20160826,1.54,1.56,1.53,1.55,2544145,0.006493506493506551
20160829,1.56,1.56,1.55,1.55,2114340,0.0
20160830,1.55,1.56,1.54,1.54,2201774,-0.006451612903225823
20160831,1.54,1.55,1.53,1.53,3025752,-0.006493506493506551
20160901,1.53,1.58,1.53,1.58,3795134,0.03267973856209161
20160902,1.58,1.58,1.55,1.56,2800189,-0.012658227848101222
20160906,1.57,1.58,1.56,1.58,2559891,0.012820512820512775
20160907,1.57,1.58,1.55,1.55,2568474,-0.01898734177215189
20160908,1.55,1.57,1.54,1.57,2274851,0.012903225806451646
20160909,1.55,1.56,1.48,1.49,6150296,-0.05095541401273884
20160912,1.47,1.52,1.43,1.52,5003345,0.020134228187919545
20160913,1.52,1.53,1.49,1.5,3307302,-0.013157894736842146
20160914,1.5,1.52,1.49,1.51,2525149,0.006666666666666599
20160915,1.51,1.57,1.51,1.57,4261760,0.039735099337748325
20160916,1.57,1.58,1.55,1.57,4624237,0.0
20160919,1.59,1.63,1.58,1.59,3609856,0.01273885350318471
20160920,1.6,1.61,1.57,1.58,2631165,-0.0062893081761006275
20160921,1.58,1.62,1.58,1.62,2928407,0.025316455696202445
20160922,1.63,1.64,1.62,1.63,2609955,0.006172839506172645
20160923,1.63,1.63,1.62,1.62,2274014,-0.006134969325153228
20160926,1.61,1.61,1.59,1.61,1880736,-0.006172839506172867
20160927,1.6,1.67,1.6,1.66,3553490,0.03105590062111796
20160928,1.67,1.67,1.65,1.67,2744552,0.006024096385542244
20160929,1.67,1.69,1.65,1.69,2792366,0.011976047904191711
20160930,1.69,1.73,1.68,1.71,3405720,0.01183431952662728
20161003,1.71,1.74,1.71,1.71,1985058,0.0
20161004,1.72,1.74,1.69,1.71,2421311,0.0
20161005,1.72,1.74,1.7,1.71,2448086,0.0
20161006,1.69,1.7,1.66,1.68,3123234,-0.01754385964912286
20161007,1.69,1.7,1.67,1.67,2504912,-0.005952380952380931
20161010,1.68,1.69,1.66,1.68,2511456,0.0059880239520957446
20161011,1.67,1.67,1.64,1.65,2852200,-0.017857142857142905
20161012,1.65,1.67,1.63,1.66,2379930,0.0060606060606061
20161013,1.64,1.65,1.59,1.63,3392835,-0.01807228915662651
20161014,1.65,1.66,1.64,1.65,2202022,0.012269938650306678
20161017,1.65,1.66,1.64,1.64,1670306,-0.0060606060606061
20161018,1.66,1.67,1.66,1.67,1933076,0.018292682926829285
20161019,1.65,1.67,1.65,1.66,1451808,-0.005988023952095856
20161020,1.68,1.7,1.66,1.69,2723935,0.01807228915662651
20161021,1.69,1.69,1.67,1.69,1578098,0.0
20161024,1.7,1.77,1.7,1.77,2821234,0.047337278106508895
20161025,1.76,1.81,1.76,1.8,3296872,0.016949152542372836
20161026,1.78,1.82,1.78,1.8,2827814,0.0
20161027,1.82,1.82,1.76,1.77,2715528,-0.01666666666666672
20161028,1.78,1.8,1.76,1.76,2442707,-0.005649717514124353
20161031,1.77,1.79,1.77,1.78,2065000,0.011363636363636465
20161101,1.79,1.8,1.71,1.73,3406658,-0.028089887640449507
20161102,1.74,1.76,1.72,1.72,2453311,-0.005780346820809301
20161103,1.73,1.73,1.67,1.7,2710334,-0.011627906976744207
20161104,1.69,1.72,1.66,1.69,2861016,-0.00588235294117645
20161107,1.74,1.79,1.74,1.78,3956938,0.053254437869822535
20161108,1.79,1.79,1.76,1.78,2612708,0.0
20161109,1.73,1.77,1.72,1.75,3927791,-0.016853932584269704
20161110,1.79,1.79,1.67,1.69,6069468,-0.034285714285714364
20161111,1.99,2.22,1.96,2.2,18822564,0.3017751479289943
20161114,2.2,2.2,2.09,2.09,7834950,-0.050000000000000155
20161115,2.11,2.19,2.1,2.15,5473581,0.028708133971291794
20161116,2.18,2.31,2.16,2.29,8560079,0.06511627906976747
20161117,2.31,2.37,2.27,2.31,7606529,0.008733624454148492
20161118,2.31,2.36,2.3,2.33,5165745,0.008658008658008587
20161121,2.35,2.36,2.31,2.32,3588704,-0.0042918454935623185
20161122,2.33,2.34,2.31,2.34,2708611,0.008620689655172376
20161123,2.34,2.38,2.32,2.35,3727783,0.00427350427350448
20161125,2.36,2.38,2.34,2.35,1657708,0.0
20161128,2.35,2.37,2.34,2.35,2128517,0.0
20161129,2.35,2.36,2.31,2.33,3013427,-0.008510638297872353
20161130,2.34,2.35,2.3,2.31,3023617,-0.008583690987124526
20161201,2.3,2.3,2.12,2.19,8809504,-0.051948051948051965
20161202,2.16,2.22,2.13,2.21,4186373,0.009132420091324311
20161205,2.25,2.32,2.23,2.3,4561538,0.040723981900452344
20161206,2.31,2.34,2.29,2.33,3894536,0.013043478260869712
20161207,2.32,2.38,2.3,2.38,4147541,0.02145922746781115
20161208,2.38,2.42,2.33,2.34,3345810,-0.01680672268907568
20161209,2.36,2.36,2.27,2.3,3360324,-0.017094017094017144
20161212,2.25,2.25,2.19,2.24,5159562,-0.02608695652173898
20161213,2.25,2.31,2.25,2.28,3291878,0.01785714285714257
20161214,2.31,2.43,2.29,2.41,8663538,0.05701754385964919
20161215,2.42,2.5,2.42,2.47,6518516,0.024896265560165887
20161216,2.5,2.52,2.44,2.51,7394056,0.0161943319838056
20161219,2.49,2.56,2.48,2.54,6672056,0.01195219123505975
20161220,2.61,2.65,2.6,2.63,7537273,0.03543307086614167
20161221,2.64,2.65,2.59,2.65,5074475,0.0076045627376426506
20161222,2.67,2.72,2.66,2.68,6534844,0.01132075471698113
20161223,2.66,2.75,2.66,2.74,5767738,0.02238805970149249
20161227,2.8,2.93,2.78,2.93,10954690,0.06934306569343063
20161228,2.99,3.0,2.72,2.73,20699502,-0.06825938566552903
20161229,2.62,2.79,2.57,2.79,19045802,0.0219780219780219
20161230,2.78,2.8,2.66,2.67,10939650,-0.043010752688172116
20170103,2.61,2.66,2.48,2.55,13344040,-0.0449438202247191
20170104,2.59,2.64,2.54,2.61,10441028,0.0235294117647058
20170105,2.61,2.65,2.53,2.54,8477016,-0.026819923371647403
20170106,2.57,2.61,2.53,2.58,6482020,0.015748031496062964
20170109,2.59,2.7,2.59,2.68,8319544,0.03875968992248069
20170110,2.7,2.73,2.64,2.66,6703079,-0.007462686567164201
20170111,2.65,2.66,2.6,2.63,4394638,-0.011278195488721887
20170112,2.61,2.62,2.54,2.59,5586738,-0.01520912547528519
20170113,2.59,2.63,2.58,2.59,3993336,0.0
20170117,2.57,2.58,2.51,2.53,4862061,-0.02316602316602323
20170118,2.51,2.58,2.48,2.57,4904384,0.015810276679841806
20170119,2.58,2.66,2.57,2.63,5313239,0.023346303501945442
20170120,2.65,2.67,2.58,2.6,4295920,-0.011406844106463754
20170123,2.6,2.65,2.59,2.63,3170270,0.011538461538461497
20170124,2.64,2.69,2.62,2.68,3773681,0.019011406844106515
20170125,2.73,2.73,2.66,2.69,4641045,0.003731343283581934
20170126,2.7,2.75,2.67,2.74,4065776,0.01858736059479571
20170127,2.75,2.8,2.72,2.79,4093707,0.018248175182481674
20170130,2.77,2.78,2.7,2.75,4386086,-0.014336917562724039
20170131,2.72,2.75,2.71,2.73,3005763,-0.0072727272727273196
20170201,2.76,2.85,2.75,2.85,5232338,0.04395604395604402
20170202,2.83,2.89,2.8,2.88,4252722,0.010526315789473717
20170203,2.89,2.9,2.85,2.86,3279756,-0.00694444444444442
20170206,2.85,2.93,2.85,2.93,4249026,0.02447552447552459
20170207,2.97,3.02,2.95,2.98,6571874,0.017064846416382284
20170208,2.96,2.98,2.91,2.97,3885302,-0.003355704697986517
20170209,2.97,2.98,2.89,2.91,5951126,-0.02020202020202022
20170210,3.0,3.02,2.82,2.84,14524631,-0.024054982817869552
20170213,2.83,2.85,2.71,2.71,10523356,-0.04577464788732388
20170214,2.7,2.75,2.66,2.72,7563385,0.0036900369003691758
20170215,2.72,2.75,2.69,2.73,3242093,0.003676470588235281
20170216,2.73,2.74,2.64,2.68,5623947,-0.01831501831501825
20170217,2.67,2.69,2.62,2.68,4878438,0.0
20170221,2.71,2.78,2.71,2.78,4601538,0.03731343283582067
20170222,2.79,2.8,2.75,2.77,3657418,-0.003597122302158251
20170223,2.64,2.66,2.49,2.51,14310525,-0.09386281588447665
20170224,2.43,2.55,2.39,2.54,8701244,0.01195219123505975
20170227,2.55,2.63,2.54,2.61,6090673,0.027559055118110187
20170228,2.62,2.63,2.52,2.54,5123236,-0.026819923371647403
20170301,2.59,2.61,2.53,2.57,4264963,0.011811023622047223
20170302,2.56,2.57,2.47,2.48,6291956,-0.035019455252918275
20170303,2.46,2.47,2.41,2.46,7731941,-0.008064516129032251
20170306,2.43,2.45,2.38,2.44,8139282,-0.008130081300813052
20170307,2.44,2.49,2.43,2.47,5406060,0.012295081967213184
20170308,2.52,2.53,2.46,2.46,5585007,-0.004048582995951455
20170309,2.45,2.49,2.44,2.46,3981061,0.0
20170310,2.49,2.5,2.46,2.48,4246177,0.008130081300812941
20170313,2.49,2.56,2.49,2.55,6766890,0.028225806451612767
20170314,2.56,2.57,2.51,2.54,4514758,-0.0039215686274508554
20170315,2.56,2.57,2.51,2.56,5426434,0.007874015748031482
20170316,2.57,2.6,2.56,2.6,4689861,0.015625
20170317,2.61,2.65,2.6,2.65,6983630,0.019230769230769162
20170320,2.67,2.74,2.65,2.74,6764988,0.03396226415094361
20170321,2.72,2.75,2.64,2.65,8060789,-0.03284671532846728
20170322,2.64,2.71,2.63,2.7,5528080,0.018867924528301883
20170323,2.69,2.71,2.67,2.68,4544716,-0.007407407407407418
20170324,2.72,2.73,2.66,2.69,3695584,0.003731343283581934
20170327,2.64,2.71,2.59,2.71,4406630,0.0074349442379182396
20170328,2.71,2.72,2.68,2.69,3689126,-0.0073800738007380184
20170329,2.7,2.71,2.68,2.68,2830598,-0.0037174721189590088
20170330,2.69,2.75,2.69,2.74,4742000,0.02238805970149249
20170331,2.73,2.75,2.71,2.72,3833258,-0.007299270072992692
20170403,2.72,2.74,2.69,2.71,3790208,-0.003676470588235392
20170404,2.59,2.61,2.51,2.52,10796054,-0.07011070110701101
20170405,2.5,2.56,2.49,2.5,6712795,-0.007936507936507908
20170406,2.51,2.53,2.46,2.52,5763969,0.008000000000000007
20170407,2.53,2.54,2.49,2.51,3589778,-0.003968253968254065
20170410,2.51,2.52,2.44,2.44,5671166,-0.027888446215139417
20170411,2.41,2.47,2.41,2.45,5411594,0.004098360655737876
20170412,2.45,2.47,2.43,2.43,3471246,-0.008163265306122436
20170413,2.41,2.43,2.39,2.39,4429248,-0.016460905349794275
20170417,2.4,2.48,2.4,2.48,4225052,0.03765690376569042
20170418,2.47,2.49,2.44,2.48,3281492,0.0
20170419,2.5,2.52,2.25,2.49,3375370,0.0040322580645162365
20170420,2.51,2.54,2.49,2.53,3452728,0.016064257028112205
20170421,2.52,2.54,2.51,2.54,3010417,0.0039525691699606735
20170424,2.57,2.59,2.55,2.57,3115141,0.011811023622047223
20170425,2.59,2.63,2.57,2.62,3247173,0.01945525291828809
20170426,2.63,2.63,2.6,2.6,2898668,-0.007633587786259555
20170427,2.61,2.65,2.59,2.64,2538646,0.01538461538461533
20170428,2.63,2.64,2.6,2.61,2706872,-0.011363636363636465
20170501,2.62,2.67,2.61,2.67,2528567,0.02298850574712641
20170502,2.64,2.64,2.56,2.59,5372416,-0.029962546816479474
20170503,2.58,2.62,2.57,2.61,2939324,0.007722007722007707
20170504,2.61,2.62,2.59,2.6,1797290,-0.003831417624520994
20170505,2.58,2.6,2.57,2.6,1889929,0.0
20170508,2.61,2.61,2.56,2.57,2879186,-0.011538461538461608
20170509,2.58,2.62,2.57,2.57,4632396,0.0
20170510,2.86,3.05,2.85,3.03,17321138,0.17898832684824906
20170511,3.0,3.26,3.0,3.16,17470724,0.04290429042904309
20170512,3.17,3.24,3.14,3.2,8337536,0.012658227848101333
20170515,3.24,3.36,3.23,3.36,9566195,0.04999999999999982
20170516,3.41,3.44,3.33,3.42,10046639,0.017857142857142794
20170517,3.35,3.37,3.19,3.19,11227993,-0.06725146198830412
20170518,3.24,3.34,3.18,3.33,10147209,0.043887147335423204
20170519,3.43,3.46,3.38,3.4,9107520,0.02102102102102088
20170522,3.44,3.49,3.43,3.47,7592895,0.020588235294117796
20170523,3.49,3.49,3.39,3.43,5822959,-0.011527377521613813
20170524,3.53,3.53,3.45,3.46,7223962,0.008746355685131046
20170525,3.5,3.5,3.41,3.46,5368326,0.0
20170526,3.45,3.63,3.43,3.55,7102470,0.026011560693641522
20170530,3.59,3.66,3.58,3.62,7984194,0.019718309859154903
20170531,3.67,3.68,3.55,3.61,7160899,-0.002762430939226568
20170601,3.62,3.63,3.56,3.61,4111645,0.0
20170602,3.61,3.63,3.59,3.59,4265167,-0.005540166204986208
20170605,3.57,3.71,3.56,3.7,7437394,0.03064066852367686
20170606,3.7,3.74,3.67,3.68,6361124,-0.005405405405405461
20170607,3.71,3.75,3.69,3.73,5359673,0.013586956521739024
20170608,3.84,4.0,3.79,4.0,9976935,0.07238605898123329
20170609,4.12,4.21,3.57,3.74,33418833,-0.06499999999999995
20170612,3.65,3.79,3.55,3.75,14848740,0.002673796791443861
20170613,3.86,3.87,3.64,3.79,14210941,0.010666666666666602
20170614,3.79,3.85,3.71,3.79,10438914,0.0
20170615,3.67,3.84,3.66,3.81,8561387,0.005277044854881341
20170616,3.82,3.87,3.76,3.79,6933128,-0.005249343832021025
20170619,3.84,3.94,3.83,3.93,6630342,0.03693931398416894
20170620,3.98,4.04,3.92,3.93,9576514,0.0
20170621,3.96,3.99,3.89,3.99,6118202,0.01526717557251911
20170622,4.0,4.01,3.94,3.96,4061497,-0.007518796992481258
20170623,3.97,3.98,3.83,3.85,7307076,-0.02777777777777779
20170626,3.88,3.92,3.71,3.8,9630649,-0.012987012987013102
20170627,3.79,3.79,3.66,3.66,8821816,-0.03684210526315779
20170628,3.73,3.8,3.64,3.79,8420143,0.03551912568306004
20170629,3.77,3.77,3.6,3.67,8976706,-0.0316622691292876
20170630,3.68,3.7,3.59,3.61,5738892,-0.016348773841961872
20170703,3.63,3.64,3.46,3.48,6127507,-0.03601108033240996
20170705,3.55,3.61,3.53,3.58,7054898,0.028735632183908066
20170706,3.55,3.63,3.49,3.59,6535994,0.0027932960893854997
20170707,3.64,3.69,3.62,3.67,5743716,0.022284122562674202
20170710,3.74,3.85,3.72,3.84,8362892,0.04632152588555849
20170711,3.85,3.9,3.8,3.9,6469926,0.015625
20170712,3.96,4.08,3.91,4.06,10168602,0.04102564102564088
20170713,4.08,4.16,3.97,4.02,12292424,-0.009852216748768461
20170714,4.04,4.13,4.03,4.12,8510650,0.024875621890547484
20170717,4.16,4.19,4.04,4.11,8011347,-0.0024271844660194164
20170718,4.04,4.16,4.03,4.15,6798804,0.009732360097323589
20170719,4.16,4.19,4.12,4.13,5774442,-0.004819277108433884
20170720,4.15,4.19,4.1,4.19,6279986,0.014527845036319764
20170721,4.17,4.23,4.15,4.2,5634345,0.0023866348448686736
20170724,4.21,4.22,4.14,4.15,5691947,-0.011904761904761862
20170725,4.13,4.15,4.09,4.13,4094132,-0.004819277108433884
20170726,4.19,4.25,4.15,4.18,5439177,0.012106537530266248
20170727,4.2,4.22,3.94,4.04,6588317,-0.03349282296650713
20170728,4.01,4.13,3.98,4.11,4295334,0.017326732673267342
20170731,4.12,4.16,4.02,4.06,4596819,-0.012165450121654708
20170801,4.05,4.11,4.03,4.11,3558093,0.012315270935960854
20170802,4.14,4.15,4.03,4.11,4021305,0.0
20170803,4.11,4.17,4.09,4.16,3748800,0.012165450121654375
20170804,4.19,4.25,4.16,4.18,5218106,0.004807692307692291
20170807,4.21,4.31,4.2,4.31,6254338,0.031100478468899517
20170808,4.35,4.36,4.22,4.26,6440521,-0.011600928074245953
20170809,4.21,4.3,4.19,4.3,4455272,0.009389671361502261
20170810,4.3,4.32,4.11,4.12,9060178,-0.041860465116279055
20170811,3.93,3.98,3.82,3.9,12267006,-0.05339805825242727
20170814,3.99,4.21,3.98,4.21,11260337,0.07948717948717943
20170815,4.22,4.24,4.14,4.17,6681746,-0.009501187648456089
20170816,4.19,4.21,4.1,4.13,5202120,-0.00959232613908878
20170817,4.12,4.14,4.03,4.04,4497758,-0.021791767554479424
20170818,4.09,4.11,3.99,4.04,5166579,0.0
20170821,4.06,4.07,3.93,3.98,5277661,-0.014851485148514865
20170822,4.01,4.07,3.99,4.06,3882736,0.02010050251256268
20170823,4.03,4.16,4.02,4.15,4548772,0.022167487684729315
20170824,4.18,4.18,4.1,4.13,4069027,-0.004819277108433884
20170825,4.15,4.16,4.09,4.1,2927521,-0.007263922518159882
20170828,4.11,4.13,4.06,4.12,3067340,0.004878048780487809
20170829,4.06,4.14,4.06,4.12,2736212,0.0
20170830,4.14,4.15,4.11,4.14,3156519,0.004854368932038833
20170831,4.16,4.24,4.15,4.24,4671682,0.024154589371980784
20170901,4.25,4.3,4.24,4.26,3858515,0.004716981132075304
20170905,4.21,4.21,4.09,4.15,6154590,-0.025821596244131273
20170906,4.18,4.2,4.11,4.15,3480374,0.0
20170907,4.16,4.2,4.12,4.16,3107184,0.00240963855421672
20170908,4.15,4.17,4.07,4.09,4271891,-0.016826923076923128
20170911,4.14,4.24,4.13,4.23,4714234,0.03422982885085579
20170912,4.25,4.25,4.17,4.24,3505330,0.0023640661938533203
20170913,4.21,4.29,4.18,4.26,4681612,0.004716981132075304
20170914,4.22,4.31,4.2,4.24,4442088,-0.004694835680751019
20170915,4.32,4.5,4.32,4.5,11703484,0.061320754716981174
20170918,4.63,4.78,4.62,4.69,14575220,0.04222222222222238
20170919,4.64,4.75,4.62,4.68,7532204,-0.002132196162047073
20170920,4.69,4.74,4.61,4.65,5774578,-0.0064102564102562765
20170921,4.54,4.57,4.44,4.52,9158286,-0.027956989247312047
20170922,4.51,4.56,4.47,4.48,4264418,-0.008849557522123686
20170925,4.44,4.45,4.25,4.28,6900170,-0.044642857142857206
20170926,4.41,4.47,4.26,4.3,9503832,0.004672897196261516
20170927,4.39,4.41,4.32,4.39,6060623,0.020930232558139528
20170928,4.4,4.4,4.34,4.39,3466806,0.0
20170929,4.48,4.49,4.43,4.47,5049154,0.018223234624145768
20171002,4.52,4.55,4.43,4.48,4240492,0.0022371364653246406
20171003,4.48,4.51,4.44,4.48,3422068,0.0
20171004,4.49,4.54,4.45,4.52,3699500,0.008928571428571175
20171005,4.55,4.55,4.49,4.52,3708494,0.0
20171006,4.49,4.55,4.48,4.53,2692278,0.0022123893805310324
20171009,4.57,4.67,4.55,4.63,4733644,0.02207505518763786
20171010,4.79,4.82,4.68,4.72,8166942,0.01943844492440605
20171011,4.74,4.78,4.69,4.77,4503762,0.010593220338982912
20171012,4.78,4.83,4.75,4.78,4448746,0.002096436058700357
20171013,4.84,4.88,4.79,4.86,5362658,0.01673640167364021
20171016,4.89,4.95,4.83,4.95,4832421,0.01851851851851838
20171017,4.93,4.97,4.91,4.94,4044957,-0.002020202020201922
20171018,4.95,4.95,4.83,4.94,4984268,0.0
20171019,4.86,4.95,4.81,4.95,4913384,0.002024291497975561
20171020,4.96,4.99,4.91,4.92,3787336,-0.0060606060606061
20171023,4.94,4.97,4.9,4.92,3623962,0.0
20171024,4.92,4.97,4.9,4.97,3472524,0.010162601626016121
20171025,4.93,4.98,4.78,4.84,7162284,-0.026156941649899346
20171026,4.87,4.9,4.85,4.89,2691340,0.010330578512396604
20171027,4.94,5.05,4.92,5.05,4845268,0.0327198364008181
20171030,5.05,5.15,5.03,5.1,4256182,0.00990099009900991
20171031,5.13,5.2,5.12,5.17,3293649,0.013725490196078383
20171101,5.23,5.25,5.12,5.18,4249381,0.0019342359767891004
20171102,5.15,5.2,5.09,5.15,2800994,-0.005791505791505669
20171103,5.18,5.22,5.13,5.22,2925394,0.013592233009708687
20171106,5.18,5.25,5.17,5.24,3215739,0.003831417624521105
20171107,5.26,5.32,5.25,5.3,3538185,0.011450381679389166
20171108,5.3,5.3,5.18,5.23,4402620,-0.013207547169811207
20171109,5.13,5.16,5.01,5.13,6749740,-0.019120458891013437
20171110,5.33,5.47,5.29,5.4,10557666,0.052631578947368585
20171113,5.4,5.43,5.3,5.32,4887255,-0.014814814814814836
20171114,5.33,5.37,5.28,5.35,4291292,0.005639097744360777
20171115,5.3,5.3,5.2,5.25,4065712,-0.01869158878504662
20171116,5.32,5.35,5.28,5.29,3354905,0.007619047619047636
20171117,5.35,5.38,5.27,5.28,4159092,-0.001890359168241873
20171120,5.3,5.36,5.26,5.35,3118356,0.01325757575757569
20171121,5.39,5.41,5.36,5.4,3273315,0.009345794392523477
20171122,5.43,5.43,5.34,5.37,2708139,-0.005555555555555647
20171124,5.39,5.43,5.37,5.42,1485762,0.009310986964618184
20171127,5.43,5.43,5.35,5.35,2857124,-0.01291512915129156
20171128,5.36,5.37,5.21,5.27,3999007,-0.014953271028037451
20171129,5.25,5.25,4.78,4.91,11682054,-0.06831119544592024
20171130,4.98,5.07,4.92,5.02,6390770,0.02240325865580428
20171201,4.99,5.0,4.81,4.94,5338756,-0.015936254980079556
20171204,5.0,5.01,4.61,4.67,9411697,-0.05465587044534426
20171205,4.56,4.82,4.51,4.69,7300106,0.004282655246252709
20171206,4.64,4.75,4.62,4.73,3852461,0.008528784648187626
20171207,4.79,4.84,4.75,4.8,4085346,0.014799154334038
20171208,4.85,4.87,4.78,4.79,3672541,-0.002083333333333326
20171211,4.8,4.87,4.79,4.87,3153254,0.016701461377870652
20171212,4.82,4.85,4.75,4.77,3539843,-0.020533880903490842
20171213,4.81,4.81,4.65,4.65,4667338,-0.0251572327044024
20171214,4.65,4.73,4.62,4.66,3505574,0.0021505376344086446
20171215,4.71,4.81,4.64,4.79,4989806,0.027896995708154515
20171218,4.83,4.95,4.8,4.95,3947604,0.03340292275574108
20171219,4.94,4.94,4.87,4.9,3066124,-0.010101010101010055
20171220,4.94,4.95,4.86,4.92,2320294,0.004081632653061051
20171221,4.92,4.95,4.89,4.9,2419031,-0.004065040650406471
20171222,4.86,4.89,4.78,4.88,4002562,-0.004081632653061273
20171226,4.83,4.94,4.8,4.94,2789786,0.012295081967213184
20171227,4.92,5.0,4.91,4.93,2686874,-0.002024291497975894
20171228,4.95,4.98,4.93,4.94,2024258,0.0020283975659229903
20171229,4.96,4.96,4.84,4.84,2236779,-0.020242914979757165
20180102,4.89,4.99,4.86,4.98,2575884,0.02892561983471076
20180103,5.1,5.34,5.09,5.31,7654256,0.06626506024096379
20180104,5.39,5.45,5.32,5.34,4688399,0.005649717514124353
20180105,5.35,5.42,5.28,5.39,4589205,0.009363295880149725
20180108,5.51,5.63,5.46,5.55,6782564,0.029684601113172615
20180109,5.56,5.6,5.47,5.55,3812122,0.0
20180110,5.46,5.6,5.4,5.59,4700341,0.007207207207207134
20180111,5.62,5.66,5.58,5.6,3188517,0.0017889087656528524
20180112,5.59,5.62,5.53,5.57,2843498,-0.005357142857142727
20180116,5.6,5.69,5.42,5.5,5782188,-0.012567324955116699
20180117,5.52,5.63,5.42,5.62,4355194,0.021818181818181737
20180118,5.6,5.67,5.57,5.61,3307621,-0.001779359430604921
20180119,5.7,5.78,5.68,5.75,4634887,0.024955436720142554
20180122,5.76,5.84,5.7,5.84,3152708,0.01565217391304352
20180123,5.89,6.0,5.88,5.97,3534954,0.022260273972602773
20180124,5.97,6.01,5.84,5.9,4395168,-0.011725293132328174
20180125,5.94,5.99,5.89,5.91,3175149,0.0016949152542371504
20180126,5.95,6.08,5.94,6.08,3730140,0.02876480541455151
20180129,6.07,6.2,6.02,6.17,3208369,0.014802631578947345
20180130,6.03,6.16,5.96,6.07,4028460,-0.01620745542949753
20180131,6.14,6.23,6.11,6.15,3475898,0.01317957166392092
20180201,5.96,6.17,5.95,6.01,3873796,-0.02276422764227648
20180202,5.93,5.95,5.78,5.84,5405376,-0.028286189683860208
20180205,5.67,5.83,5.13,5.34,9205355,-0.08561643835616439
20180206,5.11,5.64,5.1,5.64,8667612,0.05617977528089879
20180207,5.74,5.87,5.67,5.72,6579305,0.014184397163120588
20180208,5.85,5.88,5.44,5.44,7217527,-0.04895104895104885
20180209,5.96,5.97,5.44,5.8,13753048,0.06617647058823528
20180212,5.88,5.89,5.63,5.7,9243436,-0.01724137931034475
20180213,5.66,5.86,5.63,5.82,5113862,0.021052631578947434
20180214,5.78,6.07,5.76,6.04,5918789,0.03780068728522323
20180215,6.12,6.21,6.04,6.16,5749304,0.019867549668874274
20180216,6.14,6.25,6.09,6.1,5094281,-0.009740259740259827
20180220,6.12,6.3,6.12,6.23,5319928,0.021311475409836245
20180221,6.29,6.3,6.03,6.04,6606423,-0.03049759229534521
20180222,6.07,6.14,5.99,6.05,4011295,0.0016556291390728006
20180223,6.11,6.15,6.06,6.15,3164018,0.016528925619834878
20180226,6.2,6.2,6.1,6.16,3445062,0.001626016260162677
20180227,6.13,6.22,6.13,6.15,3198505,-0.0016233766233766378
20180228,6.17,6.2,6.04,6.05,3606714,-0.016260162601626105
20180301,6.05,6.1,5.7,5.81,7480092,-0.03966942148760333
20180302,5.7,5.92,5.55,5.91,6712913,0.017211703958692093
20180305,5.86,5.93,5.74,5.89,4919892,-0.0033840947546531774
20180306,5.98,6.07,5.93,6.05,4811679,0.02716468590831922
20180307,5.95,6.1,5.95,6.05,4553917,0.0
20180308,6.07,6.07,5.98,6.03,3046508,-0.0033057851239668423
20180309,6.07,6.15,6.06,6.13,3931898,0.016583747927031434
20180312,6.18,6.33,6.17,6.24,4701285,0.01794453507340954
20180313,6.29,6.36,6.15,6.19,4940038,-0.008012820512820484
20180314,6.24,6.26,6.16,6.22,3404262,0.004846526655896577
20180315,6.24,6.32,6.19,6.23,3135711,0.001607717041800738
20180316,6.25,6.28,6.21,6.26,2540815,0.004815409309791185
20180319,6.2,6.23,5.93,6.03,5232532,-0.036741214057507965
20180320,6.03,6.28,6.03,6.24,4208464,0.03482587064676612
20180321,6.23,6.3,6.18,6.21,3352466,-0.004807692307692402
20180322,6.15,6.2,6.01,6.05,3764282,-0.025764895330112725
20180323,6.06,6.07,5.81,5.82,5510479,-0.0380165289256198
20180326,5.95,6.11,5.9,6.11,3799211,0.04982817869415812
20180327,6.19,6.25,5.5,5.64,11046582,-0.07692307692307698
20180328,5.6,5.73,5.43,5.53,7779171,-0.019503546099290725
20180329,5.6,5.89,5.52,5.79,6842174,0.047016274864376095
20180402,5.72,5.87,5.44,5.53,6986384,-0.04490500863557856
20180403,5.7,5.76,5.53,5.63,5182445,0.018083182640144635
20180404,5.38,5.67,5.35,5.66,6056776,0.005328596802842034
20180405,5.72,5.73,5.46,5.53,5491149,-0.0229681978798586
20180406,5.43,5.54,5.33,5.36,4906837,-0.030741410488245968
20180409,5.42,5.55,5.37,5.39,3721687,0.005597014925373012
20180410,5.62,5.73,5.56,5.7,6017914,0.0575139146567718
20180411,5.68,5.72,5.62,5.66,3271938,-0.007017543859649145
20180412,5.75,5.88,5.71,5.87,4531056,0.03710247349823326
20180413,5.93,5.94,5.74,5.79,3878377,-0.013628620102214661
20180416,5.79,5.82,5.69,5.79,2566861,0.0
20180417,5.84,5.96,5.78,5.94,3397193,0.02590673575129543
20180418,5.89,5.98,5.82,5.91,3038655,-0.005050505050505083
20180419,5.79,5.83,5.67,5.73,3522447,-0.030456852791878153
20180420,5.72,5.8,5.69,5.72,2795104,-0.0017452006980803736
20180423,5.74,5.79,5.57,5.6,2875027,-0.020979020979021046
20180424,5.62,5.72,5.46,5.53,3192134,-0.012499999999999845
20180425,5.5,5.54,5.26,5.42,4245341,-0.019891500904159143
20180426,5.58,5.64,5.51,5.63,2647636,0.03874538745387457
20180427,5.74,5.76,5.62,5.66,3010706,0.005328596802842034
20180430,5.67,5.73,5.6,5.62,2124030,-0.007067137809187329
20180501,5.61,5.68,5.56,5.68,1754478,0.010676156583629748
20180502,5.68,5.72,5.63,5.66,1937107,-0.0035211267605632646
20180503,5.69,5.85,5.64,5.82,3302834,0.028268551236749095
20180504,5.8,5.98,5.78,5.98,2967352,0.027491408934708028
20180507,6.08,6.27,6.07,6.22,5370247,0.04013377926421402
20180508,6.22,6.26,6.17,6.26,3861898,0.006430868167202508
20180509,6.28,6.4,6.25,6.39,4491138,0.02076677316293929
20180510,6.45,6.51,6.43,6.5,6420568,0.017214397496087663
20180511,6.32,6.49,6.26,6.36,9616231,-0.021538461538461506
20180514,6.4,6.46,6.36,6.38,3933935,0.0031446540880502027
20180515,6.32,6.32,6.04,6.14,7390842,-0.037617554858934255
20180516,6.1,6.21,6.06,6.15,3740209,0.0016286644951140072
20180517,6.15,6.29,6.14,6.19,4208732,0.006504065040650486
20180518,6.24,6.31,6.14,6.15,3731163,-0.00646203554119551
20180521,6.25,6.25,6.01,6.11,4616685,-0.006504065040650375
20180522,6.13,6.15,6.01,6.07,3924327,-0.006546644844517169
20180523,6.01,6.19,6.01,6.19,3416000,0.01976935749588149
20180524,6.18,6.24,6.13,6.19,3083613,0.0
20180525,6.21,6.25,6.17,6.23,2034958,0.00646203554119551
20180529,6.21,6.28,6.17,6.21,2530427,-0.0032102728731943087
20180530,6.25,6.33,6.22,6.32,3009133,0.017713365539452575
20180531,6.29,6.38,6.28,6.3,3112172,-0.0031645569620254443
20180601,6.35,6.45,6.34,6.44,3295408,0.022222222222222365
20180604,6.48,6.64,6.44,6.62,5050171,0.02795031055900621
20180605,6.62,6.66,6.58,6.63,2948074,0.0015105740181269312
20180606,6.54,6.63,6.52,6.63,2727064,0.0
20180607,6.63,6.64,6.48,6.57,2662205,-0.009049773755656076
20180608,6.5,6.6,6.48,6.56,2329450,-0.0015220700152207556
20180611,6.54,6.59,6.5,6.52,1936875,-0.0060975609756097615
20180612,6.54,6.58,6.49,6.56,2193102,0.006134969325153339
20180613,6.57,6.64,6.55,6.56,2371385,0.0
20180614,6.61,6.73,6.59,6.67,3262833,0.0167682926829269
20180615,6.62,6.69,6.58,6.63,2846528,-0.005997001499250421
20180618,6.59,6.65,6.56,6.63,2524987,0.0
20180619,6.52,6.59,6.38,6.5,3980702,-0.019607843137254832
20180620,6.55,6.61,6.51,6.56,2658782,0.009230769230769154
20180621,6.59,6.61,6.42,6.43,2472580,-0.01981707317073167
20180622,6.45,6.46,6.26,6.27,3001914,-0.02488335925349927
20180625,6.16,6.17,5.89,5.98,4667022,-0.046251993620414544
20180626,6.09,6.14,6.0,6.05,3264610,0.011705685618728978
20180627,6.09,6.16,5.89,5.89,3275269,-0.026446280991735516
20180628,5.88,6.03,5.88,6.02,2359286,0.022071307300509213
20180629,6.09,6.1,5.92,5.92,2611369,-0.01661129568106301
20180702,5.86,6.06,5.83,6.06,2414551,0.023648648648648685
20180703,6.09,6.1,5.91,5.92,1584696,-0.02310231023102305
20180705,5.98,6.07,5.94,6.07,2144630,0.02533783783783794
20180706,6.04,6.19,6.02,6.18,2042211,0.01812191103789118
20180709,6.25,6.27,6.15,6.23,2113968,0.008090614886731462
20180710,6.24,6.35,6.2,6.33,2565566,0.016051364365970988
20180711,6.23,6.27,6.18,6.19,2584136,-0.02211690363349128
20180712,6.23,6.33,6.22,6.28,2564850,0.01453957996768973
20180713,6.3,6.3,6.19,6.23,1714959,-0.007961783439490389
20180716,6.21,6.26,6.19,6.21,1381232,-0.0032102728731943087
20180717,6.16,6.36,6.13,6.34,2541264,0.02093397745571668
20180718,6.34,6.35,6.24,6.29,1978550,-0.007886435331230235
20180719,6.27,6.33,6.26,6.3,1742094,0.0015898251192367763
20180720,6.29,6.34,6.26,6.27,1500344,-0.004761904761904856
20180723,6.25,6.25,6.08,6.24,2135447,-0.004784688995215225
20180724,6.28,6.37,6.2,6.22,2553155,-0.0032051282051283048
20180725,6.23,6.31,6.17,6.3,2276387,0.012861736334405238
20180726,6.28,6.41,6.26,6.37,2345242,0.011111111111111072
20180727,6.41,6.42,6.25,6.3,2054044,-0.010989010989011061
20180730,6.31,6.32,6.07,6.1,2495376,-0.031746031746031744
20180731,6.1,6.2,6.05,6.12,1963221,0.003278688524590345
20180801,6.15,6.21,6.1,6.16,1947420,0.006535947712418277
20180802,6.09,6.27,6.03,6.27,2007848,0.017857142857142794
20180803,6.29,6.33,6.27,6.3,1530178,0.004784688995215447
20180806,6.29,6.35,6.24,6.35,1517868,0.007936507936507908
20180807,6.39,6.44,6.37,6.42,1885469,0.011023622047244164
20180808,6.43,6.51,6.39,6.46,1662234,0.006230529595015577
20180809,6.48,6.48,6.4,6.41,1383468,-0.007739938080495334
20180810,6.34,6.4,6.32,6.37,1746566,-0.006240249609984372
20180813,6.38,6.53,6.38,6.4,2799220,0.004709576138147709
20180814,6.51,6.55,6.43,6.54,3545747,0.021874999999999867
20180815,6.56,6.59,6.4,6.48,4199368,-0.00917431192660545
20180816,6.55,6.55,6.38,6.44,4752125,-0.006172839506172867
20180817,6.32,6.32,6.09,6.12,8607344,-0.049689440993788914
20180820,6.08,6.33,5.97,6.2,6864726,0.013071895424836555
20180821,6.21,6.34,6.19,6.33,5114991,0.020967741935483897
20180822,6.3,6.58,6.3,6.57,6020873,0.03791469194312791
20180823,6.53,6.74,6.52,6.67,5544592,0.01522070015220689
20180824,6.68,6.82,6.68,6.81,4220554,0.020989505247376306
20180827,6.84,6.97,6.8,6.9,3827365,0.013215859030837107
20180828,6.89,6.91,6.74,6.86,3600952,-0.005797101449275366
20180829,6.85,6.99,6.83,6.96,3284932,0.014577259475218707
20180830,6.93,7.04,6.91,6.95,2715458,-0.001436781609195359
20180831,6.93,7.03,6.92,7.02,2300982,0.010071942446043147
20180904,7.0,7.13,6.98,7.09,2990259,0.009971509971510084
20180905,7.07,7.11,6.88,6.96,2848475,-0.01833568406205921
20180906,6.94,6.95,6.78,6.82,2250385,-0.02011494252873558
20180907,6.73,6.92,6.68,6.8,2068051,-0.0029325513196482023
20180910,6.83,6.9,6.78,6.87,1574301,0.010294117647058787
20180911,6.82,6.91,6.8,6.82,1553012,-0.00727802037845704
20180912,6.78,6.8,6.55,6.71,3192780,-0.016129032258064613
20180913,6.77,6.88,6.75,6.78,2282064,0.010432190760059745
20180914,6.87,6.98,6.84,6.91,2914139,0.019174041297935096
20180917,6.89,6.93,6.83,6.85,1466480,-0.00868306801736618
20180918,6.85,6.96,6.77,6.78,2226250,-0.010218978102189746
20180919,6.76,6.82,6.71,6.8,1436988,0.002949852507374562
20180920,6.68,6.72,6.6,6.66,3138489,-0.020588235294117574
20180921,6.66,6.72,6.55,6.59,2460490,-0.010510510510510551
20180924,6.55,6.65,6.47,6.64,1871722,0.007587253414264028
20180925,6.71,6.74,6.62,6.71,1916839,0.010542168674698926
20180926,6.71,6.76,6.66,6.67,1902870,-0.005961251862891204
20180927,6.71,6.73,6.65,6.68,1509830,0.0014992503748125774
20180928,6.82,7.05,6.79,7.03,5322728,0.05239520958083843
20181001,7.1,7.3,7.07,7.23,4711542,0.02844950213371278
20181002,7.21,7.32,7.14,7.16,2880188,-0.009681881051175734
20181003,7.23,7.24,7.06,7.17,2048664,0.0013966480446927498
20181004,7.13,7.16,6.9,6.98,2783669,-0.026499302649930168
20181005,6.98,7.02,6.69,6.75,3063961,-0.03295128939828085
20181008,6.66,6.78,6.5,6.64,2907022,-0.016296296296296364
20181009,6.62,6.72,6.57,6.64,1890915,0.0
20181010,6.53,6.58,6.14,6.14,4735390,-0.07530120481927716
20181011,6.05,6.19,5.86,5.88,5209674,-0.04234527687296419
20181012,6.14,6.24,5.99,6.16,4264885,0.04761904761904767
20181015,6.15,6.15,5.88,5.88,3378870,-0.045454545454545525
20181016,6.0,6.16,5.95,6.15,2970629,0.04591836734693877
20181017,6.21,6.25,6.03,6.08,2218820,-0.011382113821138296
20181018,6.15,6.19,5.93,5.99,3620810,-0.014802631578947345
20181019,6.04,6.06,5.69,5.73,4540504,-0.04340567612687807
20181022,5.78,5.88,5.68,5.78,2715687,0.008726003490401313
20181023,5.51,5.6,5.42,5.53,4666465,-0.04325259515570934
20181024,5.49,5.53,4.97,4.99,6453658,-0.0976491862567812
20181025,4.89,5.24,4.84,5.2,7606191,0.04208416833667328
20181026,4.96,5.12,4.83,4.96,4935608,-0.04615384615384621
20181029,5.1,5.1,4.4,4.64,5838302,-0.06451612903225812
20181030,4.66,5.09,4.64,5.08,6469971,0.09482758620689657
20181031,5.24,5.31,5.1,5.27,5759170,0.03740157480314954
20181101,5.31,5.46,5.18,5.45,4366258,0.034155597722960174
20181102,5.45,5.55,5.26,5.37,3160245,-0.014678899082568808
20181105,5.36,5.38,5.13,5.29,2801305,-0.014897579143389184
20181106,5.29,5.37,5.24,5.28,2190627,-0.001890359168241873
20181107,5.34,5.44,5.28,5.34,3453029,0.011363636363636243
20181108,5.29,5.29,5.1,5.15,3605195,-0.03558052434456915
20181109,5.06,5.23,5.03,5.14,3121292,-0.001941747572815622
20181112,5.05,5.07,4.72,4.74,4694333,-0.0778210116731517
20181113,4.84,5.11,4.83,4.98,4953252,0.05063291139240511
20181114,5.16,5.17,4.82,4.93,3952623,-0.010040160642570406
20181115,4.92,5.13,4.89,5.06,4216261,0.026369168356997985
20181116,4.08,4.27,4.04,4.11,15581180,-0.18774703557312244
20181119,4.04,4.05,3.62,3.62,13979191,-0.11922141119221419
20181120,3.35,3.86,3.33,3.73,13769560,0.03038674033149169
20181121,3.87,3.88,3.59,3.62,8336381,-0.029490616621983934
20181123,3.57,3.74,3.57,3.63,3336183,0.0027624309392264568
20181126,3.75,3.84,3.66,3.83,6520002,0.05509641873278248
20181127,3.8,3.93,3.76,3.84,6073012,0.0026109660574411553
20181128,3.96,4.01,3.83,4.0,6485589,0.04166666666666674
20181129,4.0,4.04,3.9,3.93,4414140,-0.01749999999999996
20181130,3.94,4.1,3.89,4.09,5248623,0.040712468193384144
20181203,4.32,4.37,4.18,4.25,7056024,0.03911980440097795
20181204,4.21,4.21,3.91,3.93,6203004,-0.07529411764705873
20181206,3.77,3.96,3.77,3.96,5237431,0.007633587786259444
20181207,3.96,3.97,3.64,3.69,5293420,-0.06818181818181823
20181210,3.65,3.82,3.64,3.8,4795460,0.02981029810298108
20181211,3.89,3.9,3.63,3.7,5353899,-0.02631578947368407
20181212,3.71,3.82,3.62,3.72,4938005,0.00540540540540535
20181213,3.77,3.83,3.69,3.72,3674929,0.0
20181214,3.68,3.76,3.64,3.66,3617228,-0.016129032258064502
20181217,3.63,3.7,3.53,3.59,4647920,-0.019125683060109422
20181218,3.63,3.76,3.61,3.67,4339833,0.022284122562674202
20181219,3.64,3.69,3.41,3.46,5778422,-0.05722070844686644
20181220,3.45,3.55,3.32,3.38,5505182,-0.023121387283236983
20181221,3.44,3.44,3.21,3.24,5618060,-0.041420118343195145
20181224,3.16,3.25,3.11,3.18,3466204,-0.01851851851851849
20181226,3.22,3.33,3.11,3.33,5235149,0.047169811320754595
20181227,3.27,3.31,3.13,3.28,4703092,-0.01501501501501512
20181228,3.3,3.43,3.26,3.34,5000600,0.018292682926829285
20181231,3.39,3.42,3.31,3.34,3272284,0.0
20190102,3.27,3.46,3.25,3.41,3673756,0.020958083832335328
20190103,3.35,3.38,3.19,3.2,4926601,-0.061583577712609916
20190104,3.27,3.44,3.24,3.4,4482322,0.0625
20190107,3.46,3.62,3.41,3.59,5422805,0.055882352941176494
20190108,3.67,3.67,3.42,3.5,6068154,-0.02506963788300831
20190109,3.55,3.61,3.5,3.56,4925635,0.017142857142857126
20190110,3.54,3.64,3.48,3.63,4271032,0.0196629213483146
20190111,3.61,3.74,3.58,3.72,7327697,0.024793388429752206
20190114,3.67,3.79,3.64,3.76,6105356,0.010752688172043001
20190115,3.8,3.83,3.73,3.75,5193032,-0.0026595744680850686
20190116,3.77,3.81,3.72,3.72,3654980,-0.007999999999999896
20190117,3.69,3.83,3.66,3.79,3904056,0.018817204301075252
20190118,3.84,3.95,3.79,3.92,5139542,0.03430079155672816
20190122,3.89,3.9,3.69,3.72,5083014,-0.05102040816326525
20190123,3.77,3.86,3.7,3.73,4561128,0.0026881720430107503
20190124,3.82,3.96,3.81,3.95,5538473,0.05898123324396787
20190125,3.89,4.02,3.78,4.0,7687192,0.012658227848101111
20190128,3.41,3.54,3.28,3.45,20775792,-0.13749999999999996
20190129,3.4,3.45,3.28,3.29,9327211,-0.04637681159420293
20190130,3.37,3.45,3.29,3.43,7817243,0.042553191489361764
20190131,3.43,3.63,3.41,3.59,6921649,0.04664723032069973
20190201,3.61,3.67,3.56,3.62,4898901,0.008356545961002881
20190204,3.63,3.77,3.61,3.73,4333036,0.03038674033149169
20190205,3.74,3.79,3.71,3.75,4482738,0.00536193029490617
20190206,3.78,3.89,3.78,3.83,5682490,0.021333333333333426
20190207,3.78,3.78,3.64,3.69,5006615,-0.03655352480417762
20190208,3.62,3.72,3.6,3.7,3746464,0.0027100271002711285
20190211,3.66,3.71,3.61,3.66,3958642,-0.010810810810810811
20190212,3.7,3.8,3.69,3.78,4749281,0.032786885245901454
20190213,3.81,3.9,3.8,3.82,5163898,0.010582010582010692
20190214,3.82,3.89,3.78,3.86,5270312,0.010471204188481575
20190215,4.07,4.1,3.91,3.93,12865439,0.0181347150259068
20190219,3.92,4.0,3.9,3.92,4349501,-0.0025445292620865922
20190220,3.95,4.03,3.93,3.96,4290697,0.010204081632652962
20190221,3.98,4.0,3.88,3.89,3381979,-0.017676767676767624
20190222,3.95,4.0,3.93,3.98,3142405,0.023136246786632286
20190225,4.06,4.13,3.96,3.97,5097907,-0.002512562814070307
20190226,3.96,4.02,3.89,3.93,4050429,-0.010075566750629705
20190227,3.91,3.94,3.83,3.89,3986923,-0.010178117048346036
20190228,3.88,3.9,3.83,3.86,2413679,-0.007712082262210873
20190301,3.91,3.95,3.85,3.91,2715594,0.012953367875647714
20190304,3.95,3.97,3.86,3.92,3309915,0.002557544757033181
20190305,3.9,3.95,3.85,3.91,2782889,-0.0025510204081632404
20190306,3.9,3.91,3.8,3.8,3138468,-0.02813299232736577
20190307,3.78,3.79,3.69,3.73,3765995,-0.018421052631578894
20190308,3.64,3.78,3.62,3.77,3136378,0.01072386058981234
20190311,3.79,4.05,3.74,4.03,7092379,0.06896551724137945
20190312,4.06,4.11,3.98,4.06,4803017,0.007444168734491052
20190313,4.1,4.25,4.09,4.22,6414060,0.039408866995073843
20190314,4.22,4.24,4.13,4.14,4055879,-0.018957345971563955
20190315,4.19,4.29,4.18,4.25,4966689,0.026570048309178862
20190318,4.28,4.33,4.2,4.22,4005880,-0.007058823529411784
20190319,4.32,4.44,4.3,4.39,7145712,0.04028436018957349
20190320,4.42,4.48,4.33,4.36,5876586,-0.006833712984054552
20190321,4.38,4.63,4.38,4.6,6587789,0.05504587155963292
20190322,4.57,4.62,4.42,4.44,6402416,-0.03478260869565197
20190325,4.4,4.46,4.28,4.34,4242710,-0.022522522522522626
20190326,4.48,4.54,4.36,4.42,5890769,0.018433179723502224
20190327,4.45,4.49,4.34,4.41,3968834,-0.002262443438914019
20190328,4.44,4.5,4.38,4.43,3904301,0.0045351473922901064
20190329,4.5,4.51,4.45,4.49,3622325,0.013544018058690765
20190401,4.58,4.59,4.51,4.56,3996984,0.015590200445434244
20190402,4.58,4.62,4.54,4.58,3731834,0.004385964912280826
20190403,4.63,4.78,4.62,4.72,6421108,0.03056768558951961
20190404,4.7,4.75,4.64,4.71,3569340,-0.0021186440677966045
20190405,4.75,4.79,4.71,4.77,3736866,0.01273885350318471
20190408,4.74,4.82,4.72,4.79,3497001,0.004192872117400492
20190409,4.76,4.77,4.69,4.73,3543072,-0.012526096033402823
20190410,4.73,4.83,4.73,4.8,3623612,0.014799154334038
20190411,4.8,4.84,4.74,4.79,3085487,-0.002083333333333326
20190412,4.83,4.83,4.74,4.75,2810899,-0.008350730688935326
20190415,4.74,4.75,4.58,4.62,3310409,-0.027368421052631597
20190416,4.66,4.72,4.62,4.71,2852464,0.01948051948051943
20190417,4.74,4.76,4.66,4.68,2447402,-0.006369426751592355
20190418,4.68,4.72,4.63,4.66,2715773,-0.004273504273504147
20190422,4.63,4.73,4.6,4.71,2029636,0.010729613733905463
20190423,4.73,4.8,4.72,4.77,2442036,0.01273885350318471
20190424,4.78,4.82,4.72,4.78,2368704,0.002096436058700357
20190425,4.74,4.76,4.59,4.67,3605524,-0.023012552301255318
20190426,4.52,4.52,4.33,4.45,7102720,-0.047109207708779355
20190429,4.46,4.51,4.39,4.48,3102124,0.006741573033707926
20190430,4.45,4.55,4.43,4.53,2930366,0.01116071428571419
20190501,4.58,4.62,4.51,4.51,2845947,-0.004415011037527727
20190502,4.52,4.62,4.48,4.58,3184071,0.015521064301552201
20190503,4.59,4.6,4.51,4.58,2599712,0.0
20190506,4.39,4.51,4.35,4.5,3287076,-0.017467248908296984
20190507,4.45,4.45,4.28,4.33,4207729,-0.0377777777777778
20190508,4.3,4.43,4.29,4.35,3184230,0.004618937644341736
20190509,4.28,4.29,4.14,4.25,4976222,-0.02298850574712641
20190510,4.22,4.29,4.1,4.22,4276182,-0.007058823529411784
20190513,4.09,4.11,3.95,3.96,4715628,-0.06161137440758291
20190514,4.0,4.09,3.96,4.05,3815782,0.022727272727272707
20190515,4.0,4.03,3.94,3.99,3918809,-0.014814814814814725
20190516,3.98,4.05,3.94,4.0,4956566,0.0025062656641603454
20190517,3.96,4.09,3.87,3.91,8228894,-0.022499999999999964
20190520,3.81,3.87,3.77,3.79,4566552,-0.03069053708439895
20190521,3.85,3.89,3.82,3.88,2835801,0.0237467018469657
20190522,3.84,3.86,3.79,3.81,2433739,-0.018041237113401998
20190523,3.74,3.74,3.62,3.68,3930729,-0.034120734908136496
20190524,3.7,3.74,3.62,3.63,2729028,-0.013586956521739246
20190528,3.65,3.68,3.58,3.58,3088066,-0.01377410468319551
20190529,3.54,3.57,3.47,3.51,4487230,-0.019553072625698387
20190530,3.51,3.54,3.44,3.48,3137400,-0.008547008547008517
20190531,3.43,3.46,3.38,3.39,2994209,-0.025862068965517238
20190603,3.4,3.44,3.32,3.34,3532460,-0.014749262536873253
20190604,3.41,3.58,3.39,3.58,5047214,0.07185628742514982
20190605,3.65,3.65,3.5,3.53,4139055,-0.013966480446927498
20190606,3.54,3.62,3.53,3.59,3156209,0.016997167138810276
20190607,3.61,3.67,3.58,3.64,2654030,0.013927576601671321
20190610,3.69,3.78,3.69,3.71,3107366,0.019230769230769162
20190611,3.77,3.81,3.73,3.77,3027769,0.016172506738544534
20190612,3.72,3.73,3.64,3.65,2873579,-0.03183023872679047
20190613,3.68,3.73,3.66,3.71,2399259,0.016438356164383494
20190614,3.62,3.64,3.57,3.62,3114184,-0.02425876010781669
20190617,3.61,3.66,3.59,3.63,2212971,0.0027624309392264568
20190618,3.69,3.88,3.68,3.82,4452354,0.052341597796143224
20190619,3.85,3.87,3.8,3.83,2589818,0.002617801047120505
20190620,3.92,3.93,3.84,3.85,2577823,0.005221932114882533
20190621,3.84,3.89,3.79,3.79,3048017,-0.01558441558441559
20190624,3.81,3.85,3.77,3.82,1954976,0.0079155672823219
20190625,3.82,3.9,3.78,3.79,2287255,-0.007853403141361182
20190626,3.92,4.04,3.9,3.98,4582191,0.05013192612137196
20190627,4.07,4.1,4.03,4.08,3610314,0.025125628140703515
20190628,4.13,4.13,4.06,4.11,2834148,0.007352941176470562
20190701,4.31,4.35,4.12,4.15,5858108,0.009732360097323589
20190702,4.14,4.16,4.04,4.06,3215833,-0.021686746987952032
20190703,4.08,4.09,4.01,4.07,2017193,0.0024630541871923928
20190705,4.01,4.01,3.94,4.01,3328066,-0.014742014742014864
20190708,3.95,3.96,3.9,3.93,2722287,-0.01995012468827917
20190709,3.89,3.96,3.88,3.93,2867778,0.0
20190710,3.98,4.06,3.96,4.0,3691538,0.01781170483460559
20190711,4.08,4.2,4.04,4.16,5794469,0.040000000000000036
20190712,4.19,4.26,4.19,4.19,4175171,0.007211538461538547
20190715,4.21,4.23,4.15,4.18,2331065,-0.0023866348448688957
20190716,4.16,4.2,4.12,4.18,2846005,0.0
20190718,4.25,4.32,4.2,4.25,3333781,0.01674641148325362
20190719,4.29,4.3,4.21,4.21,2684650,-0.009411764705882342
20190722,4.23,4.3,4.23,4.28,2472816,0.016627078384798155
20190723,4.32,4.39,4.31,4.39,3406284,0.025700934579439227
20190724,4.43,4.47,4.36,4.47,2699722,0.018223234624145768
20190725,4.42,4.44,4.31,4.33,3011488,-0.031319910514541305
20190726,4.36,4.42,4.36,4.38,2043098,0.011547344110854452
20190729,4.37,4.39,4.28,4.37,1833318,-0.0022831050228310223
20190730,4.32,4.4,4.31,4.39,1536353,0.004576659038901587
20190731,4.35,4.36,4.18,4.22,2732641,-0.038724373576309756
20190801,4.23,4.32,4.07,4.12,3246188,-0.023696682464454888
20190802,4.03,4.1,3.98,4.03,3034603,-0.021844660194174748
20190805,3.84,3.85,3.72,3.77,4358732,-0.06451612903225812
20190806,3.85,3.89,3.76,3.81,2473690,0.010610079575596787
20190807,3.75,3.86,3.73,3.85,2270128,0.01049868766404205
20190808,3.91,3.96,3.85,3.96,2281762,0.02857142857142847
20190809,3.92,3.92,3.8,3.85,2702464,-0.02777777777777779
20190812,3.8,3.85,3.76,3.79,1932002,-0.01558441558441559
20190813,3.78,3.95,3.75,3.9,2606393,0.029023746701847042
20190814,3.81,3.82,3.71,3.75,2962344,-0.038461538461538436
20190815,3.77,3.79,3.68,3.72,3378693,-0.007999999999999896
20190816,3.98,4.04,3.92,3.99,8191050,0.07258064516129026
20190819,4.1,4.29,4.09,4.27,6645244,0.070175438596491
20190820,4.26,4.27,4.18,4.2,3545130,-0.016393442622950727
20190821,4.26,4.34,4.24,4.28,3413958,0.01904761904761898
20190822,4.29,4.33,4.25,4.29,2432807,0.002336448598130758
20190823,4.21,4.26,4.04,4.06,4260185,-0.053613053613053685
20190826,4.14,4.16,4.1,4.14,2427948,0.019704433497536922
20190827,4.18,4.18,4.02,4.05,2166802,-0.021739130434782594
20190828,4.01,4.08,3.98,4.03,2000976,-0.004938271604938205
20190829,4.12,4.21,4.12,4.18,2904747,0.03722084367245637
20190830,4.22,4.27,4.17,4.19,2246942,0.0023923444976077235
20190903,4.11,4.15,4.08,4.1,2198658,-0.02147971360381884
20190904,4.17,4.23,4.17,4.22,1698012,0.029268292682926855
20190905,4.32,4.5,4.32,4.49,5696850,0.0639810426540286
20190906,4.47,4.53,4.43,4.47,3035957,-0.0044543429844099425
20190909,4.5,4.6,4.5,4.51,3143406,0.008948545861297452
20190910,4.48,4.61,4.47,4.58,2599953,0.015521064301552201
20190911,4.59,4.66,4.57,4.61,2747571,0.0065502183406114245
20190912,4.66,4.71,4.6,4.61,2584598,0.0
20190913,4.54,4.58,4.5,4.55,2348961,-0.013015184381778844
20190916,4.47,4.54,4.46,4.51,1582083,-0.00879120879120876
20190917,4.51,4.53,4.47,4.53,1480122,0.004434589800443645
20190918,4.52,4.54,4.41,4.5,1690724,-0.0066225165562914245
20190919,4.51,4.52,4.41,4.42,1825797,-0.01777777777777778
20190920,4.42,4.45,4.31,4.32,2501075,-0.02262443438914019
20190923,4.32,4.42,4.31,4.37,1852515,0.011574074074073959
20190924,4.4,4.43,4.28,4.31,2337322,-0.013729977116704872
20190925,4.31,4.48,4.27,4.46,2296071,0.03480278422273786
20190926,4.45,4.45,4.38,4.43,1551703,-0.006726457399103158
20190927,4.39,4.44,4.23,4.29,2765430,-0.03160270880361171
20190930,4.32,4.36,4.29,4.35,1250074,0.013986013986013957
20191001,4.38,4.53,4.35,4.35,2866523,0.0
20191002,4.33,4.34,4.25,4.33,2088090,-0.0045977011494251485
20191003,4.33,4.54,4.3,4.53,3409004,0.04618937644341803
20191004,4.54,4.58,4.47,4.55,1905059,0.004415011037527394
20191007,4.62,4.71,4.61,4.61,3707722,0.013186813186813362
20191008,4.52,4.52,4.41,4.43,3479616,-0.03904555314533631
20191009,4.51,4.57,4.48,4.52,2206188,0.020316027088036037
20191010,4.52,4.63,4.51,4.58,2254345,0.013274336283185972
20191011,4.66,4.73,4.64,4.65,3363640,0.015283842794759916
20191014,4.64,4.68,4.61,4.66,1386560,0.0021505376344086446
20191015,4.75,4.98,4.74,4.91,5356810,0.05364806866952798
20191016,4.88,4.98,4.84,4.86,3269406,-0.010183299389001976
20191017,4.9,4.95,4.8,4.86,2030164,0.0
20191018,4.86,4.89,4.69,4.76,2323028,-0.020576131687242927
20191021,4.82,4.91,4.81,4.9,2036528,0.02941176470588247
20191022,4.97,5.06,4.88,4.89,2535820,-0.0020408163265307477
20191023,4.81,4.89,4.78,4.88,2085865,-0.002044989775051076
20191024,4.92,4.96,4.88,4.92,1742797,0.008196721311475308
20191025,5.0,5.13,4.99,5.11,3254323,0.03861788617886197
20191028,5.16,5.22,5.13,5.17,2330460,0.011741682974559575
20191029,5.16,5.16,5.05,5.07,1458468,-0.01934235976789156
20191030,5.1,5.11,5.01,5.08,1451005,0.0019723865877712132
20191031,5.06,5.06,4.95,5.03,1410676,-0.009842519685039353
20191101,4.99,5.1,4.96,5.06,1940529,0.005964214711729587
20191104,5.15,5.28,5.12,5.26,2860039,0.03952569169960474
20191105,5.26,5.29,5.19,5.24,2138945,-0.0038022813688212143
20191106,5.23,5.24,5.1,5.19,1912997,-0.009541984732824416
20191107,5.27,5.29,5.16,5.21,2029875,0.0038535645472059787
20191108,5.19,5.23,5.15,5.19,1340319,-0.0038387715930900956
20191111,5.19,5.23,5.11,5.2,1660170,0.0019267822736031004
20191112,5.25,5.3,5.21,5.24,2079257,0.007692307692307665
20191113,5.21,5.24,5.15,5.21,2393456,-0.005725190839694694
20191114,5.22,5.25,5.16,5.24,3086237,0.0057581573896352545
20191115,5.24,5.29,5.02,5.1,8171494,-0.026717557251908497
20191118,5.1,5.33,5.09,5.31,4420693,0.04117647058823537
20191119,5.28,5.3,5.14,5.2,3120013,-0.020715630885122294
20191120,5.18,5.36,5.16,5.28,3580212,0.01538461538461533
20191121,5.28,5.33,5.23,5.25,2171048,-0.005681818181818232
20191122,5.28,5.32,5.25,5.27,1646776,0.003809523809523707
20191125,5.4,5.54,5.39,5.53,3833463,0.04933586337760931
20191126,5.51,5.52,5.42,5.43,2461952,-0.018083182640144746
20191127,5.46,5.5,5.43,5.46,1532482,0.005524861878453136
20191129,5.43,5.45,5.39,5.42,994782,-0.0073260073260073
20191202,5.41,5.43,5.22,5.23,2787308,-0.03505535055350539
20191203,5.05,5.2,5.01,5.19,3447094,-0.007648183556405397
20191204,5.28,5.3,5.21,5.24,1919920,0.00963391136801528
20191205,5.26,5.27,5.19,5.22,1255275,-0.003816793893129833
20191206,5.29,5.34,5.28,5.3,1620821,0.015325670498084198
20191209,5.28,5.36,5.27,5.3,1336158,0.0
20191210,5.33,5.4,5.28,5.35,1712666,0.00943396226415083
20191211,5.36,5.44,5.36,5.43,1601004,0.01495327102803734
20191212,5.4,5.62,5.4,5.6,2968322,0.03130755064456725
20191213,5.6,5.72,5.55,5.6,3293738,0.0
20191216,5.65,5.7,5.62,5.63,2096258,0.005357142857142838
20191217,5.66,5.73,5.64,5.71,2216376,0.014209591474245054
20191218,5.74,5.8,5.73,5.74,2311759,0.005253940455341555
20191219,5.77,5.9,5.77,5.89,3355404,0.026132404181184565
20191220,5.95,6.01,5.93,5.98,3389383,0.015280135823429575
20191223,6.02,6.05,5.96,5.97,2245365,-0.0016722408026756952
20191224,5.96,5.98,5.92,5.97,1054210,0.0
20191226,5.97,6.01,5.95,5.98,1320842,0.0016750418760469454
20191227,5.99,6.01,5.9,5.92,1740290,-0.010033444816053616
20191230,5.9,5.9,5.78,5.81,1624888,-0.01858108108108114
20191231,5.77,5.89,5.75,5.88,1487060,0.012048192771084487
20200102,5.97,6.0,5.92,6.0,1641321,0.020408163265306145
20200103,5.88,5.95,5.85,5.9,1390268,-0.016666666666666607
20200106,5.81,5.93,5.78,5.93,1744575,0.005084745762711673
20200107,5.96,6.04,5.91,6.0,2338983,0.01180438448566612
20200108,5.99,6.05,5.95,6.01,1993787,0.0016666666666667052
20200109,6.09,6.15,6.02,6.08,1815803,0.011647254575707144
20200110,6.18,6.21,6.09,6.11,2395596,0.00493421052631593
20200113,6.19,6.32,6.17,6.3,2229149,0.03109656301145658
20200114,6.26,6.28,6.17,6.18,2492008,-0.01904761904761909
20200115,6.19,6.22,6.11,6.14,1865324,-0.006472491909385147
20200116,6.19,6.23,6.17,6.22,1548778,0.013029315960912058
20200117,6.24,6.25,6.18,6.23,1593820,0.001607717041800738
20200121,6.2,6.23,6.16,6.2,1274351,-0.0048154093097914075
20200122,6.24,6.34,6.23,6.25,1620309,0.008064516129032251
20200123,6.29,6.33,6.2,6.32,1588988,0.011200000000000099
20200124,6.45,6.49,6.21,6.26,2721433,-0.009493670886076
20200127,5.96,6.06,5.81,6.01,3290405,-0.039936102236421744
20200128,6.07,6.23,6.02,6.2,2248285,0.03161397670549082
20200129,6.18,6.22,6.1,6.14,1903970,-0.00967741935483879
20200130,6.04,6.16,5.99,6.15,2164935,0.0016286644951140072
20200131,6.1,6.11,5.87,5.91,2554282,-0.039024390243902474
20200203,5.9,6.03,5.89,6.01,1830309,0.016920473773265554
20200204,6.14,6.2,6.1,6.18,1800410,0.028286189683860208
20200205,6.3,6.31,6.19,6.27,1396763,0.014563106796116498
20200206,6.29,6.36,6.22,6.36,1615260,0.014354066985646119
20200207,6.32,6.34,6.26,6.29,1315629,-0.011006289308176154
20200210,6.31,6.58,6.31,6.57,3846538,0.044515103338632844
20200211,6.68,6.81,6.62,6.7,4978064,0.019786910197869156
20200212,6.76,6.82,6.71,6.81,2697416,0.016417910447761086
20200213,6.76,6.84,6.73,6.77,3042650,-0.005873715124816492
20200214,7.18,7.37,7.15,7.24,7799711,0.06942392909896622
20200218,7.15,7.43,7.12,7.41,4373956,0.023480662983425438
20200219,7.54,7.89,7.54,7.87,5033402,0.062078272604588314
20200220,7.82,7.91,7.41,7.72,6248240,-0.019059720457433316
20200221,7.61,7.63,7.27,7.35,5805536,-0.04792746113989643
20200224,6.79,7.05,6.7,6.83,6137771,-0.07074829931972781
20200225,6.91,6.97,6.45,6.55,8188916,-0.040995607613469986
20200226,6.55,6.89,6.55,6.69,5751617,0.021374045801526798
20200227,6.37,6.68,6.22,6.32,6646250,-0.05530642750373693
20200228,6.06,6.81,6.04,6.75,8021295,0.06803797468354422
20200302,6.93,6.94,6.53,6.91,6414088,0.023703703703703782
20200303,6.96,7.03,6.56,6.65,4670538,-0.03762662807525319
20200304,6.75,7.12,6.68,7.11,4424769,0.069172932330827
20200305,6.9,7.08,6.79,6.83,3965468,-0.039381153305203975
20200306,6.64,6.71,6.45,6.65,3468554,-0.026354319180087793
20200309,6.0,6.48,5.95,6.14,4236143,-0.07669172932330837
20200310,6.41,6.53,6.15,6.53,4148395,0.06351791530944628
20200311,6.39,6.42,6.06,6.16,3512287,-0.05666156202143957
20200312,5.64,5.9,5.4,5.41,5663726,-0.12175324675324672
20200313,5.76,6.03,5.49,6.02,4351987,0.11275415896487972
20200316,5.28,5.65,4.85,4.91,5151054,-0.1843853820598006
20200317,5.03,5.52,4.78,5.43,6050311,0.10590631364562109
20200318,5.0,5.25,4.52,5.07,6359068,-0.0662983425414364
20200319,5.05,5.42,4.83,5.32,5582605,0.04930966469428011
20200320,5.48,5.76,5.13,5.14,5952560,-0.03383458646616555
20200323,5.14,5.41,4.96,5.32,4759075,0.035019455252918386
20200324,5.7,6.32,5.7,6.23,7962960,0.17105263157894735
20200325,6.35,6.55,6.09,6.14,5695730,-0.014446227929374111
20200326,6.33,6.56,6.25,6.43,5077416,0.04723127035830621
20200327,6.25,6.58,6.22,6.32,4616048,-0.01710730948678063
20200330,6.38,6.65,6.34,6.64,4398157,0.05063291139240489
20200331,6.68,6.89,6.44,6.59,6328115,-0.0075301204819276935
20200401,6.39,6.54,6.03,6.08,4971136,-0.07738998482549309
20200402,6.1,6.4,6.06,6.39,5069449,0.05098684210526305
20200403,6.35,6.39,5.96,6.1,5165280,-0.04538341158059467
20200406,6.38,6.75,6.32,6.71,5373590,0.10000000000000009
20200407,6.93,6.96,6.43,6.48,5950330,-0.03427719821162434
20200408,6.58,6.7,6.52,6.67,3869076,0.029320987654321007
20200409,6.81,6.82,6.51,6.57,3863687,-0.014992503748125885
20200413,6.52,6.76,6.43,6.75,2927647,0.02739726027397249
20200414,6.88,7.13,6.85,7.1,3894617,0.051851851851851816
20200415,6.93,7.1,6.88,7.02,2635337,-0.011267605633802802
20200416,7.18,7.48,7.16,7.37,5613732,0.049857549857549976
20200417,7.45,7.47,7.17,7.31,3840614,-0.008141112618724633
20200420,7.18,7.34,7.13,7.18,3260098,-0.017783857729138153
20200421,7.06,7.12,6.68,6.74,5313598,-0.06128133704735372
20200422,6.95,7.2,6.89,7.15,3523570,0.060830860534124565
20200423,7.2,7.33,7.08,7.1,3102858,-0.006993006993007089
20200424,7.09,7.24,7.02,7.24,2471019,0.019718309859154903
20200427,7.38,7.59,7.35,7.43,3461632,0.026243093922651894
20200428,7.58,7.6,7.28,7.28,3275200,-0.020188425302826274
20200429,7.42,7.51,7.34,7.46,2590175,0.024725274725274637
20200430,7.41,7.46,7.29,7.31,2289685,-0.020107238605898137
20200501,7.11,7.22,7.02,7.07,2354415,-0.03283173734610112
20200504,7.02,7.3,7.02,7.28,2263103,0.02970297029702973
20200505,7.39,7.51,7.28,7.34,2769672,0.008241758241758212
20200506,7.42,7.55,7.39,7.44,2446614,0.013623978201634968
20200507,7.59,7.69,7.53,7.62,2820572,0.024193548387096753
20200508,7.7,7.82,7.66,7.81,2497450,0.02493438320209962
20200511,7.81,8.11,7.78,8.07,3559215,0.033290653008962945
20200512,8.13,8.17,7.79,7.8,3751564,-0.03345724907063208
20200513,7.92,8.08,7.59,7.78,4804491,-0.002564102564102555
20200514,7.85,8.04,7.69,8.03,4673256,0.032133676092544805
20200515,7.88,8.5,7.87,8.49,7795265,0.05728518057285181
20200518,8.76,8.92,8.68,8.75,5826944,0.03062426383981154
20200519,8.79,9.09,8.76,8.81,5567331,0.006857142857142895
20200520,8.99,9.04,8.89,8.97,4454150,0.018161180476730987
20200521,9.05,9.05,8.74,8.78,5100229,-0.021181716833890918
20200522,8.82,9.09,8.71,9.03,8023478,0.028473804100227706
20200526,9.15,9.18,8.67,8.72,5661017,-0.034330011074196976
20200527,8.62,8.63,8.0,8.53,9186916,-0.021788990825688193
20200528,8.41,8.76,8.38,8.49,5886879,-0.004689331770222682
20200529,8.55,8.88,8.49,8.88,5177358,0.04593639575971742
20200601,8.83,8.84,8.69,8.81,2975324,-0.007882882882882969
20200602,8.78,8.84,8.66,8.83,2904072,0.002270147559591429
20200603,8.82,8.87,8.7,8.77,2606772,-0.006795016987542479
20200604,8.73,8.94,8.68,8.77,3271685,0.0
20200605,8.79,9.0,8.71,8.92,3449496,0.01710376282782211
20200608,8.88,8.89,8.69,8.81,2832616,-0.012331838565022402
20200609,8.79,9.11,8.75,9.05,3449196,0.02724177071509648
20200610,9.17,9.5,9.15,9.37,4710992,0.03535911602209918
20200611,9.16,9.26,8.79,8.8,3988129,-0.06083244397011722
20200612,9.16,9.19,8.7,8.93,4181787,0.01477272727272716
20200615,8.82,9.18,8.74,9.17,2789074,0.026875699888017968
20200616,9.24,9.27,8.84,9.07,3881232,-0.010905125408942173
20200617,9.11,9.3,9.07,9.24,2895861,0.018743109151047488
20200618,9.23,9.28,9.11,9.22,1813594,-0.0021645021645021467
20200619,9.24,9.45,9.23,9.26,3422972,0.00433839479392617
20200622,9.3,9.53,9.27,9.53,2834231,0.029157667386608965
20200623,9.55,9.64,9.41,9.45,2729686,-0.008394543546694666
20200624,9.48,9.56,9.14,9.24,3258230,-0.022222222222222143
20200625,9.36,9.51,9.18,9.49,2646370,0.027056277056277
20200626,9.5,9.5,9.13,9.15,4085894,-0.035827186512118026
20200629,9.17,9.2,8.9,9.2,2431417,0.005464480874316724
20200630,9.31,9.53,9.27,9.5,2525960,0.03260869565217406
20200701,9.51,9.58,9.41,9.53,2304986,0.0031578947368420263
20200702,9.64,9.74,9.58,9.61,2369884,0.008394543546694555
20200706,9.74,9.91,9.71,9.84,2066747,0.02393340270551514
20200707,9.95,10.07,9.85,9.87,2503639,0.0030487804878047697
20200708,10.0,10.22,9.97,10.22,2524087,0.03546099290780158
20200709,10.38,10.57,10.23,10.51,3598346,0.02837573385518577
20200710,10.59,10.66,10.38,10.48,3495748,-0.0028544243577544037
20200713,10.6,10.79,10.03,10.05,3096633,-0.04103053435114501
20200714,10.08,10.4,9.79,10.38,3603186,0.032835820895522394
20200715,10.42,10.43,10.06,10.23,2714102,-0.014450867052023142
20200716,10.02,10.21,9.9,10.13,2501153,-0.009775171065493637
20200717,10.2,10.25,10.09,10.2,1844967,0.006910167818361179
20200720,10.27,10.53,10.16,10.51,2002124,0.030392156862745212
20200721,10.52,10.56,10.29,10.33,1850928,-0.01712654614652709
20200722,10.37,10.6,10.29,10.44,2762504,0.010648596321394033
20200723,10.47,10.55,10.03,10.13,2874870,-0.02969348659003823
20200724,9.88,10.36,9.78,10.19,3454229,0.005923000987166693
20200727,10.23,10.44,10.22,10.42,1998641,0.02257114818449457
20200728,10.37,10.38,10.21,10.22,1812648,-0.019193857965451033
20200729,10.39,10.52,10.35,10.47,2008860,0.024461839530332652
20200730,10.35,10.62,10.3,10.61,2190453,0.013371537726838412
20200731,10.57,10.77,10.43,10.61,2669329,0.0
20200803,10.75,11.1,10.72,11.01,2945178,0.03770028275212067
20200804,11.03,11.23,10.91,11.23,2158752,0.019981834695731227
20200805,11.24,11.37,11.17,11.29,1758875,0.005342831700801298
20200806,11.35,11.36,11.18,11.34,1697390,0.004428697962798989
20200807,11.33,11.5,11.04,11.2,2376180,-0.012345679012345734
20200810,11.34,11.41,10.86,11.17,3102426,-0.002678571428571419
20200811,11.05,11.14,10.8,10.85,2497622,-0.0286481647269472
20200812,10.99,11.47,10.96,11.44,3430514,0.05437788018433176
20200813,11.54,11.72,11.36,11.44,2723588,0.0
20200814,11.53,11.7,11.44,11.56,2707166,0.010489510489510634
20200817,11.85,12.41,11.82,12.34,4270260,0.06747404844290661
20200818,12.45,12.5,12.09,12.26,3350907,-0.00648298217179899
20200819,12.29,12.32,12.1,12.14,3601985,-0.009787928221859588
20200820,11.97,12.38,11.88,12.14,6705704,0.0
20200821,12.2,12.81,12.2,12.68,7190055,0.04448105436573302
20200824,12.88,12.91,12.51,12.72,3416740,0.003154574132492094
20200825,12.66,12.76,12.57,12.75,1885822,0.002358490566037652
20200826,12.8,12.87,12.68,12.77,2132422,0.0015686274509802978
20200827,12.82,12.85,12.57,12.63,2058494,-0.0109631949882536
20200828,12.65,13.15,12.64,13.15,3709559,0.041171813143309643
20200831,13.18,13.58,13.04,13.37,3350409,0.016730038022813698
20200901,13.49,13.99,13.44,13.82,3298710,0.03365744203440557
20200902,14.7,14.73,13.9,14.35,5486584,0.03835021707670028
20200903,13.83,13.88,12.88,13.02,5970878,-0.09268292682926826
20200904,12.78,13.18,11.7,12.62,10103397,-0.030721966205837226
20200908,11.73,12.55,11.7,11.91,5485555,-0.05625990491283672
20200909,12.4,12.81,12.23,12.72,5041072,0.06801007556675076
20200910,12.99,13.07,12.17,12.31,4704523,-0.03223270440251569
20200911,12.48,12.65,11.9,12.16,4534232,-0.012185215272136452
20200914,13.1,13.32,12.63,12.87,8709806,0.058388157894736725
20200915,13.28,13.3,12.83,12.99,5187052,0.009324009324009452
20200916,12.96,13.09,12.51,12.51,3858204,-0.036951501154734445
20200917,12.11,12.59,12.03,12.46,5795467,-0.003996802557953538
20200918,12.59,12.63,11.99,12.19,4765319,-0.02166934189406111
20200921,11.95,12.52,11.9,12.52,4949672,0.027071369975389725
20200922,12.58,12.65,12.16,12.64,4824403,0.009584664536741228
20200923,12.58,12.73,12.08,12.12,4771511,-0.04113924050632922
20200924,12.07,12.57,12.01,12.35,5411919,0.018976897689769068
20200925,12.45,12.88,12.25,12.87,4050943,0.042105263157894646
20200928,13.03,13.05,12.75,13.04,3855123,0.013209013209013243
20200929,12.93,13.44,12.93,13.23,4510048,0.014570552147239457
20200930,13.16,13.62,13.15,13.53,4831002,0.0226757369614512
20201001,13.75,13.76,13.46,13.61,3697289,0.00591278640059123
20201002,13.22,13.52,13.05,13.06,3569982,-0.040411462160176215
20201005,13.25,13.64,13.22,13.64,3293511,0.04441041347626351
20201006,13.83,14.14,13.67,13.74,5514811,0.007331378299120228
20201007,13.99,14.12,13.86,13.96,2836595,0.01601164483260553
20201008,14.08,14.09,13.76,13.84,2512519,-0.008595988538682042
20201009,13.76,13.82,13.66,13.76,2267011,-0.005780346820809301
20201012,13.99,14.35,13.91,14.23,2644476,0.03415697674418605
20201013,14.29,14.35,14.02,14.25,2203133,0.0014054813773716202
20201014,14.3,14.34,13.96,14.1,1646798,-0.010526315789473717
20201015,13.81,14.01,13.77,13.97,1784020,-0.009219858156028327
20201016,14.04,14.12,13.79,13.81,1523076,-0.01145311381531855
20201019,13.9,13.98,13.41,13.5,1806924,-0.022447501810282433
20201020,13.58,13.8,13.51,13.65,1397994,0.011111111111111072
20201021,13.63,13.79,13.48,13.52,1400423,-0.009523809523809601
20201022,13.52,13.61,13.23,13.36,1905628,-0.01183431952662728
20201023,13.45,13.59,13.29,13.59,1516854,0.017215568862275488
20201026,13.43,13.69,13.04,13.14,2017106,-0.0331125827814569
20201027,13.3,13.44,13.19,13.4,1577292,0.019786910197869156
20201028,13.21,13.26,12.61,12.63,2239652,-0.057462686567164134
20201029,12.84,13.19,12.75,13.02,2059272,0.030878859857482066
20201030,12.84,12.94,12.3,12.53,2501973,-0.037634408602150504
20201102,12.65,12.84,12.4,12.58,1935963,0.003990422984836428
20201103,12.71,13.11,12.6,13.02,1746740,0.0349761526232113
20201104,13.38,13.83,13.34,13.79,2565625,0.05913978494623651
20201105,14.16,14.34,13.99,14.16,1918437,0.026831036983321344
20201106,14.1,14.59,13.9,14.56,2533938,0.02824858757062154
20201109,14.55,14.69,13.61,13.63,3689120,-0.06387362637362637
20201110,13.55,13.61,12.63,12.77,4277974,-0.06309611151870886
20201111,13.06,13.44,12.95,13.42,2571481,0.05090054815974954
20201112,13.47,13.77,13.32,13.46,2376106,0.0029806259314457684
20201113,13.62,13.67,13.06,13.3,2182438,-0.011887072808320909
20201116,13.18,13.65,13.16,13.52,2834384,0.016541353383458635
20201117,13.55,13.6,13.3,13.42,1872907,-0.007396449704141994
20201118,13.47,13.61,13.19,13.43,2543431,0.0007451564828613311
20201119,13.21,13.49,13.1,13.44,3444638,0.0007446016381236209
20201120,13.46,13.49,13.07,13.09,1961644,-0.02604166666666663
20201123,13.17,13.38,13.02,13.14,2025328,0.0038197097020626902
20201124,13.14,13.16,12.88,12.96,2071270,-0.013698630136986245
20201125,13.03,13.27,13.02,13.23,1515516,0.02083333333333326
20201127,13.37,13.41,13.17,13.26,991121,0.0022675736961450532
20201130,13.27,13.41,12.97,13.4,1506075,0.010558069381598756
20201201,13.49,13.53,13.23,13.39,1728806,-0.0007462686567164534
20201202,13.35,13.67,13.23,13.54,1675246,0.01120238984316635
20201203,13.59,13.66,13.33,13.4,1074003,-0.010339734121122546
20201204,13.45,13.56,13.39,13.56,999477,0.011940298507462588
20201207,13.6,13.73,13.5,13.61,912826,0.0036873156342183133
20201208,13.58,13.6,13.28,13.35,1516536,-0.019103600293901568
20201209,13.3,13.41,12.87,12.93,2052718,-0.03146067415730336
20201210,12.87,13.07,12.85,12.97,1030136,0.0030935808197989356
20201211,12.95,13.02,12.82,13.01,1034994,0.0030840400925211675
20201214,13.09,13.39,13.08,13.31,1407017,0.023059185242121583
20201215,13.44,13.46,13.19,13.36,1034688,0.0037565740045077956
20201216,13.43,13.44,13.21,13.24,1289542,-0.008982035928143617
20201217,13.37,13.38,13.18,13.34,1221868,0.007552870090634434
20201218,13.36,13.41,13.07,13.27,1580726,-0.005247376311844132
20201221,13.09,13.37,12.97,13.33,1587511,0.0045214770158252815
20201222,13.32,13.34,13.05,13.28,948945,-0.0037509377344336903
20201223,13.26,13.28,13.01,13.01,957108,-0.02033132530120474
20201224,13.04,13.13,12.94,12.99,572678,-0.001537279016141424
20201228,13.06,13.06,12.76,12.9,1030924,-0.006928406466512715
20201229,12.93,13.07,12.84,12.94,1062687,0.0031007751937983663
20201230,12.99,13.21,12.9,13.15,1235698,0.016228748068006338
20201231,13.14,13.15,12.92,13.06,1107006,-0.006844106463878341
20210104,13.1,13.65,12.96,13.11,3475982,0.003828483920367498
20210105,13.1,13.44,13.09,13.4,1823275,0.02212051868802445
20210106,13.22,13.24,12.59,12.61,3573761,-0.05895522388059704
20210107,12.97,13.38,12.89,13.34,2842087,0.05789056304520224
20210108,13.36,13.42,13.04,13.28,1717474,-0.004497751124437843
20210111,13.42,13.96,13.36,13.62,3100344,0.025602409638554313
20210112,13.73,13.75,13.35,13.48,1737123,-0.010279001468428639
20210113,13.47,13.63,13.38,13.53,1227950,0.0037091988130562026
20210114,13.58,13.6,13.18,13.2,1669488,-0.024390243902439046
20210115,13.2,13.33,12.85,12.86,1565786,-0.025757575757575757
20210119,13.01,13.09,12.84,13.03,1137393,0.013219284603421366
20210120,13.12,13.43,13.06,13.37,1235796,0.02609363008442056
20210121,13.41,14.0,13.25,13.87,2093023,0.037397157816005944
20210122,13.75,13.84,13.63,13.71,1529664,-0.011535688536409405
20210125,13.79,13.83,13.24,13.65,1422292,-0.004376367614879695
20210126,13.58,13.64,13.39,13.44,902778,-0.015384615384615441
20210127,13.23,13.23,12.79,12.92,2009143,-0.038690476190476164
20210128,13.0,13.34,12.96,13.05,1217324,0.010061919504644079
20210129,13.08,13.33,12.91,12.99,1505623,-0.0045977011494253706
20210201,13.06,13.27,12.9,13.24,1135733,0.019245573518090753
20210202,13.39,13.57,13.29,13.56,1220808,0.024169184290030232
20210203,13.63,13.93,13.52,13.53,1384421,-0.0022123893805310324
20210204,13.53,13.67,13.34,13.66,1026358,0.009608277900960971
20210205,13.72,13.74,13.55,13.59,947462,-0.00512445095168379
20210208,13.73,14.47,13.73,14.44,2490884,0.0625459896983076
20210209,14.34,14.58,14.22,14.26,1666059,-0.012465373961218829
20210210,14.45,14.91,14.34,14.76,2969101,0.035063113604488105
20210211,14.98,15.27,14.93,15.25,2751817,0.033197831978319714
20210212,15.06,15.29,14.78,14.96,2297042,-0.019016393442622848
20210216,15.07,15.37,14.95,15.33,1813874,0.024732620320855547
20210217,15.17,15.22,14.78,14.91,1599693,-0.0273972602739726
20210218,14.73,14.87,14.58,14.83,1296205,-0.005365526492287054
20210219,15.02,15.18,14.85,14.93,1469495,0.006743088334457248
20210222,14.77,15.13,14.33,14.36,1594846,-0.03817816476892166
20210223,14.08,14.24,13.39,14.14,2034180,-0.01532033426183832
20210224,14.12,14.51,13.76,14.5,2185218,0.02545968882602545
20210225,14.05,14.37,13.22,13.31,4568162,-0.0820689655172413
20210226,13.76,13.85,13.36,13.71,2702036,0.03005259203606303
20210301,13.88,13.93,13.55,13.84,1980688,0.009482129832239172
20210302,13.91,13.92,13.4,13.41,1405851,-0.03106936416184969
20210303,13.45,13.45,12.8,12.8,1864139,-0.04548844146159581
20210304,12.8,12.97,12.08,12.37,2962972,-0.03359375000000009
20210305,12.55,12.55,11.68,12.46,2880636,0.007275666936136016
20210308,12.47,12.47,11.57,11.59,2999311,-0.06982343499197441
20210309,12.13,12.62,12.06,12.52,2684922,0.08024158757549604
20210310,12.84,12.98,12.46,12.47,2108422,-0.003993610223642086
20210311,12.93,13.05,12.73,12.99,1478256,0.04170008019246185
20210312,12.65,12.89,12.59,12.86,1254204,-0.01000769822940728
20210315,12.86,13.21,12.77,13.19,1140409,0.025660964230171057
20210316,13.38,13.51,13.12,13.29,1459087,0.007581501137225111
20210317,13.04,13.45,12.99,13.34,1279754,0.003762227238525151
20210318,13.13,13.18,12.72,12.72,1508894,-0.04647676161919034
20210319,12.75,12.92,12.61,12.85,1303668,0.010220125786163381
20210322,12.94,13.39,12.91,13.19,1430042,0.0264591439688715
20210323,13.26,13.34,13.02,13.07,1122139,-0.0090978013646702
20210324,13.17,13.17,12.64,12.64,1260408,-0.03289977046671766
20210325,12.51,12.71,12.27,12.54,1482864,-0.007911392405063444
20210326,12.55,12.86,12.37,12.84,2033974,0.02392344497607657
20210329,12.8,13.06,12.7,12.95,1288585,0.008566978193146335
20210330,12.81,12.98,12.71,12.87,988888,-0.00617760617760621
20210331,13.01,13.47,12.98,13.35,1618718,0.037296037296037365
20210401,13.57,13.87,13.51,13.81,1626227,0.03445692883895135
20210405,13.87,14.01,13.73,13.99,1307875,0.01303403330919628
20210406,14.0,14.05,13.77,13.86,997602,-0.009292351679771271
20210407,13.88,14.24,13.71,14.14,1336429,0.020202020202020332
20210408,14.25,14.47,14.25,14.32,1349780,0.012729844413012614
20210409,14.25,14.41,14.18,14.4,979142,0.005586592178770999
20210412,14.29,15.35,14.14,15.21,5703958,0.05625000000000013
20210413,15.23,15.7,15.13,15.68,4237579,0.030900723208415526
20210414,15.63,15.72,15.23,15.28,2161523,-0.025510204081632626
20210415,15.66,16.21,15.63,16.14,3667990,0.05628272251308908
20210416,16.06,16.17,15.87,15.91,1828029,-0.014250309789343274
20210419,15.54,15.81,15.23,15.36,2402014,-0.034569453174104425
20210420,15.32,15.5,14.96,15.17,1855808,-0.01236979166666663
20210421,15.13,15.36,15.1,15.36,1081430,0.012524719841793042
20210422,15.38,15.44,14.78,14.85,1514376,-0.033203125
20210423,14.9,15.33,14.9,15.27,1185794,0.028282828282828243
20210426,15.18,15.48,15.13,15.48,1119225,0.013752455795677854
20210427,15.57,15.67,15.35,15.38,889680,-0.006459948320413411
20210428,15.36,15.53,15.22,15.28,1132986,-0.006501950585175664
20210429,15.4,15.44,15.07,15.32,836920,0.002617801047120505
20210430,15.16,15.37,15.0,15.01,907347,-0.020234986945169786
20210503,15.13,15.25,14.79,14.84,1088210,-0.011325782811459018
20210504,14.64,14.64,14.01,14.35,2295438,-0.03301886792452835
20210505,14.71,14.81,14.39,14.46,1679744,0.0076655052264809065
20210506,14.5,14.57,14.22,14.52,1039875,0.004149377593360981
20210507,14.8,14.97,14.67,14.81,1162164,0.019972451790633672
20210510,14.77,14.81,14.25,14.27,1411798,-0.036461850101283
20210511,13.84,14.35,13.75,14.31,1526900,0.002803083391730965
20210512,14.01,14.26,13.71,13.76,1578898,-0.03843466107617055
20210513,14.03,14.08,13.46,13.67,1455112,-0.006540697674418561
20210514,13.89,14.33,13.75,14.24,1298783,0.04169714703730798
20210517,14.16,14.17,13.85,14.17,1180523,-0.004915730337078705
20210518,14.27,14.4,14.0,14.02,1062558,-0.010585744530698715
20210519,13.57,14.08,13.54,14.07,1958529,0.003566333808844524
20210520,14.3,14.68,14.27,14.61,1798974,0.03837953091684421
20210521,15.16,15.22,14.87,14.99,4015409,0.02600958247775509
20210524,15.2,15.74,15.18,15.61,3327259,0.0413609072715142
20210525,15.77,15.82,15.48,15.65,2302697,0.002562459961563235
20210526,15.73,15.79,15.59,15.7,1635081,0.0031948881789136685
20210527,15.69,15.75,15.46,15.49,2956095,-0.013375796178343946
20210528,15.5,16.28,15.5,16.24,3959640,0.048418334409296104
20210601,16.27,16.39,15.9,16.26,2829434,0.0012315270935963074
20210602,16.26,16.92,16.24,16.78,3815485,0.03198031980319804
20210603,16.69,17.26,16.58,16.97,3543877,0.011323003575685275
20210604,17.12,17.66,17.1,17.58,3579392,0.03594578668238069
20210607,17.57,17.81,17.19,17.62,3733994,0.0022753128555177415
20210608,17.53,17.62,17.25,17.46,1900746,-0.009080590238365494
20210609,17.52,17.58,17.26,17.36,2614987,-0.005727376861397571
20210610,17.35,17.49,17.18,17.43,1652760,0.0040322580645162365
20210611,17.49,17.94,17.44,17.83,2478774,0.022948938611589087
20210614,17.91,18.04,17.66,18.02,1781267,0.010656197420078506
20210615,17.93,18.02,17.73,17.79,1303668,-0.012763596004439548
20210616,17.79,17.95,17.58,17.81,1728688,0.0011242270938729426
20210617,17.77,18.84,17.76,18.66,5286199,0.047725996631106105
20210618,18.78,19.38,18.58,18.64,5539395,-0.001071811361200381
20210621,18.46,18.54,17.82,18.43,3959221,-0.011266094420600892
20210622,18.47,18.96,18.39,18.89,3521607,0.024959305480195315
20210623,19.0,19.15,18.91,19.06,1971320,0.008999470619375227
20210624,19.23,19.42,19.09,19.21,1835130,0.007869884575026243
20210625,19.28,19.35,18.89,19.03,1458254,-0.00937011972930768
20210628,19.35,20.08,19.32,19.99,2934351,0.05044666316342594
20210629,19.9,20.1,19.66,20.03,2160626,0.002001000500250205
20210630,19.99,20.16,19.86,20.0,1861868,-0.0014977533699451762
20210701,20.13,20.46,20.02,20.21,2854430,0.010499999999999954
20210702,20.45,20.51,20.29,20.49,1953869,0.01385452746165261
20210706,20.74,20.84,20.35,20.7,2479790,0.01024890190336758
20210707,20.85,20.88,20.33,20.37,2318614,-0.015942028985507117
20210708,19.84,20.13,19.7,19.9,2732199,-0.02307314678448713
20210709,19.97,20.08,19.75,20.05,1552920,0.007537688442211143
20210712,20.24,20.53,20.19,20.51,1799775,0.02294264339152119
20210713,20.39,20.46,20.11,20.25,1525057,-0.012676743052169703
20210714,20.36,20.42,19.75,19.84,2062093,-0.020246913580246884
20210715,19.81,19.85,18.86,18.97,3130921,-0.04385080645161299
20210716,19.04,19.16,18.07,18.16,4064430,-0.04269899841855551
20210719,17.91,19.04,17.87,18.78,4325666,0.034140969162995694
20210720,18.73,18.84,18.16,18.61,2789234,-0.009052183173589023
20210721,18.88,19.53,18.74,19.41,2642845,0.0429876410531973
20210722,19.64,19.89,19.28,19.59,2356797,0.009273570324574987
20210723,19.67,19.7,19.25,19.56,1351644,-0.0015313935681470214
20210726,19.31,19.44,18.91,19.29,1307551,-0.013803680981595123
20210727,19.27,19.62,18.74,19.21,1698426,-0.004147226542249749
20210728,19.29,19.65,19.0,19.5,1340069,0.015096304008328953
20210729,19.55,19.85,19.33,19.66,1276697,0.00820512820512831
20210730,19.43,19.63,19.26,19.5,1126481,-0.008138351983723258
20210802,19.7,19.96,19.36,19.75,1556774,0.012820512820512775
20210803,19.74,20.22,19.22,19.82,2299732,0.0035443037974682845
20210804,19.99,20.32,19.83,20.27,1585811,0.022704339051463185
20210805,20.5,20.73,20.34,20.64,1481342,0.018253576714356345
20210806,20.48,20.57,20.21,20.37,1224877,-0.013081395348837233
20210809,20.46,20.51,20.14,20.29,947212,-0.003927344133529798
20210810,20.35,20.43,19.83,19.94,1233265,-0.017249876786594287
20210811,20.05,20.05,19.43,19.7,1165673,-0.012036108324975037
20210812,19.87,20.03,19.62,19.91,1052761,0.010659898477157315
20210813,19.91,20.21,19.85,20.19,1169165,0.014063284781516971
20210816,20.12,20.29,19.45,19.95,1455844,-0.01188707280832102
20210817,19.68,19.77,19.27,19.46,1326347,-0.024561403508771895
20210818,19.5,19.63,19.0,19.04,1692137,-0.021582733812949728
20210819,19.5,20.5,18.76,19.8,6031862,0.0399159663865547
20210820,20.0,20.87,19.93,20.82,5392227,0.051515151515151514
20210823,20.95,22.0,20.95,21.96,4260182,0.05475504322766578
20210824,21.76,21.96,21.54,21.79,2222869,-0.007741347905282359
20210825,21.74,22.47,21.72,22.21,2662074,0.019274896741624747
20210826,22.21,22.34,21.79,22.07,1749064,-0.006303466906798727
20210827,22.19,22.72,22.17,22.64,2175057,0.02582691436338913
20210830,22.85,23.04,22.55,22.69,1862709,0.0022084805653710404
20210831,22.7,22.7,22.12,22.39,1629993,-0.013221683561040143
20210901,22.5,22.7,22.36,22.44,1372890,0.0022331397945511977
20210902,22.52,22.59,22.29,22.4,1334113,-0.0017825311942960553
20210903,22.33,22.99,22.2,22.84,2096972,0.019642857142857295
20210907,22.81,22.9,22.52,22.66,1348904,-0.007880910683012221
20210908,22.52,22.61,21.98,22.34,1849996,-0.014121800529567574
20210909,22.34,22.54,22.13,22.18,1315143,-0.0071620411817368
20210910,22.36,22.63,22.27,22.48,1779839,0.01352569882777277
20210913,22.67,22.96,21.86,22.15,1999816,-0.014679715302491236
20210914,22.28,22.41,22.09,22.24,1398908,0.004063205417607296
20210915,22.3,22.37,21.97,22.34,1126453,0.004496402877697925
20210916,22.19,22.28,21.93,22.24,1084024,-0.004476275738585556
20210917,22.3,22.32,21.83,21.9,1559774,-0.015287769784172678
20210920,21.15,21.43,20.66,21.11,2372851,-0.036073059360730575
20210921,21.41,21.43,20.95,21.25,1435536,0.006631927996210374
20210922,21.37,21.96,21.2,21.94,1905546,0.03247058823529425
20210923,22.12,22.54,21.89,22.48,1750149,0.024612579762989917
20210924,22.08,22.15,21.86,22.08,1459367,-0.017793594306049876
20210927,21.72,21.8,21.33,21.66,1765659,-0.0190217391304347
20210928,21.21,21.42,20.65,20.7,2405686,-0.04432132963988922
20210929,20.95,21.02,20.47,20.52,1498050,-0.008695652173912993
20210930,20.76,21.07,20.69,20.72,1434856,0.00974658869395717
20211001,20.75,20.86,20.2,20.74,1670340,0.0009652509652509078
20211004,20.5,20.54,19.56,19.73,2339801,-0.04869816779170677
20211005,19.95,20.65,19.85,20.45,1870379,0.036492650785605596
20211006,20.12,20.72,20.08,20.7,1939811,0.012224938875305513
20211007,21.09,21.32,20.97,21.08,1832435,0.018357487922705307
20211008,21.1,21.21,20.78,20.83,1048730,-0.01185958254269448
20211011,20.6,21.06,20.51,20.7,1048910,-0.006240998559769562
20211012,20.85,21.06,20.53,20.67,1149069,-0.0014492753623187582
20211013,20.92,20.99,20.71,20.94,1070657,0.013062409288824295
20211014,21.27,21.76,21.12,21.75,1575716,0.0386819484240688
20211015,21.78,21.93,21.66,21.86,1486919,0.005057471264367841
20211018,21.74,22.29,21.64,22.22,1240967,0.01646843549862753
20211019,22.28,22.38,22.04,22.29,1145910,0.0031503150315030926
20211020,22.29,22.43,21.98,22.1,1015621,-0.008524001794526614
20211021,22.09,22.71,22.08,22.69,1287213,0.026696832579185426
20211022,22.85,23.13,22.56,22.73,1655724,0.0017628911414719894
20211025,22.97,23.36,22.77,23.17,1540331,0.01935767707875069
20211026,24.0,25.26,23.92,24.72,3594607,0.0668968493741906
20211027,24.47,25.09,24.28,24.45,1737941,-0.010922330097087318
20211028,24.88,24.95,24.52,24.94,1515699,0.020040899795501055
20211029,25.0,25.71,25.0,25.57,1957719,0.025260625501202894
20211101,25.65,25.89,25.23,25.83,1662937,0.010168165819319341
20211102,25.82,26.68,25.8,26.4,1961060,0.022067363530778206
20211103,26.67,26.78,26.24,26.6,1590670,0.007575757575757791
20211104,27.24,31.36,27.12,29.8,8259818,0.12030075187969924
20211105,30.18,31.4,29.41,29.75,5883749,-0.001677852348993314
20211108,30.15,31.1,29.91,30.8,3336060,0.03529411764705892
20211109,32.28,32.31,29.96,30.66,4353766,-0.004545454545454519
20211110,29.32,30.85,28.78,29.46,4145405,-0.03913894324853229
20211111,30.45,30.59,29.78,30.39,2120110,0.031568228105906204
20211112,30.01,30.68,29.63,30.39,2678959,0.0
20211115,30.55,30.64,29.25,30.03,2527049,-0.011846001974333609
20211116,29.75,30.39,29.71,30.2,1623018,0.00566100566100558
20211117,30.41,30.51,28.8,29.26,2396799,-0.031125827814569407
20211118,32.36,32.76,31.32,31.68,5651056,0.08270676691729317
20211119,32.25,33.09,31.91,32.99,3783930,0.041351010101010166
20211122,33.52,34.65,31.9,31.96,5404799,-0.03122158229766603
20211123,31.54,32.36,30.88,31.75,3878465,-0.0065707133917396465
20211124,31.46,32.86,30.93,32.67,2888803,0.028976377952755872
20211126,32.54,32.71,31.35,31.5,1747702,-0.03581267217630857
20211129,32.38,33.41,32.04,33.38,2955750,0.05968253968253978
20211130,33.17,33.35,31.86,32.68,3768985,-0.02097064110245661
20211201,33.22,33.29,31.38,31.44,3533740,-0.03794369645042839
20211202,31.21,32.48,31.03,32.13,3217408,0.021946564885496178
20211203,32.0,32.13,30.13,30.69,3645479,-0.04481792717086841
20211206,29.88,30.24,28.04,30.04,4664397,-0.021179537308569585
20211207,30.96,32.45,30.65,32.43,4360055,0.07956058588548598
20211208,31.99,32.29,31.42,31.83,3504000,-0.018501387604070385
20211209,31.72,32.21,30.43,30.49,3478697,-0.04209864907320138
20211210,31.15,31.31,29.86,30.2,3500634,-0.009511315185306679
20211213,30.24,30.29,28.12,28.16,4371415,-0.06754966887417213
20211214,27.69,28.68,27.25,28.34,4821539,0.006392045454545414
20211215,28.4,30.5,27.84,30.46,5090376,0.0748059280169373
20211216,31.15,31.16,28.09,28.39,4862295,-0.06795797767564016
20211217,27.99,28.92,27.76,27.8,3952378,-0.020781965480803133
20211220,27.31,28.14,27.15,27.72,3180481,-0.0028776978417266452
20211221,28.37,29.12,27.4,29.08,3744190,0.04906204906204903
20211222,28.89,29.56,28.45,29.4,2719265,0.011004126547455195
20211223,29.76,30.06,29.43,29.64,2329680,0.008163265306122547
20211227,29.66,31.09,29.64,30.95,2871293,0.04419703103913619
20211228,31.31,31.33,30.01,30.32,2841229,-0.020355411954765756
20211229,30.29,30.55,29.37,30.0,2401612,-0.01055408970976257
20211230,29.83,30.46,29.54,29.59,2227221,-0.013666666666666716
20211231,29.67,30.03,29.33,29.41,1823610,-0.006083136194660388
20220103,29.82,30.71,29.79,30.12,2622411,0.024141448486909134
20220104,30.26,30.47,28.35,29.29,3503007,-0.027556440903054535
20220105,28.95,29.42,27.53,27.6,3170316,-0.0576988733356093
20220106,27.64,28.44,27.07,28.18,3037055,0.021014492753623104
20220107,28.14,28.42,27.06,27.25,2714065,-0.03300212916962386
20220110,26.58,27.47,25.64,27.4,4004018,0.005504587155963359
20220111,27.32,28.07,26.84,27.82,2823826,0.01532846715328473
20220112,28.07,28.6,27.61,28.0,2664856,0.006470165348670065
20220113,28.38,28.48,26.5,26.58,3592280,-0.05071428571428582
20220114,26.3,27.2,26.21,26.94,2673039,0.013544018058690765
20220118,26.26,26.64,25.77,25.9,2672504,-0.03860430586488506
20220119,26.07,26.54,25.05,25.07,3245217,-0.032046332046332004
20220120,25.31,25.58,24.08,24.15,2853008,-0.03669724770642213
20220121,23.54,24.82,23.26,23.37,4812317,-0.032298136645962594
20220124,22.33,23.38,20.89,23.37,6167063,0.0
20220125,22.56,22.94,22.0,22.32,4392649,-0.04492939666238771
20220126,23.24,24.06,22.3,22.77,5189187,0.020161290322580516
20220127,23.57,24.0,21.68,21.94,3892142,-0.03645147123407988
20220128,22.0,22.86,21.3,22.84,3778885,0.04102096627164986
20220131,23.18,24.51,23.05,24.49,3897523,0.07224168126094566
20220201,25.1,25.15,23.89,24.64,3572758,0.0061249489587587025
20220202,25.8,25.82,24.55,25.24,3575148,0.024350649350649345
20220203,24.43,25.08,23.78,23.95,2544463,-0.0511093502377179
20220204,23.94,24.64,23.63,24.32,2260731,0.01544885177453037
20220207,24.36,25.18,24.2,24.73,2522100,0.016858552631578982
20220208,24.36,25.23,23.98,25.11,2739568,0.015365952284674522
20220209,25.62,26.73,25.35,26.71,3466833,0.06371963361210686
20220210,26.0,26.93,25.6,25.82,3440777,-0.033320853612879064
20220211,25.92,26.15,23.77,23.95,3929086,-0.07242447714949651
20220214,23.94,24.88,23.76,24.27,2954743,0.013361169102296566
20220215,24.93,26.54,24.78,26.5,4849461,0.09188298310671605
20220216,26.26,26.58,25.55,26.51,4559793,0.0003773584905661931
20220217,25.63,25.79,24.17,24.51,5642340,-0.07544322897019995
20220218,24.67,24.99,23.1,23.64,5231172,-0.03549571603427182
20220222,23.03,24.06,23.0,23.39,4338584,-0.010575296108290999
20220223,23.8,24.16,22.3,22.39,3765306,-0.04275331338178712
20220224,21.02,23.8,20.89,23.75,5116855,0.060741402411790935
20220225,23.72,24.22,23.38,24.16,3778763,0.01726315789473687
20220228,23.99,24.67,23.71,24.39,2979267,0.009519867549668826
20220301,24.29,24.38,23.13,23.48,2832962,-0.03731037310373109
20220302,23.76,24.41,23.42,24.22,2717194,0.03151618398637135
20220303,24.26,24.33,23.47,23.71,2488344,-0.021056977704376423
20220304,23.38,23.68,22.48,22.94,3040225,-0.032475748629270385
20220307,22.82,23.03,21.33,21.35,2991920,-0.06931124673060152
20220308,21.3,22.37,20.65,21.51,3955104,0.007494145199063329
20220309,22.39,23.22,22.25,23.01,3415912,0.06973500697350077
20220310,22.55,22.79,21.88,22.66,2717869,-0.01521077792264236
20220311,23.02,23.15,22.05,22.1,2343347,-0.024713150926743088
20220314,21.8,22.26,21.16,21.33,2563810,-0.034841628959276116
20220315,21.53,23.04,21.32,22.97,3318457,0.07688701359587435
20220316,23.51,24.6,23.17,24.5,4640084,0.06660861993905098
20220317,24.11,24.84,23.91,24.77,3287935,0.011020408163265216
20220318,24.8,26.57,24.62,26.45,4717110,0.06782398062171979
20220321,26.51,27.15,25.97,26.73,4106647,0.010586011342154977
20220322,26.73,27.24,26.07,26.52,3898522,-0.007856341189674598
20220323,26.13,26.61,25.58,25.63,3575180,-0.03355957767722473
20220324,26.16,28.32,25.91,28.15,6289577,0.09832227857978926
20220325,27.89,28.36,27.27,27.69,4204528,-0.0163410301953818
20220328,27.76,28.25,27.21,28.22,2884718,0.01914048392921619
20220329,28.7,28.95,27.98,28.66,3289943,0.015591778880226892
20220330,28.3,28.5,27.5,27.69,3134068,-0.03384508025122113
20220331,27.77,28.25,27.27,27.29,3416120,-0.014445648248465282
20220401,27.36,27.5,26.27,26.71,3598811,-0.02125320630267491
20220404,26.73,27.56,26.61,27.36,2631018,0.02433545488581057
20220405,27.27,27.32,25.82,25.93,2913657,-0.05226608187134507
20220406,24.93,25.3,24.0,24.41,4823254,-0.058619359814886196
20220407,24.44,24.72,23.48,24.21,3943382,-0.008193363375665674
20220408,23.92,23.92,23.06,23.12,3806442,-0.045022717885171426
20220411,22.21,22.32,21.66,21.92,3773297,-0.05190311418685123
20220412,22.54,22.73,21.28,21.5,4400667,-0.019160583941605913
20220413,21.73,22.5,21.46,22.2,3595952,0.032558139534883734
20220414,22.51,22.78,21.16,21.26,3840113,-0.04234234234234224
20220418,21.2,22.09,21.08,21.78,3862723,0.024459078080903085
20220419,21.73,22.37,21.31,22.2,3662583,0.01928374655647369
20220420,22.51,22.67,21.2,21.48,3318826,-0.032432432432432434
20220421,21.7,22.39,20.0,20.18,4573476,-0.06052141527001864
20220422,20.32,20.49,19.5,19.52,4172296,-0.032705649157581784
20220425,19.2,19.95,19.1,19.9,4823856,0.019467213114753967
20220426,19.72,19.79,18.67,18.79,4678276,-0.05577889447236184
20220427,18.6,19.17,18.29,18.42,3627949,-0.019691325172964236
20220428,18.96,20.04,18.49,19.78,4161752,0.07383279044516833
20220429,19.4,20.13,18.52,18.55,3399409,-0.062184024266936366
20220502,18.54,19.57,18.39,19.53,4290025,0.05283018867924527
20220503,19.4,19.83,19.13,19.6,3621337,0.0035842293906809264
20220504,19.93,20.4,18.75,20.33,4784374,0.03724489795918351
20220505,19.87,19.93,18.5,18.84,4519748,-0.0732907033939989
20220506,18.72,19.51,17.99,18.68,4762430,-0.00849256900212314
20220509,18.03,18.26,16.83,16.95,4638579,-0.09261241970021417
20220510,17.69,18.2,17.03,17.6,5677337,0.038348082595870414
20220511,17.33,17.75,16.57,16.63,4839064,-0.05511363636363653
20220512,16.24,16.79,15.57,16.18,5092343,-0.027059530968129852
20220513,16.79,17.93,16.59,17.71,4995966,0.09456118665018542
20220516,17.51,17.79,17.11,17.26,4063572,-0.02540937323546011
20220517,18.07,18.37,17.63,18.18,4463251,0.05330243337195828
20220518,17.71,18.12,16.86,16.94,4024799,-0.06820682068206807
20220519,16.94,17.69,16.73,17.12,4879587,0.010625737898465104
20220520,17.34,17.41,15.76,16.69,5645826,-0.025116822429906538
20220523,16.26,16.92,16.18,16.9,4950419,0.012582384661473878
20220524,16.52,16.6,15.78,16.15,4442394,-0.044378698224852076
20220525,16.02,17.11,16.0,16.98,5441669,0.05139318885448918
20220526,16.03,18.09,16.02,17.85,7486193,0.051236749116607916
20220527,18.19,18.88,18.1,18.81,5198191,0.053781512605041826
20220531,18.98,19.2,18.35,18.67,4455292,-0.0074428495481125845
20220601,18.72,19.05,18.12,18.32,4163091,-0.018746652383503037
20220602,18.29,19.62,18.2,19.59,4879454,0.06932314410480345
20220603,19.08,19.33,18.52,18.72,4410680,-0.0444104134762634
20220606,19.14,19.34,18.56,18.79,3174653,0.003739316239316226
20220607,18.46,19.0,18.19,18.93,2859503,0.007450771687067537
20220608,18.8,19.18,18.54,18.65,2797279,-0.014791336502905539
20220609,18.48,18.93,18.04,18.05,2878476,-0.03217158176943691
20220610,17.6,17.7,16.87,16.97,3317309,-0.059833795013850555
20220613,16.0,16.31,15.61,15.65,4238497,-0.07778432527990564
20220614,15.75,16.07,15.41,15.84,3582420,0.012140575079872207
20220615,16.1,16.87,15.93,16.53,4314197,0.04356060606060619
20220616,15.86,15.94,15.4,15.6,3676995,-0.056261343012704246
20220617,15.65,15.99,15.33,15.88,4012957,0.017948717948718107
20220621,16.48,17.01,16.41,16.57,3546641,0.04345088161209065
20220622,16.23,16.66,16.18,16.36,3241678,-0.012673506336753237
20220623,16.51,16.59,15.85,16.23,3554687,-0.007946210268948595
20220624,16.5,17.14,16.31,17.13,3420298,0.05545286506469482
20220627,17.31,17.33,16.63,16.87,3270933,-0.015178050204319837
20220628,16.9,17.2,15.94,15.98,3310072,-0.05275637225844698
20220629,15.81,15.82,15.17,15.54,3690824,-0.027534418022528206
20220630,15.35,15.57,14.86,15.16,5137481,-0.02445302445302444
20220701,14.9,15.06,14.4,14.52,4395109,-0.04221635883905017
20220705,14.18,14.97,14.06,14.96,5006021,0.030303030303030498
20220706,15.01,15.32,14.79,15.13,4248191,0.011363636363636465
20220707,15.46,15.94,15.39,15.86,3923172,0.04824851288830123
20220708,15.43,16.04,15.39,15.84,3807632,-0.0012610340479192184
20220711,15.52,15.53,15.04,15.15,3175885,-0.04356060606060608
20220712,15.27,15.43,14.88,15.08,3320769,-0.0046204620462045876
20220713,14.6,15.38,14.47,15.16,3883050,0.0053050397877985045
20220714,15.11,15.47,14.73,15.37,3472970,0.01385224274406327
20220715,15.66,15.78,15.44,15.76,2717987,0.025374105400130187
20220718,16.31,16.9,16.0,16.1,5111487,0.021573604060913798
20220719,16.49,17.11,16.17,16.99,5280962,0.05527950310558993
20220720,16.95,17.93,16.8,17.81,5871348,0.04826368452030616
20220721,17.89,18.14,17.54,18.05,4097264,0.013475575519371175
20220722,17.89,17.97,17.14,17.32,3998630,-0.04044321329639888
20220725,17.02,17.12,16.65,17.02,3658712,-0.01732101616628179
20220726,16.9,16.92,16.48,16.53,2910342,-0.028789659224441766
20220727,17.03,17.94,16.91,17.79,4132917,0.07622504537205077
20220728,17.95,18.14,17.44,17.98,3553003,0.010680157391793177
20220729,17.81,18.24,17.69,18.16,3142181,0.010011123470522687
20220801,18.19,18.85,17.99,18.44,3585314,0.01541850220264318
20220802,18.13,18.94,18.09,18.53,3691704,0.0048806941431669415
20220803,18.18,18.97,18.14,18.89,3040575,0.019427954668105762
20220804,18.85,19.27,18.76,19.22,3152103,0.017469560614081336
20220805,18.81,19.23,18.67,18.99,2858068,-0.01196670135275757
20220808,17.5,18.24,17.24,17.79,7343533,-0.06319115323854652
20220809,17.25,17.45,16.72,17.09,5158275,-0.03934794828555366
20220810,17.7,18.12,17.32,18.1,4431977,0.059098888238736214
20220811,18.12,18.71,17.88,17.94,3950635,-0.008839779005524906
20220812,18.16,18.72,17.95,18.71,3667697,0.04292084726867329
20220815,18.71,19.16,18.61,19.03,3573359,0.017103153393907
20220816,18.92,19.14,18.5,18.88,3355077,-0.0078822911192854
20220817,18.53,18.69,18.15,18.34,3420535,-0.028601694915254217
20220818,18.3,18.87,18.18,18.77,3163667,0.023446019629225656
20220819,18.41,18.52,17.77,17.85,3266016,-0.04901438465636643
20220822,17.49,17.56,16.97,17.03,3030576,-0.045938375350140115
20220823,17.0,17.47,16.97,17.18,2765400,0.008807985907222537
20220824,17.03,17.41,16.9,17.22,3616682,0.002328288707799775
20220825,16.84,17.95,16.83,17.91,6011339,0.04006968641114983
20220826,17.85,17.92,16.24,16.26,5753230,-0.09212730318257945
20220829,16.01,16.34,15.77,15.8,3751182,-0.02829028290282909
20220830,15.96,16.04,15.18,15.47,3988084,-0.02088607594936709
20220831,15.37,15.54,14.96,15.09,3870212,-0.024563671622495176
20220901,14.21,14.38,13.27,13.94,8895768,-0.07620941020543404
20220902,14.1,14.17,13.59,13.65,5616405,-0.020803443328550886
20220906,13.72,13.78,13.35,13.47,4067412,-0.01318681318681314
20220907,13.57,13.84,13.35,13.71,3733701,0.017817371937639104
20220908,13.46,14.01,13.37,13.99,4863684,0.020423048869438354
20220909,14.15,14.47,14.13,14.39,3698452,0.028591851322373074
20220912,14.37,14.55,14.2,14.51,3830959,0.008339124391938846
20220913,13.81,13.92,13.1,13.13,4984307,-0.09510682288077177
20220914,13.25,13.29,12.91,13.13,4438311,0.0
20220915,13.02,13.23,12.79,12.93,3943712,-0.01523229246001534
20220916,12.74,13.21,12.62,13.2,4887336,0.02088167053364276
20220919,13.01,13.46,13.01,13.38,4443901,0.013636363636363669
20220920,13.22,13.48,13.06,13.18,4306694,-0.014947683109118204
20220921,13.21,14.03,13.11,13.26,6485098,0.006069802731411222
20220922,13.07,13.15,12.43,12.56,6078739,-0.05279034690799389
20220923,12.42,12.61,12.26,12.52,5193856,-0.0031847133757962887
20220926,12.5,12.66,12.21,12.23,4119050,-0.02316293929712454
20220927,12.51,12.74,12.26,12.41,4432058,0.014717906786590351
20220928,12.41,12.82,12.35,12.74,4146604,0.02659145850120881
20220929,12.45,12.5,11.95,12.22,4052167,-0.04081632653061218
20220930,12.09,12.63,12.08,12.14,4323366,-0.006546644844517169
20221003,12.35,12.68,12.11,12.51,4249712,0.030477759472817167
20221004,12.88,13.22,12.88,13.17,4481224,0.052757793764988126
20221005,12.92,13.32,12.62,13.21,4126859,0.0030372057706911093
20221006,13.22,13.66,13.1,13.13,5196484,-0.006056018168054456
20221007,12.51,12.67,12.02,12.08,5116630,-0.07996953541508
20221010,12.04,12.13,11.41,11.67,5470466,-0.03394039735099341
20221011,11.56,11.85,11.28,11.59,5233344,-0.006855184233076295
20221012,11.58,11.74,11.35,11.5,3830164,-0.007765314926660882
20221013,10.97,12.08,10.81,11.96,6862148,0.040000000000000036
20221014,12.06,12.11,11.2,11.23,5839060,-0.06103678929765888
20221017,11.52,11.95,11.52,11.89,4676173,0.05877114870881561
20221018,12.34,12.49,11.62,11.97,5532512,0.006728343145500526
20221019,11.89,12.35,11.83,12.05,4255150,0.006683375104427736
20221020,12.11,12.77,12.11,12.19,5364961,0.011618257261410747
20221021,12.1,12.5,11.89,12.47,4993961,0.022969647251845915
20221024,12.51,12.71,12.06,12.6,4240231,0.010425020048115297
20221025,12.7,13.3,12.66,13.26,4007656,0.05238095238095242
20221026,12.87,13.39,12.71,12.9,4132078,-0.02714932126696823
20221027,13.63,13.84,13.12,13.18,4369178,0.021705426356589008
20221028,13.12,13.85,13.06,13.83,4089048,0.04931714719271629
20221031,13.77,13.84,13.3,13.5,3775483,-0.02386117136659438
20221101,13.81,13.93,13.52,13.54,3447305,0.002962962962962834
20221102,13.85,14.21,13.21,13.22,5361174,-0.023633677991137247
20221103,13.05,13.78,12.96,13.42,3957827,0.015128593040847127
20221104,13.99,14.23,13.7,14.16,4647558,0.055141579731743606
20221107,14.23,14.41,13.95,14.3,3267726,0.009887005649717562
20221108,14.8,14.89,14.22,14.6,4754706,0.020979020979020824
20221109,14.16,14.21,13.76,13.78,3446880,-0.05616438356164388
20221110,14.8,15.77,14.55,15.75,5132960,0.14296081277213357
20221111,15.81,16.39,15.48,16.33,5074227,0.03682539682539665
20221114,16.22,16.54,15.92,16.29,4111478,-0.0024494794856092517
20221115,16.73,17.0,16.38,16.67,4131824,0.023327194597912992
20221116,16.14,16.36,15.87,15.91,4332276,-0.045590881823635354
20221117,15.74,16.27,15.54,15.68,5576126,-0.014456316781898182
20221118,15.97,16.0,15.12,15.41,3857195,-0.01721938775510201
20221121,15.15,15.48,15.08,15.32,3046100,-0.005840363400389403
20221122,15.34,16.06,15.12,16.04,3756228,0.04699738903394257
20221123,16.1,16.53,16.05,16.52,3431721,0.029925187032419087
20221125,16.31,16.49,16.17,16.27,1326124,-0.015133171912832921
20221128,16.03,16.36,15.72,15.83,2186541,-0.02704363859864778
20221129,15.83,15.93,15.52,15.64,2394703,-0.012002526847757378
20221130,15.69,16.93,15.6,16.92,4001636,0.08184143222506401
20221201,17.01,17.27,16.64,17.14,3365462,0.013002364066193817
20221202,16.66,16.93,16.45,16.88,2709448,-0.015169194865811031
20221205,16.68,17.0,16.47,16.61,2472657,-0.015995260663507094
20221206,16.53,16.57,15.82,15.99,2676666,-0.03732691149909684
20221207,15.77,16.19,15.67,16.12,2921810,0.008130081300813163
20221208,16.27,17.18,15.96,17.17,3962209,0.06513647642679898
20221209,17.16,17.58,16.98,17.0,3490880,-0.00990099009901002
20221212,17.04,17.54,16.8,17.54,3491615,0.03176470588235292
20221213,18.5,18.79,17.71,18.07,4652311,0.030216647662485885
20221214,17.99,18.25,17.42,17.67,3779924,-0.022136137244050835
20221215,17.15,17.32,16.7,16.95,3446462,-0.04074702886247894
20221216,16.88,17.04,16.41,16.57,3117158,-0.022418879056047114
20221219,16.59,16.61,16.15,16.25,2685540,-0.01931200965600488
20221220,16.06,16.31,15.85,16.09,2952958,-0.009846153846153838
20221221,16.11,16.63,16.1,16.5,2478335,0.025481665630826544
20221222,16.1,16.14,14.88,15.34,4401902,-0.07030303030303031
20221223,15.2,15.34,14.88,15.21,2737243,-0.008474576271186418
20221227,15.07,15.1,14.06,14.12,3709539,-0.07166337935568712
20221228,13.93,14.26,13.88,14.04,2781508,-0.005665722379603388
20221229,14.4,14.68,14.23,14.6,2743383,0.03988603988603989
20221230,14.33,14.63,14.23,14.61,2383200,0.00068493150684934
20230103,14.87,15.0,14.1,14.32,3147011,-0.019849418206707714
20230104,14.57,14.85,14.24,14.75,3392248,0.0300279329608939
20230105,14.49,14.56,14.15,14.27,2856172,-0.032542372881355974
20230106,14.46,15.01,14.03,14.86,3104897,0.041345480028030845
20230109,15.28,16.06,15.14,15.63,3920150,0.05181695827725452
20230110,15.49,15.96,15.47,15.91,2986051,0.01791426743442104
20230111,15.83,16.03,15.56,16.0,2677939,0.0056568196103079504
20230112,16.1,16.64,15.49,16.51,4328051,0.0318750000000001
20230113,16.28,16.92,16.17,16.9,3520076,0.023622047244094224
20230117,16.9,17.73,16.9,17.7,3909218,0.047337278106508895
20230118,17.67,17.87,17.28,17.38,3415928,-0.01807909604519775
20230119,17.06,17.2,16.73,16.77,3528288,-0.03509781357882624
20230120,17.0,17.86,16.83,17.84,4160343,0.06380441264162195
20230123,18.07,19.25,17.82,19.19,5161541,0.0756726457399104
20230124,18.83,19.5,18.82,19.27,3939099,0.004168837936425085
20230125,18.91,19.37,18.58,19.32,3684095,0.002594706798131785
20230126,19.72,20.17,19.28,19.8,3771900,0.024844720496894457
20230127,19.46,20.63,19.41,20.37,4267858,0.028787878787878807
20230130,19.96,20.14,19.15,19.16,3714118,-0.05940108001963673
20230131,19.17,19.69,18.95,19.54,3745469,0.019832985386221136
20230201,19.7,21.19,19.61,20.94,5098672,0.07164790174002067
20230202,21.0,21.95,20.96,21.71,4208495,0.036771728748806076
20230203,20.98,21.75,20.79,21.1,3153398,-0.028097650852141887
20230206,20.81,21.57,20.79,21.09,3559250,-0.00047393364928915993
20230207,21.38,22.26,21.15,22.17,5165686,0.05120910384068278
20230208,22.38,22.88,22.01,22.21,4200479,0.0018042399639150997
20230209,22.61,23.02,22.12,22.34,4044188,0.005853219270598675
20230210,21.69,22.08,20.81,21.27,4266389,-0.04789615040286488
20230213,21.53,22.05,20.96,21.79,3658753,0.02444757874941228
20230214,21.57,23.05,21.37,22.97,5184553,0.05415328132170716
20230215,22.55,22.86,22.11,22.76,3191544,-0.009142359599477512
20230216,22.13,22.55,21.93,22.0,3007759,-0.033391915641476366
20230217,21.63,21.74,20.98,21.39,3592348,-0.02772727272727271
20230221,21.0,21.49,20.62,20.66,2880659,-0.03412809724170174
20230222,20.72,21.1,20.42,20.75,3211887,0.004356243949661165
20230223,23.44,23.89,23.03,23.66,8213116,0.14024096385542162
20230224,23.23,23.47,22.95,23.29,4366380,-0.015638207945900318
20230227,23.68,23.88,23.45,23.5,3356213,0.009016745384285096
20230228,23.37,23.83,23.21,23.22,3104867,-0.01191489361702136
20230301,23.21,23.26,22.51,22.7,3180019,-0.02239448751076656
20230302,22.48,23.38,22.43,23.31,2870346,0.026872246696035162
20230303,23.32,23.9,23.13,23.89,2952112,0.024882024882024956
20230306,23.89,24.25,23.49,23.55,3257159,-0.014231896190874838
20230307,23.6,24.13,23.24,23.29,3983846,-0.011040339702760193
20230308,23.49,24.2,23.42,24.18,4031284,0.038213825676255864
20230309,24.18,24.45,23.38,23.44,3774392,-0.03060380479735314
20230310,23.41,23.63,22.73,22.97,3475145,-0.020051194539249195
20230313,22.75,23.3,22.3,22.97,2946975,0.0
20230314,23.5,24.22,23.46,24.06,3458290,0.047453199825859826
20230315,23.76,24.29,23.36,24.23,3738233,0.007065669160432275
20230316,24.02,25.59,23.89,25.54,4176247,0.05406520841931495
20230317,25.98,26.4,25.67,25.73,5244664,0.007439310884886474
20230320,25.61,26.02,25.13,25.9,3098443,0.00660707345511069
20230321,26.19,26.39,25.38,26.2,4095936,0.01158301158301156
20230322,26.43,27.59,26.24,26.47,6096384,0.010305343511450404
20230323,27.11,27.5,26.69,27.19,4077843,0.027200604457876976
20230324,27.03,27.17,26.36,26.78,3299429,-0.015079073188672298
20230327,26.84,27.0,26.36,26.53,2741844,-0.00933532486930544
20230328,26.45,26.51,25.85,26.41,2654311,-0.004523181304183943
20230329,26.83,27.08,26.6,26.98,2768072,0.021582733812949728
20230330,27.23,27.5,27.1,27.38,2601114,0.014825796886582587
20230331,27.14,27.84,27.11,27.78,3068248,0.014609203798393144
20230403,27.5,28.0,27.34,27.96,2869642,0.00647948164146861
20230404,27.96,28.0,27.31,27.45,2675176,-0.018240343347639576
20230405,26.83,27.0,26.4,26.88,3647268,-0.020765027322404372
20230406,26.58,27.08,26.43,27.04,2767502,0.005952380952380931
20230410,26.82,27.62,26.67,27.58,2780273,0.019970414201183395
20230411,27.73,27.79,27.13,27.17,2225235,-0.01486584481508324
20230412,27.37,27.47,26.45,26.5,3326320,-0.02465955097534056
20230413,26.73,26.89,26.33,26.46,2514144,-0.0015094339622641062
20230414,26.51,26.88,26.22,26.76,2957511,0.01133786848072571
20230417,26.57,27.01,26.43,27.0,2346309,0.008968609865470878
20230418,27.53,28.11,27.36,27.67,4635715,0.024814814814814845
20230419,27.37,28.0,27.23,27.93,2718654,0.00939645825804103
20230420,27.67,28.03,27.0,27.1,3107273,-0.029717150017901872
20230421,26.95,27.18,26.72,27.12,2504391,0.0007380073800737907
20230424,27.01,27.37,26.67,27.04,2340103,-0.002949852507374673
20230425,27.08,27.25,26.23,26.24,2730079,-0.029585798816568087
20230426,26.99,27.33,26.71,26.96,3041068,0.027439024390244038
20230427,27.36,27.5,26.63,27.23,2716615,0.010014836795252169
20230428,27.23,27.76,27.07,27.75,2050611,0.019096584649283876
20230501,27.84,29.06,27.78,28.91,4427889,0.04180180180180182
20230502,28.68,28.84,28.08,28.21,2940757,-0.02421307506053272
20230503,27.84,28.37,27.47,27.8,2864555,-0.014533853243530626
20230504,27.65,27.86,27.24,27.56,2315992,-0.008633093525179936
20230505,27.83,28.76,27.73,28.68,2469279,0.04063860667634267
20230508,28.52,29.22,28.35,29.15,2632804,0.016387726638772637
20230509,28.9,28.97,28.45,28.57,2165475,-0.01989708404802737
20230510,29.01,29.11,28.46,28.89,2637784,0.011200560028001405
20230511,28.91,28.95,28.25,28.58,2323573,-0.010730356524749074
20230512,28.53,28.78,28.05,28.34,1953651,-0.008397480755773179
20230515,28.51,28.97,28.15,28.95,2115673,0.02152434721242069
20230516,28.84,29.87,28.83,29.21,3428168,0.00898100172711569
20230517,29.59,30.2,29.43,30.18,3082660,0.033207805546045854
20230518,30.41,31.83,30.32,31.68,5619842,0.0497017892644136
20230519,31.52,31.58,30.92,31.26,3423859,-0.01325757575757569
20230522,30.91,31.52,30.68,31.18,2707398,-0.002559181062060212
20230523,31.01,31.29,30.63,30.69,2516614,-0.0157152020525978
20230524,30.21,30.61,29.81,30.54,3658746,-0.00488758553274693
20230525,38.54,39.48,36.64,37.98,10191045,0.24361493123772093
20230526,37.9,39.17,37.55,38.95,5031719,0.02553975776724604
20230530,40.61,41.94,39.95,40.11,6418890,0.029781771501925514
20230531,39.51,40.3,37.82,37.83,5645931,-0.05684367988032912
20230601,38.49,40.05,38.34,39.77,4270762,0.05128205128205132
20230602,40.1,40.5,39.06,39.33,3406683,-0.011063615790797177
20230605,38.9,39.57,38.71,39.17,2791446,-0.004068141367912448
20230606,38.83,39.16,38.15,38.65,2817387,-0.013275465917794271
20230607,38.93,39.5,37.36,37.48,3649416,-0.03027166882276844
20230608,37.72,38.86,37.51,38.51,2968835,0.02748132337246534
20230609,39.05,39.71,38.57,38.77,3001935,0.006751493118670515
20230612,39.2,39.53,38.62,39.48,2659126,0.018313128707763582
20230613,40.17,41.1,39.74,41.02,4353648,0.03900709219858167
20230614,40.81,43.0,40.55,43.0,5260884,0.04826913700633839
20230615,42.6,43.29,42.15,42.65,3992326,-0.008139534883720989
20230616,43.43,43.72,42.66,42.69,4158811,0.0009378663540444698
20230620,43.0,43.99,42.68,43.81,2989228,0.026235652377606167
20230621,43.5,43.62,42.08,43.05,3949002,-0.017347637525679138
20230622,42.25,43.43,42.23,43.02,2899311,-0.0006968641114981633
20230623,42.46,42.81,42.02,42.21,2506920,-0.01882845188284521
20230626,42.46,42.76,40.1,40.63,4287446,-0.03743188817815679
20230627,40.79,41.94,40.45,41.88,3217225,0.030765444253014973
20230628,40.66,41.85,40.52,41.12,4127006,-0.018147086914995336
20230629,41.56,41.6,40.6,40.82,2743786,-0.007295719844357951
20230630,41.67,42.55,41.5,42.3,3395405,0.036256736893679475
20230703,42.51,42.9,42.2,42.41,1390733,0.002600472813238719
20230705,42.13,43.18,42.08,42.32,2330324,-0.0021221410044799383
20230706,41.87,42.18,41.35,42.1,2036914,-0.0051984877126654006
20230707,42.32,43.21,42.18,42.5,2492673,0.009501187648456089
20230710,42.66,42.81,41.65,42.18,2428538,-0.007529411764705896
20230711,42.49,42.76,42.07,42.41,2011280,0.0054528212422948474
20230712,43.04,43.94,42.78,43.9,3260576,0.035133223296392346
20230713,44.51,46.16,44.49,45.98,3246238,0.04738041002277904
20230714,46.58,48.04,45.06,45.47,5631403,-0.011091779034362759
20230718,46.7,47.9,45.73,47.49,4106538,0.04442489553551798
20230719,47.47,47.82,46.74,47.08,3048132,-0.008633396504527324
20230720,46.51,47.09,45.06,45.52,3735244,-0.03313508920985542
20230721,45.87,45.87,44.1,44.31,3848389,-0.026581722319859447
20230724,44.73,45.11,44.04,44.61,2614241,0.00677048070413
20230725,44.94,46.18,44.92,45.68,2437773,0.02398565344093262
20230726,46.04,46.05,44.63,45.45,2620451,-0.005035026269702203
20230727,46.52,47.4,45.75,45.9,3334398,0.00990099009900991
20230728,46.68,47.03,46.38,46.75,2292691,0.0185185185185186
20230731,46.75,47.13,46.51,46.73,1738780,-0.00042780748663107104
20230801,46.46,46.9,46.03,46.51,1662999,-0.004707896426278557
20230802,45.83,45.84,43.39,44.27,3809548,-0.04816168565899792
20230803,43.8,45.12,43.8,44.52,2274748,0.005647165123108255
20230804,44.99,45.64,44.39,44.68,2496995,0.003593890386343057
20230807,45.12,45.54,44.56,45.42,2278918,0.016562220232766434
20230808,44.88,45.24,44.06,44.66,2558773,-0.016732716864817365
20230809,44.27,44.31,42.13,42.55,4288688,-0.047245857590685114
20230810,42.16,43.57,41.84,42.39,3590772,-0.0037602820211515287
20230811,41.77,42.02,40.64,40.86,3915124,-0.03609341825902335
20230814,40.52,43.8,40.31,43.75,4989364,0.07072931962799811
20230815,44.57,45.27,43.71,43.94,5013936,0.004342857142856982
20230816,44.52,44.68,43.41,43.49,3703119,-0.010241238051888812
20230817,43.96,44.06,43.0,43.34,3137817,-0.0034490687514371343
20230818,42.63,43.58,41.66,43.3,4453806,-0.0009229349330873715
20230821,44.5,47.07,44.22,46.97,4838038,0.08475750577367203
20230822,48.14,48.19,45.33,45.67,5534963,-0.02767724079199485
20230823,45.87,47.2,45.21,47.12,4323300,0.031749507335230964
20230824,50.22,50.27,47.16,47.16,8007804,0.000848896434634927
20230825,47.01,47.81,45.02,46.02,6923231,-0.024173027989821794
20230828,46.48,46.98,44.89,46.84,5099889,0.01781833985223824
20230829,46.66,49.08,46.39,48.78,5265732,0.04141759180187865
20230830,49.04,49.93,48.43,49.26,5265766,0.009840098400983877
20230831,49.38,49.74,48.96,49.36,3500872,0.002030044660982666
20230901,49.77,49.8,48.14,48.51,3406986,-0.017220421393841168
20230905,48.23,48.85,47.86,48.55,2703810,0.0008245722531436961
20230906,48.46,48.55,46.59,47.06,3430795,-0.03069001029866103
20230907,45.52,46.34,45.15,46.24,3006204,-0.01742456438589035
20230908,45.97,46.61,45.27,45.57,3209995,-0.014489619377162644
20230911,46.15,46.16,44.31,45.18,3310298,-0.008558262014483176
20230912,44.74,45.67,44.53,44.87,2445088,-0.006861443116423227
20230913,44.6,45.93,44.5,45.49,2837881,0.013817695564965593
20230914,45.94,45.99,45.13,45.58,2568143,0.0019784568036931294
20230915,45.34,45.6,43.81,43.9,3174709,-0.03685827117156648
20230918,42.75,44.24,42.0,43.97,3699151,0.0015945330296127658
20230919,43.83,43.97,43.0,43.52,2743359,-0.010234250625426378
20230920,43.6,43.9,42.22,42.24,2649583,-0.02941176470588236
20230921,41.59,42.1,40.98,41.02,3250472,-0.02888257575757569
20230922,41.57,42.12,41.23,41.61,3455739,0.014383227693807843
20230925,41.59,42.54,41.18,42.22,3094342,0.014659937515020482
20230926,42.01,42.82,41.66,41.91,2934776,-0.007342491710090049
20230927,42.32,42.87,41.63,42.47,3364198,0.01336196611787166
20230928,42.47,43.45,42.12,43.09,3275674,0.014598540145985606
20230929,43.83,44.14,43.31,43.5,2936739,0.009514968670224944
20231002,44.03,45.18,43.86,44.78,3272196,0.029425287356321883
20231003,44.82,45.13,43.25,43.52,3516122,-0.02813756141134427
20231004,43.74,44.14,43.29,44.04,2652887,0.011948529411764719
20231005,44.05,44.9,43.89,44.69,2845634,0.014759309718437752
20231006,44.19,45.79,44.03,45.76,3049751,0.02394271649138502
20231009,44.84,45.61,44.37,45.27,2949829,-0.01070804195804187
20231010,45.34,46.26,45.09,45.8,2630068,0.011707532582283964
20231011,46.18,46.86,46.05,46.81,2769901,0.02205240174672496
20231012,46.77,47.61,46.33,46.95,3582161,0.00299081392864764
20231013,46.96,47.12,45.28,45.46,3384010,-0.03173588924387649
20231016,45.06,46.23,44.91,46.1,2709653,0.014078310602727795
20231017,43.96,44.75,42.48,43.94,5953949,-0.046854663774403504
20231018,42.6,43.22,41.83,42.2,4547396,-0.03959945380063712
20231019,42.81,43.3,41.88,42.1,3580416,-0.0023696682464455776
20231020,41.89,42.47,41.08,41.39,3542367,-0.016864608076009535
20231023,41.25,43.25,40.95,42.98,3441156,0.03841507610533945
20231024,43.07,43.7,42.69,43.66,2775510,0.01582131223825045
20231025,43.4,43.65,41.56,41.78,2732385,-0.04306000916170394
20231026,41.87,42.26,39.88,40.33,3787936,-0.03470560076591678
20231027,41.13,41.21,40.02,40.5,3077267,0.004215224398710582
20231030,41.09,41.77,40.48,41.16,2801394,0.016296296296296253
20231031,40.42,40.88,39.23,40.78,3813097,-0.009232264334305018
20231101,40.88,42.38,40.87,42.33,3168563,0.03800882785679249
20231102,43.35,43.88,42.89,43.51,2892543,0.027876210725253925
20231103,44.02,45.31,43.72,45.01,3020181,0.0344748333716387
20231106,45.29,45.94,44.9,45.75,3008263,0.01644079093534767
20231107,45.72,46.22,45.16,45.96,2491667,0.00459016393442635
20231108,46.1,46.87,45.97,46.57,2541724,0.013272410791993039
20231109,47.46,48.23,46.75,46.95,3796031,0.008159759501825237
20231110,47.48,48.47,47.28,48.34,2830075,0.029605963791267342
20231113,48.34,49.12,48.1,48.62,2789796,0.005792304509722568
20231114,49.7,49.83,49.04,49.66,2876047,0.021390374331550888
20231115,49.93,49.96,48.2,48.89,3320792,-0.015505436971405495
20231116,48.68,49.52,48.33,49.48,2388684,0.0120679075475556
20231117,49.5,49.72,49.01,49.3,2244561,-0.003637833468067897
20231120,49.31,50.55,49.18,50.41,2757498,0.022515212981744304
20231121,50.13,50.52,49.22,49.94,3317592,-0.009323546915294578
20231122,49.85,50.34,47.69,48.72,6498772,-0.024429315178213784
20231124,48.49,48.92,47.74,47.78,2052669,-0.019293924466338264
20231127,47.79,48.53,47.65,48.24,2797757,0.009627459187944831
20231128,48.24,48.32,47.48,47.82,2881739,-0.008706467661691586
20231129,48.38,48.76,47.86,48.14,2418433,0.006691760769552468
20231130,48.02,48.11,46.42,46.77,3141991,-0.02845866223514748
20231201,46.52,47.2,46.19,46.77,2535482,0.0
20231204,46.07,46.08,45.01,45.51,3071297,-0.02694034637588205
20231205,45.47,46.6,45.27,46.57,2658077,0.023291584267194132
20231206,47.22,47.39,45.41,45.5,2661866,-0.022976164913034114
20231207,45.7,46.63,45.6,46.6,2257797,0.024175824175824312
20231208,46.61,47.74,46.55,47.51,2499907,0.019527896995708005
20231211,47.53,47.53,45.83,46.63,3508688,-0.018522416333403346
20231212,46.05,47.67,46.05,47.66,2650501,0.022088784044606458
20231213,47.63,48.59,47.61,48.09,3159489,0.00902224087284953
20231214,48.39,48.67,47.42,48.35,2648783,0.005406529423996664
20231215,48.19,49.4,48.12,48.89,3089727,0.011168562564632945
20231218,49.39,50.43,49.15,50.08,2935701,0.024340355901002253
20231219,49.42,49.7,48.9,49.6,3183002,-0.009584664536741117
20231220,49.65,50.0,48.1,48.11,2851865,-0.03004032258064515
20231221,48.8,49.1,48.42,48.99,2191312,0.01829141550613178
20231222,49.2,49.38,48.47,48.83,1859404,-0.0032659726474791873
20231226,48.97,49.6,48.96,49.28,1688014,0.009215646119189014
20231227,49.51,49.68,49.09,49.42,1679662,0.0028409090909091717
20231228,49.65,49.88,49.41,49.52,1774233,0.0020234722784298054
20231229,49.81,50.0,48.75,49.52,2866955,0.0
20240102,49.27,49.3,47.6,48.17,2859006,-0.02726171243941844
20240103,47.47,48.19,47.32,47.57,2198004,-0.012455885405854294
20240104,47.77,48.5,47.51,48.0,2151339,0.009039310489804553
20240105,48.46,49.55,48.31,49.1,2972249,0.022916666666666696
20240108,49.51,52.27,49.48,52.25,4551394,0.0641547861507128
20240109,52.42,54.33,51.69,53.14,5735959,0.01703349282296651
20240110,53.63,54.6,53.49,54.35,3919095,0.022770041400075325
20240111,54.98,55.35,53.56,54.82,4451027,0.008647654093836277
20240112,54.62,54.97,54.33,54.71,2584446,-0.0020065669463699143
20240116,55.02,56.84,54.9,56.38,3133612,0.030524584171083946
20240117,56.35,56.47,54.74,56.05,3462897,-0.005853139411138852
20240118,57.27,57.6,56.11,57.11,3452947,0.018911685994647653
20240119,57.97,59.5,57.23,59.49,3787335,0.0416739625284539
20240122,60.05,60.33,59.07,59.65,2983930,0.0026895276517060474
20240123,59.57,59.91,58.59,59.87,2061318,0.0036881810561608663
20240124,60.3,62.85,59.94,61.36,4085449,0.024887255720728252
20240125,62.34,62.72,60.85,61.62,3409535,0.004237288135593209
20240126,60.96,61.78,60.57,61.03,2719912,-0.00957481337228172
20240129,61.25,62.49,60.91,62.46,2301981,0.023431099459282345
20240130,62.9,63.49,62.26,62.77,2871451,0.004963176432916994
20240131,61.44,62.27,60.7,61.53,3142713,-0.01975465986936442
20240201,62.11,63.19,61.65,63.03,2595259,0.024378352023403327
20240202,63.97,66.6,63.69,66.16,3280477,0.04965889259082967
20240205,68.23,69.5,67.21,69.33,4697336,0.047914147521160855
20240206,69.63,69.75,66.3,68.22,4756746,-0.016010385114669012
20240207,68.32,70.22,67.6,70.1,3366646,0.027557900908824262
20240208,70.07,70.79,69.46,69.64,2759564,-0.0065620542082738265
20240209,70.51,72.19,70.21,72.13,2990769,0.03575531303848356
20240212,72.59,74.61,71.25,72.25,4257285,0.0016636628309996127
20240213,70.43,73.45,69.62,72.13,4115091,-0.0016608996539793086
20240214,73.2,74.24,71.94,73.9,3497273,0.024539026757244065
20240215,73.85,73.98,72.4,72.66,2839945,-0.016779431664411537
20240216,74.12,74.4,72.5,72.61,3390359,-0.0006881365262867423
20240220,71.95,71.96,67.73,69.45,4586465,-0.043520176284258305
20240221,68.02,68.89,66.25,67.47,3558071,-0.02850971922246226
20240222,75.03,78.58,74.22,78.54,5175721,0.16407292129835493
20240223,80.79,82.39,77.57,78.82,5574424,0.0035650623885916666
20240226,79.7,80.65,78.51,79.09,3377904,0.00342552651611272
20240227,79.38,79.48,77.16,78.7,2643985,-0.004931091161967438
20240228,77.62,78.93,77.13,77.66,2465293,-0.013214739517153795
20240229,79.09,79.99,78.35,79.11,2754008,0.018671130569147598
20240301,80.0,82.3,79.44,82.28,3145742,0.040070787511060635
20240304,84.13,87.7,83.72,85.24,3992648,0.03597472046669892
20240305,85.24,86.1,83.42,85.96,3390070,0.008446738620365934
20240306,88.02,89.72,87.03,88.7,3899583,0.0318752908329456
20240307,90.16,92.77,89.6,92.67,3749141,0.04475760992108224
20240308,95.07,97.4,86.51,87.53,7037566,-0.055465630732707494
20240311,86.43,88.8,84.3,85.77,3985689,-0.020107391751399528
20240312,88.05,91.96,86.15,91.91,4276880,0.07158680191209044
20240313,91.06,91.5,88.44,90.89,4109741,-0.011097813078011054
20240314,89.58,90.65,86.6,87.94,3927978,-0.03245681593134564
20240315,86.93,89.55,86.26,87.84,3486773,-0.0011371389583806346
20240318,90.38,92.41,87.09,88.46,4296800,0.007058287795992602
20240319,86.67,90.54,85.01,89.4,4432775,0.010626271761248196
20240320,89.8,90.41,88.22,90.37,3120454,0.010850111856823164
20240321,92.3,92.65,90.41,91.44,3034700,0.01184021245988709
20240322,91.14,94.78,90.83,94.29,3872542,0.03116797900262469
20240325,94.0,96.77,93.51,95.0,3626348,0.0075299607593593
20240326,95.85,96.38,92.5,92.56,3388484,-0.025684210526315754
20240327,93.1,93.24,89.12,90.25,3985584,-0.02495678478824548
20240328,90.0,91.3,89.19,90.36,2731922,0.0012188365650969146
20240401,90.29,92.23,89.2,90.36,3148401,0.0
20240402,88.49,90.09,87.62,89.45,2898373,-0.01007082779991142
20240403,88.49,90.37,88.4,88.96,2618383,-0.005477920626048127
20240404,90.42,90.63,85.88,85.91,2837774,-0.03428507194244601
20240405,86.87,88.48,85.97,88.01,2658667,0.024444185775811977
20240408,88.7,88.83,86.73,87.13,1845481,-0.009998863765481314
20240409,87.44,87.64,83.02,85.35,3478337,-0.02042924365890053
20240410,83.93,87.4,83.71,87.04,2820627,0.019800820152314103
20240411,87.44,90.74,86.93,90.62,2735670,0.04113051470588225
20240412,89.7,90.17,87.53,88.19,2710090,-0.026815272566762416
20240415,89.1,90.61,85.94,86.0,2936528,-0.02483274747703823
20240416,86.47,88.12,86.06,87.42,2506765,0.0165116279069768
20240417,88.32,88.78,83.95,84.04,3370873,-0.038663921299473714
20240418,84.98,86.19,82.4,84.67,3023577,0.007496430271299426
20240419,83.13,84.32,75.61,76.2,5696994,-0.10003543167591822
20240422,78.1,80.03,76.4,79.52,3913944,0.0435695538057741
20240423,80.77,82.77,80.26,82.42,2872791,0.03646881287726367
20240424,83.95,84.08,79.18,79.68,3371096,-0.03324435816549376
20240425,78.97,83.32,78.22,82.63,2636356,0.03702309236947787
20240426,83.83,88.33,83.39,87.74,3632752,0.06184194602444637
20240429,87.6,87.99,85.27,87.76,2625278,0.00022794620469590576
20240430,87.24,88.82,86.3,86.4,2277981,-0.015496809480401108
20240501,85.17,86.0,81.25,83.04,3896516,-0.03888888888888886
20240502,84.42,86.24,83.2,85.82,2521425,0.03347784200385351
20240503,87.79,89.28,87.04,88.79,2695661,0.03460731764157554
20240506,89.39,92.22,89.05,92.14,2446564,0.03772947403986926
20240507,91.08,91.78,89.01,90.55,3021504,-0.017256349034078577
20240508,89.5,91.19,89.42,90.41,2167483,-0.0015461071231364087
20240509,90.54,91.07,88.23,88.75,2624014,-0.018360800796372034
20240510,90.3,91.4,89.23,89.88,2272701,0.01273239436619722
20240513,90.48,91.0,88.53,90.4,1901636,0.005785491766800321
20240514,89.59,91.65,88.93,91.36,2021677,0.010619469026548645
20240515,92.47,94.86,91.6,94.63,2643047,0.03579246935201397
20240516,94.91,95.82,94.1,94.36,2043955,-0.002853217795624974
20240517,94.37,94.74,91.81,92.48,2291544,-0.019923696481559894
20240520,93.75,95.2,93.44,94.78,2087297,0.024870242214532823
20240521,93.59,95.4,93.18,95.39,2026769,0.006435956952943744
20240522,95.46,96.02,93.25,94.95,2689211,-0.00461264283467866
20240523,102.03,106.32,101.52,103.8,4872241,0.09320695102685628
20240524,104.45,106.48,103.0,106.47,2587297,0.025722543352601157
20240528,110.2,114.94,109.88,113.9,3831351,0.06978491593876224
20240529,113.05,115.49,110.92,114.83,3270734,0.008165057067603065
20240530,114.65,115.82,109.66,110.5,2800167,-0.03770791604981272
20240531,112.5,112.72,106.98,109.63,3129037,-0.007873303167420853
20240603,113.62,115.0,112.0,115.0,2564175,0.04898294262519398
20240604,115.7,116.6,114.05,116.44,2389962,0.012521739130434861
20240605,118.37,122.45,117.47,122.44,2901028,0.051528684300927496
20240606,124.05,125.59,118.32,121.0,3903332,-0.011760862463247257
20240607,119.79,121.69,118.02,120.89,2398561,-0.0009090909090908594
20240610,120.35,123.1,117.01,121.79,2484064,0.007444784514848202
20240611,121.77,122.87,118.74,120.91,1735971,-0.007225552179981998
20240612,123.05,126.88,122.57,125.2,2246680,0.03548093623356219
20240613,129.39,129.8,127.16,129.61,1932688,0.03522364217252405
20240614,129.96,132.84,128.32,131.88,2382701,0.01751408070364935
20240617,132.93,133.73,129.58,130.98,2137681,-0.006824385805277555
20240618,131.14,136.33,130.69,135.58,2303347,0.03511986562834046
20240620,139.8,140.76,129.52,130.78,3779270,-0.035403451836554134
20240621,127.11,130.63,124.3,126.57,3244912,-0.032191466585104855
20240624,123.24,124.46,118.04,118.11,3425856,-0.06684048352690208
20240625,121.13,126.5,119.32,126.09,3106126,0.06756413512827031
20240626,126.13,128.12,122.6,126.4,2565369,0.002458561345070942
20240627,124.09,126.41,122.92,123.99,1825689,-0.019066455696202578
20240628,124.57,127.71,122.75,123.54,2275518,-0.0036293249455600085
20240701,123.5,124.84,118.83,124.3,2264583,0.006151853650639305
20240702,121.11,123.41,121.03,122.67,1641033,-0.013113435237328996
20240703,121.66,128.28,121.36,128.28,1642031,0.045732452922474964
20240705,127.3,128.85,125.68,125.83,1582432,-0.019098846273776116
20240708,127.49,130.77,127.04,128.2,1837467,0.018834936024795246
20240709,130.36,133.82,128.65,131.38,2250774,0.024804992199688014
20240710,134.03,135.1,132.42,134.91,1773655,0.02686862536154666
20240711,135.76,136.15,127.05,127.4,2734725,-0.05566674079015632
20240712,128.27,131.92,127.22,129.24,1954347,0.014442700156985788
20240715,130.62,131.39,127.18,128.44,1589147,-0.006190034045187365
20240716,128.44,129.04,124.58,126.36,1605991,-0.01619433198380571
20240717,121.35,121.85,116.72,117.99,2832507,-0.06623931623931623
20240718,121.89,122.4,116.56,121.09,2475593,0.026273413001101753
20240719,120.35,121.6,117.37,117.93,1528484,-0.02609629201420427
20240722,120.35,124.07,119.86,123.54,1891179,0.047570592724497596
20240723,122.78,124.69,122.1,122.59,1297573,-0.007689817063299409
20240724,119.19,119.95,113.44,114.25,2277932,-0.06803165021616775
20240725,113.07,116.63,106.3,112.28,3532028,-0.017242888402625778
20240726,116.18,116.2,111.58,113.06,2124675,0.006946918418240022
20240729,113.69,116.28,111.3,111.59,1923664,-0.013001945869449805
20240730,111.52,111.99,102.54,103.73,3686141,-0.07043641903396358
20240731,112.9,118.34,110.88,117.02,3374445,0.12812108358237717
20240801,117.52,120.16,106.81,109.21,4040999,-0.06674072808067
20240802,103.76,108.72,101.4,107.27,3508831,-0.017763941031041064
20240805,92.11,103.41,90.79,100.45,3728667,-0.06357788757341287
20240806,103.84,107.71,100.55,104.25,2964494,0.03782976605276245
20240807,107.81,108.68,98.69,98.91,3135431,-0.05122302158273384
20240808,102.0,105.5,97.52,104.97,2997319,0.06126781922960278
20240809,105.64,106.6,103.43,104.75,2314053,-0.002095836905782633
20240812,106.32,111.07,106.26,109.02,2648468,0.04076372315035792
20240813,112.44,116.23,111.58,116.14,2335560,0.0653091175931022
20240814,118.5,118.6,114.07,118.08,2654276,0.016703977957637228
20240815,118.72,123.24,117.47,122.86,2427054,0.04048102981029822
20240816,121.94,125.0,121.18,124.58,2258411,0.013999674426176112
20240819,124.3,130.0,123.42,130.0,2490569,0.043506180767378444
20240820,128.4,129.88,125.89,127.25,2361681,-0.02115384615384619
20240821,127.3,129.35,126.66,128.5,2076808,0.00982318271119853
20240822,130.04,130.75,123.1,123.74,2928365,-0.03704280155642026
20240823,125.85,129.6,125.22,129.37,2458218,0.04549862615160838
20240826,129.56,131.26,124.37,126.46,2572931,-0.022493622941949565
20240827,125.05,129.2,123.88,128.3,2343912,0.014550055353471647
20240828,128.05,128.33,122.64,125.61,3017598,-0.020966484801247187
20240829,121.38,124.43,116.71,117.59,3257432,-0.06384841971180633
20240830,119.47,121.75,117.22,119.37,2472529,0.015137341610681254
20240903,116.01,116.21,107.29,108.0,3538782,-0.09525006282985682
20240904,105.4,109.99,104.12,106.21,3002655,-0.016574074074074185
20240905,104.97,109.65,104.76,107.21,2368960,0.009415309292910345
20240906,108.06,108.15,100.95,102.83,3071062,-0.040854397910642604
20240909,104.86,106.55,103.69,106.47,2075648,0.03539823008849563
20240910,107.81,109.4,104.95,108.1,2115006,0.015309476847938264
20240911,109.44,117.18,107.42,116.91,3509835,0.08149861239592981
20240912,116.84,120.79,115.38,119.14,2888616,0.019074501753485684
20240913,119.05,119.96,117.6,119.1,1858562,-0.0003357394661742674
20240916,116.79,118.18,114.36,116.78,1889071,-0.019479429051217356
20240917,118.17,118.8,114.83,115.59,1822583,-0.010190101044699418
20240918,115.92,117.7,113.22,113.37,2381937,-0.019205813651699932
20240919,117.35,119.66,117.25,117.87,2157143,0.039693040486901365
20240920,117.06,118.62,115.39,116.0,2030367,-0.01586493594638161
20240923,116.54,116.99,114.86,116.26,1542852,0.0022413793103448487
20240924,116.5,121.8,115.38,120.87,2762435,0.03965250301049372
20240925,122.02,124.94,121.61,123.51,2222640,0.021841648051625695
20240926,126.79,127.67,121.8,124.04,2352506,0.004291150514128317
20240927,123.97,124.03,119.26,121.4,2095682,-0.02128345694937117
20240930,118.3,121.5,118.15,121.44,1675414,0.0003294892915979286
20241001,121.77,122.44,115.79,117.0,2301266,-0.0365612648221344
20241002,116.41,119.38,115.14,118.85,1571817,0.015811965811965756
20241003,120.88,124.36,120.34,122.85,2234613,0.033655868742112016
20241004,124.91,125.01,121.83,124.92,1902110,0.016849816849817012
20241007,124.96,130.64,124.94,127.72,2771050,0.022414345180915785
20241008,130.24,133.48,129.42,132.89,2246164,0.04047917319135608
20241009,134.12,134.52,131.38,132.65,1963832,-0.001806004966513508
20241010,131.91,135.0,131.0,134.81,1933791,0.01628345269506215
20241011,134.02,135.78,133.66,134.8,1330373,-7.41784734069606e-05
20241014,136.47,139.6,136.3,138.07,1760633,0.024258160237388582
20241015,137.87,138.57,128.74,131.6,2941118,-0.04686028825957844
20241016,133.96,136.62,131.59,135.72,2101046,0.03130699088145894
20241017,139.33,140.89,136.87,136.93,2339183,0.008915414087828033
20241018,138.66,138.9,137.28,138.0,1330095,0.007814211640984503
20241021,138.13,143.71,138.0,143.71,2012737,0.04137681159420303
20241022,142.97,144.42,141.78,143.59,1727551,-0.0008350149606847213
20241023,142.02,142.43,137.46,139.56,2243513,-0.02806602131067626
20241024,140.82,141.35,138.46,140.41,1316923,0.006090570364001069
20241025,140.93,144.13,140.8,141.54,1610201,0.00804785983904277
20241028,143.03,143.14,140.05,140.52,1295890,-0.007206443408223739
20241029,140.26,142.26,138.9,141.25,1153228,0.005194990037005409
20241030,139.52,140.33,136.81,139.34,1223595,-0.013522123893805249
20241031,137.6,137.62,132.11,132.76,1916899,-0.0472226209272284
20241101,134.7,137.31,134.58,135.4,1420657,0.019885507683037096
20241104,137.25,138.96,135.57,136.05,1417348,0.004800590841949726
20241105,137.45,140.38,137.33,139.91,1204259,0.028371922087467638
20241106,142.96,146.49,141.99,145.61,1724899,0.040740476020298955
20241107,146.39,148.93,146.17,148.88,1394264,0.022457248815328512
20241108,148.79,149.77,146.26,147.63,1221445,-0.008396023643202577
20241111,148.68,148.85,143.57,145.26,1315532,-0.01605364763259498
20241112,146.77,149.63,146.01,148.29,1400683,0.020859149111937203
20241113,149.04,149.33,145.9,146.27,1225820,-0.013621956976195171
20241114,147.64,149.0,145.55,146.76,1368437,0.0033499692349763244
20241115,144.87,145.24,140.08,141.98,1666548,-0.0325701826110657
20241118,139.51,141.55,137.15,140.15,1432423,-0.01288913931539637
20241119,141.32,147.13,140.99,147.01,1583314,0.048947556189796515
20241120,147.38,147.56,142.73,145.89,1937811,-0.007618529351744785
20241121,149.35,152.89,140.7,146.67,2955835,0.005346493933785723
20241122,145.93,147.16,141.1,141.95,1769536,-0.03218108679348197
20241125,141.92,142.03,135.82,136.02,1955696,-0.041775272983444744
20241126,137.7,139.3,135.67,136.92,1350803,0.006616674018526503
20241127,135.01,137.22,131.8,135.34,1629405,-0.011539585159216936
20241129,136.74,139.35,136.05,138.25,927116,0.021501403871730496
20241202,138.83,140.45,137.82,138.63,1141837,0.0027486437613020165
20241203,138.26,140.54,137.98,140.26,1076666,0.011757916756834685
20241204,142.0,145.79,140.29,145.14,1685470,0.03479252816198475
20241205,145.12,146.54,143.95,145.06,1214088,-0.0005511919525973408
20241206,144.6,145.7,141.31,142.44,1294550,-0.018061491796498075
20241209,138.98,139.95,137.13,138.81,1220652,-0.02548441449031169
20241210,139.01,141.82,133.79,135.07,1462590,-0.026943303796556517
20241211,137.36,140.17,135.21,139.31,1278275,0.03139113052491305
20241212,137.08,138.44,135.8,137.34,1099717,-0.014141124111693326
20241213,138.99,139.6,132.54,134.25,1659507,-0.02249890782000874
20241216,134.17,134.4,130.42,132.0,1642015,-0.016759776536312887
20241217,129.08,131.59,126.86,130.39,1743378,-0.012196969696969817
20241218,133.88,136.7,128.28,128.91,1800312,-0.01135056369353471
20241219,131.76,134.03,129.55,130.68,1421027,0.013730509657901013
20241220,129.75,135.28,128.22,134.7,1610622,0.030762167125803375
20241223,136.24,139.79,135.12,139.67,1279680,0.036896807720861124
20241224,140.01,141.9,138.65,140.22,746286,0.003937853511849498
20241226,139.64,140.85,137.73,139.93,875194,-0.002068178576522528
20241227,138.57,139.02,134.71,137.01,1255836,-0.02086757664546568
20241230,134.83,140.27,134.02,137.49,1273714,0.0035033939128532587
20241231,137.97,138.07,133.83,134.29,1151563,-0.023274419957815207
20250102,136.0,138.88,134.63,138.31,1425701,0.0299352148335692
20250103,140.0,144.9,139.73,144.47,1631216,0.044537632853734355
20250106,148.59,152.16,147.82,149.43,1821744,0.034332387346854176
20250107,153.02,153.13,140.01,140.14,2535295,-0.062169577728702574
20250108,142.59,143.95,137.56,140.11,1594956,-0.0002140716426428657
20250110,137.45,139.92,134.22,135.91,1411086,-0.02997644707729652
20250113,129.99,133.49,129.51,133.23,1354725,-0.019718931645942184
20250114,136.04,136.38,130.05,131.76,1428049,-0.01103355100202652
20250115,133.65,136.45,131.29,136.24,1297919,0.03400121432908332
20250116,138.64,138.75,133.49,133.57,1381283,-0.019597768643570324
20250117,136.7,138.5,135.46,137.71,1297087,0.03099498390357125
20250121,139.24,141.83,137.09,140.83,1232053,0.02265630673153729
20250122,144.71,147.79,143.67,147.07,1615691,0.0443087410352907
20250123,145.05,147.23,143.72,147.22,1086307,0.0010199224858911116
20250124,148.37,148.97,141.88,142.62,1653027,-0.03124575465290036
20250127,124.8,128.4,116.7,118.42,5302290,-0.16968167157481417
20250128,121.81,129.0,116.25,128.99,4283585,0.08925857118729952
20250129,126.5,126.89,120.05,123.7,2933730,-0.0410109310799287
20250130,123.1,125.0,118.1,124.65,2711173,0.007679870654810017
20250131,123.78,127.85,119.19,120.07,2660065,-0.036742880064179806
20250203,114.76,118.57,113.01,116.66,2571278,-0.028400099941700674
20250204,116.96,121.2,116.7,118.65,1738978,0.01705811760672038
20250205,121.75,125.0,120.76,124.83,1884926,0.05208596713021496
20250206,127.43,128.77,125.21,128.68,1816040,0.03084194504526172
20250207,129.22,130.37,125.0,129.84,1700485,0.009014609884985925
20250210,130.05,135.0,129.96,133.57,1553485,0.02872766481823774
20250211,132.58,134.48,131.02,132.8,1342472,-0.005764767537620563
20250212,130.01,132.24,129.08,131.14,1137373,-0.012500000000000178
20250213,131.55,136.5,131.17,135.29,1460695,0.03164556962025311
20250214,136.48,139.25,135.54,138.85,1438200,0.026313844334392877
20250218,141.27,143.44,137.92,139.4,1544131,0.003961109110551142
20250219,139.51,141.36,137.22,139.23,1221746,-0.0012195121951220633
20250220,140.14,140.66,136.79,140.11,1051548,0.006320476908712402
20250221,139.99,141.46,134.03,134.43,1566041,-0.040539576047391335
20250224,136.83,138.59,130.1,130.28,1690281,-0.030871085323216585
20250225,129.98,130.2,124.44,126.63,1916631,-0.028016579674547182
20250226,129.95,133.73,128.49,131.28,1991409,0.036721156124141174
20250227,135.0,135.01,120.05,120.15,3109533,-0.084780621572212
20250228,118.04,125.09,116.4,124.92,2513508,0.03970037453183517
20250303,123.5,123.7,112.28,114.06,3045003,-0.0869356388088377
20250304,110.65,119.31,110.11,115.99,2837806,0.016920918814658847
20250305,117.58,118.28,114.51,117.3,2000651,0.011294077075610032
20250306,113.48,115.35,110.22,110.57,2240109,-0.05737425404944585
20250307,111.25,113.48,107.57,112.69,2588821,0.019173374333001814
20250310,109.94,111.85,105.46,106.98,2693072,-0.05066997959002573
20250311,107.02,112.24,104.79,108.76,2609922,0.016638624041876993
20250312,114.12,116.76,112.88,115.74,2383111,0.06417800662008077
20250313,117.03,117.76,113.79,115.58,2241879,-0.001382408847416583
20250314,118.6,121.88,118.15,121.67,2000657,0.05269077695102964
20250317,122.71,122.89,118.03,119.53,1923973,-0.017588559217555644
20250318,117.96,119.02,114.54,115.43,2234110,-0.03430101229816773
20250319,117.27,120.45,115.68,117.52,2027415,0.0181062115567876
20250320,116.55,120.2,116.47,118.53,1706225,0.008594281824370276
20250321,116.94,117.99,115.42,117.7,1650331,-0.007002446637981885
20250324,119.88,122.22,119.34,121.41,1490336,0.03152081563296516
20250325,120.53,121.29,118.92,120.69,1231581,-0.005930318754633013
20250326,118.73,118.84,112.71,113.76,2208788,-0.05741983594332578
20250327,111.35,114.45,110.69,111.43,1687878,-0.02048171589310832
20250328,111.48,112.87,109.07,109.67,1689541,-0.015794669299111552
20250331,105.12,108.96,103.65,108.38,2059969,-0.011762560408498324
20250401,108.52,110.2,106.47,110.15,1636894,0.016331426462447007
20250402,107.29,111.98,106.79,110.42,1543662,0.002451202905129346
20250403,103.51,105.63,101.6,101.8,2408365,-0.07806556783191454
20250404,98.95,100.08,92.11,94.31,3731300,-0.0735756385068762
20250407,87.46,101.75,86.62,97.64,4344842,0.0353090870533348
20250408,103.81,105.85,94.46,96.3,3493601,-0.013723883654240154
20250409,98.94,115.09,97.7,114.33,4310050,0.18722741433021817
20250410,109.33,110.86,103.01,107.57,3207869,-0.05912708825330193
20250411,108.51,111.55,107.49,110.93,2288673,0.031235474574695665
20250414,114.15,114.29,109.07,110.71,1940059,-0.001983232669251045
20250415,110.97,113.62,110.5,112.2,1604163,0.013458585493631992
20250416,104.44,106.79,100.45,104.49,2837390,-0.06871657754010707
20250417,104.47,104.47,100.05,101.49,2278749,-0.028710881424059753
20250421,98.77,99.44,95.04,96.91,1936076,-0.045127598778204714
20250422,98.76,99.82,97.28,98.89,1733674,0.020431328036322416
20250423,104.52,104.8,102.02,102.71,1740267,0.03862877945191623
20250424,103.49,106.54,103.11,106.43,1530705,0.03621847921331911
20250425,106.86,111.92,105.73,111.01,1914542,0.04303297942309503
20250428,109.7,110.37,106.02,108.73,1500027,-0.020538690208089405
20250429,107.67,110.2,107.44,109.02,1285262,0.0026671571783316583
20250430,104.48,108.92,104.08,108.92,1461204,-0.0009172628875435684
20250501,113.14,114.94,111.3,111.61,1689471,0.024697025339698753
20250502,114.17,115.4,113.37,114.5,1358534,0.02589373712032983
20250505,112.91,114.67,112.66,113.82,931436,-0.005938864628820983
20250506,111.47,114.74,110.82,113.54,1136722,-0.002460024600245858
20250507,113.04,117.68,112.28,117.06,1500003,0.03100228994187071
20250508,118.49,118.68,115.85,117.37,1434418,0.0026482145908082177
20250509,117.36,118.23,115.21,116.65,1019686,-0.006134446621794298
20250512,121.97,123.0,120.28,123.0,1546129,0.05443634804972142
20250513,124.98,131.22,124.47,129.93,2300581,0.056341463414634196
20250514,133.21,135.44,131.68,135.34,1906077,0.041637804971907943
20250515,134.3,136.3,132.66,134.83,1626741,-0.003768287276488813
20250516,136.22,136.35,133.46,135.4,1508541,0.0042275457984126685
20250519,132.35,135.87,132.34,135.57,1327958,0.0012555391432791385
20250520,134.3,134.58,132.62,134.38,1175007,-0.008777753190233772
20250521,133.04,137.4,130.59,131.8,2030950,-0.019199285607977234
20250522,132.22,134.25,131.55,132.83,1371990,0.007814871016691871
20250523,130.0,132.66,129.16,131.29,1413583,-0.011593766468418476
20250527,134.21,135.66,133.31,135.5,1395656,0.03206641785360653
20250528,136.02,137.25,134.79,134.81,1785999,-0.0050922509225092005
20250529,142.25,143.49,137.93,139.19,2686630,0.03249017135227361
20250530,138.69,139.62,132.92,135.13,2129876,-0.029168762123715775
20250602,135.58,138.12,135.4,137.38,1298411,0.016650632724043435
20250603,138.81,142.0,137.95,141.22,1583560,0.02795166690930273
20250604,142.19,142.39,139.54,141.92,1189911,0.004956804985129404
20250605,142.15,144.0,138.83,139.99,1573988,-0.013599210822998753
20250606,142.51,143.27,141.51,141.72,1102341,0.01235802557325516
20250609,143.21,145.0,141.95,142.63,1331693,0.006421112051933298
20250610,142.69,144.29,141.52,143.96,1044574,0.009324826474093939
20250611,144.63,144.99,141.87,142.83,1171597,-0.007849402611836642
20250612,141.99,145.0,141.85,145.0,1179446,0.015192886648463189
20250613,142.48,143.58,140.85,141.97,1243521,-0.020896551724137957
20250616,143.38,146.18,143.25,144.69,1303653,0.019158977248714404
20250617,144.54,145.22,143.78,144.12,962717,-0.003939456769645355
20250618,144.02,145.65,143.12,145.48,1133128,0.009436580627254942
20250620,145.45,146.2,142.65,143.85,1353426,-0.011204289249381327
20250623,142.5,144.78,142.03,144.17,1063612,0.002224539450816687
20250624,145.55,147.96,145.5,147.9,1169402,0.025872234167996222
20250625,149.29,154.45,149.26,154.31,1917318,0.04334009465855315
20250626,155.97,156.72,154.0,155.02,1390388,0.004601127600285082
20250627,156.04,158.71,155.25,157.75,1545046,0.017610630886337075
20250630,158.41,158.66,155.97,157.99,1156003,0.0015213946117274002
20250701,156.26,157.2,151.49,153.3,1555145,-0.029685423128046118
20250702,152.97,157.6,152.95,157.25,1210441,0.025766470971950284
20250703,158.37,160.98,157.77,159.34,978707,0.013290937996820462
20250707,158.2,159.31,157.34,158.24,965679,-0.006903476841973122
20250708,159.34,160.22,158.39,160.0,969263,0.011122345803842304
20250709,161.23,164.42,161.16,162.88,1256968,0.018000000000000016
20250710,164.32,164.5,161.61,164.1,1192315,0.007490176817288807
20250711,163.73,167.89,163.47,164.92,1435308,0.004996953077391897
20250714,165.34,165.49,162.02,164.07,1007949,-0.005154014067426549
20250715,171.19,172.4,169.19,170.7,1573780,0.04040958127628458
20250716,171.07,171.75,168.9,171.37,1141758,0.003925014645577152
20250717,172.07,174.16,170.83,173.0,1137657,0.009511583124234058
20250718,173.64,174.25,171.26,172.41,957963,-0.003410404624277441
20250721,172.78,173.38,171.0,171.38,815418,-0.005974131430891538
20250722,171.4,171.4,164.58,167.03,1333037,-0.025382191620959227
20250723,169.54,171.26,168.0,170.78,1054263,0.022451056696401794
20250724,172.6,173.83,171.3,173.74,906640,0.0173322403091698
20250725,173.6,174.72,172.96,173.5,866185,-0.001381374467595342
20250728,174.01,176.98,173.97,176.75,927331,0.018731988472622474
20250729,177.97,179.38,175.02,175.51,1084187,-0.0070155586987270535
20250730,176.51,179.89,176.04,179.27,1169089,0.021423280724745197
20250731,182.89,183.3,175.93,177.87,1516749,-0.007809449433814897
20250801,174.12,176.54,170.89,173.72,1438336,-0.02333164670827015
20250804,175.16,180.2,174.52,180.0,998425,0.036150126640571045
20250805,179.62,180.26,175.9,178.26,1144475,-0.009666666666666712
20250806,176.33,179.9,176.25,179.42,938870,0.006507348816335634
20250807,181.59,183.88,178.79,180.77,1129355,0.007524244788764012
20250808,181.54,183.3,180.4,182.7,904184,0.010676550312551658
20250811,182.05,183.84,180.25,182.06,979231,-0.003503010399562023
20250812,182.96,184.48,179.46,183.16,992174,0.0060419641876303665
20250813,182.62,183.97,179.35,181.59,1226517,-0.00857174055470622
20250814,179.73,183.01,179.46,182.02,914497,0.002367971804614788
20250815,181.78,181.9,178.04,180.45,1076126,-0.00862542577738723
20250818,180.58,182.94,180.58,182.01,947422,0.008645054031587662
20250819,182.43,182.5,175.49,175.64,1343179,-0.0349980770287347
20250820,175.17,176.0,168.8,175.4,1533697,-0.0013664313368252357
20250821,174.85,176.9,173.81,174.98,959663,-0.0023945267958951355
20250822,172.61,178.59,171.2,177.99,1272760,0.017201965938964614
20250825,178.36,181.91,176.57,179.81,1168317,0.010225293555817805
20250826,180.06,182.39,178.81,181.77,1010318,0.010900394861242502
20250827,182.0,182.49,179.1,181.6,1338179,-0.0009352478406778886
20250828,180.9,184.47,176.41,180.17,1941404,-0.007874449339207112
20250829,178.08,178.15,173.14,174.18,1686481,-0.033246378420380696
20250902,170.06,172.38,167.22,170.78,1592548,-0.01952003674359859
20250903,171.05,172.41,168.87,170.62,1130918,-0.0009368778545496559
20250904,170.54,171.86,169.41,171.66,911899,0.006095416715508062
20250905,168.01,169.03,164.07,167.02,1502001,-0.027030175929162237
20250908,167.55,170.96,167.35,168.31,1138623,0.0077236259130641916
20250909,169.09,170.98,166.74,170.76,1046074,0.014556473174499374
20250910,176.64,179.29,175.47,177.33,1594386,0.03847505270555174
20250911,179.68,180.28,176.48,177.17,1028564,-0.0009022725991091329
20250912,177.82,178.6,176.45,177.82,830191,0.003668792684991873
20250915,175.68,178.85,174.51,177.75,1014779,-0.0003936565065796316
20250916,177.0,177.5,174.38,174.88,943439,-0.016146272855133592
20250917,172.59,173.2,168.41,170.29,1515434,-0.02624656907593781
20250918,173.98,177.1,172.97,176.24,1269219,0.034940395795407975
20250919,175.7,178.08,175.18,176.67,1180951,0.0024398547435313667
20250922,175.3,184.55,174.7,183.61,1972160,0.039282277692873846
20250923,181.97,182.42,176.21,178.43,1283616,-0.028211971025543292
20250924,179.77,179.78,175.4,176.97,943521,-0.008182480524575486
20250925,174.47,180.26,173.12,177.69,1400556,0.004068486184098941
20250926,178.16,179.77,174.96,178.19,1009994,0.002813889357870414
20250929,180.43,184.0,180.32,181.85,1282003,0.020539873169089118
20250930,182.1,187.35,181.48,186.58,1611972,0.026010448171570166
20251001,185.21,188.14,183.9,187.24,1144929,0.0035373566298637638
20251002,189.61,191.03,188.06,188.89,935004,0.00881221961119416
20251003,189.18,190.36,185.38,187.62,917549,-0.00672348986182425
20251006,185.46,187.23,183.33,185.54,1021312,-0.011086238140923244
20251007,186.25,189.06,184.0,185.04,989207,-0.002694836692896385
20251008,186.57,189.6,186.54,189.11,884795,0.021995244271509007
20251009,192.29,195.3,191.06,192.57,1225244,0.018296229707577494
20251010,193.5,195.62,182.05,183.16,1690480,-0.048865347665783876
20251013,187.99,190.11,186.0,188.32,955782,0.0281720899759772
20251014,184.77,184.8,179.7,180.03,1314911,-0.044020815632965116
20251015,184.8,184.87,177.29,179.83,1348685,-0.0011109259567849694
20251016,182.23,183.28,179.77,181.81,1208534,0.011010398709892621
20251017,180.2,184.1,179.75,183.22,1145709,0.007755348990704514
20251020,183.07,185.2,181.73,182.64,888475,-0.0031655932758433147
20251021,182.79,182.79,179.8,181.16,819082,-0.00810337275514672
20251022,181.14,183.44,176.82,180.28,1065259,-0.004857584455729702
20251023,180.4,183.03,179.79,182.16,734702,0.010428222764588435
20251024,183.86,187.47,183.5,186.26,886492,0.022507685551163892
20251027,190.0,192.0,188.43,191.49,995737,0.028079029313862414
20251028,193.06,203.15,191.91,201.03,2077248,0.04981983393388689
20251029,207.99,212.19,204.77,207.04,1988681,0.02989603541759922
20251030,205.15,206.16,201.41,202.89,1079340,-0.020044435857805243
20251031,206.45,207.97,202.07,202.49,1032719,-0.001971511656562508
20251103,208.08,211.34,205.56,206.88,1182990,0.021680082967060033
20251104,203.0,203.97,197.94,198.69,1107308,-0.03958816705336421
20251105,198.77,202.92,194.65,195.21,1059014,-0.017514721425335944
20251106,196.52,197.62,186.38,188.08,1442247,-0.03652476819835049
20251107,184.9,188.31,178.95,188.15,1601322,0.00037218205019140527
20251110,195.09,199.94,193.79,199.05,1265480,0.05793250066436362
20251111,195.18,195.42,191.3,193.16,1132375,-0.029590555136900343
20251112,195.72,195.89,191.13,193.8,1042425,0.003313315386208382
20251113,191.05,191.44,183.85,186.86,1335679,-0.0358101135190918
20251114,182.86,191.01,180.58,190.17,1201761,0.017713796425131045
20251117,185.97,189.0,184.32,186.6,1071991,-0.018772677078403466
20251118,183.4,184.8,179.65,181.36,1362461,-0.02808145766345116
20251119,184.75,187.86,182.83,186.52,1303296,0.02845169827966476
20251120,196.0,196.0,179.86,180.64,2258902,-0.031524769461720004
20251121,181.24,184.56,172.93,178.88,2105347,-0.009743135518157642
20251124,179.47,183.5,176.48,182.55,1402591,0.02051654740608244
20251125,174.91,178.16,169.55,177.82,1990585,-0.025910709394686537
20251126,181.69,182.91,178.24,180.26,1169022,0.013721741086492045
20251128,179.0,179.29,176.5,177.0,750869,-0.018084988350160813
20251201,174.76,180.3,173.68,179.92,1150080,0.016497175141242826
20251202,181.77,185.66,180.0,181.46,1233529,0.008559359715429204
20251203,181.08,182.45,179.11,179.59,983659,-0.01030530144384445
20251204,181.62,184.52,180.0,183.38,1096618,0.021103624923436648
20251205,183.89,184.66,180.91,182.41,909323,-0.005289562656778268
20251208,182.68,187.99,182.4,185.55,1330965,0.01721396853242707
20251209,185.57,185.72,183.32,184.97,914853,-0.0031258420910806883
20251210,184.97,185.48,182.03,183.78,1035385,-0.006433475698761959
20251211,180.29,181.32,176.62,180.93,1169981,-0.015507672216780954
20251212,181.11,182.82,174.62,175.02,1278911,-0.03266456640689763
20251215,177.94,178.42,175.03,176.29,1028322,0.0072563135641638965
20251216,176.22,178.49,174.9,177.72,938566,0.008111634239037935
20251217,176.1,176.13,170.31,170.94,1392544,-0.038149898717083075
20251218,174.56,176.15,171.82,174.14,1076745,0.018720018720018716
20251219,176.67,181.45,176.36,180.99,1468881,0.03933616630297476
20251222,183.92,184.16,182.35,183.69,808818,0.014917951268025753
20251223,182.98,189.33,182.9,189.21,1189959,0.03005062877674347
20251224,187.94,188.91,186.59,188.61,461284,-0.0031710797526557366
20251226,189.92,192.69,188.0,190.53,1015158,0.010179735963098402
20251229,187.7,188.76,185.92,188.22,779569,-0.012124074948826946
20251230,188.23,188.99,186.93,187.54,662000,-0.0036127935394750788
20251231,189.57,190.56,186.49,186.5,788456,-0.005545483630158832
20260102,189.84,192.93,188.26,188.85,1028466,0.012600536193029477
20260105,191.77,193.63,186.15,188.12,1249203,-0.003865501720942466
20260106,190.51,192.18,186.82,187.24,1196792,-0.004677865192430297
20260107,188.57,191.37,186.56,189.11,995502,0.00998718222602002
20260108,189.12,189.55,183.71,185.04,1135118,-0.021521865580878985
20260109,185.04,186.34,183.67,184.86,880963,-0.0009727626459142824
20260112,183.12,187.12,183.1,184.94,857617,0.0004327599264306592
20260113,185.01,188.11,183.4,185.81,1090382,0.004704228398399568
20260114,184.33,184.46,180.8,183.14,1046019,-0.014369517248802643
20260115,186.51,189.7,186.33,187.05,1332043,0.02134978704816004
20260116,189.05,190.44,186.08,186.23,1044121,-0.004383854584335878
20260120,181.9,182.38,177.68,178.07,1408772,-0.04381678569510816
20260121,179.05,185.38,178.42,183.32,1365972,0.029482787667771015
20260122,184.71,186.17,183.93,184.84,961950,0.008291512109971588
20260123,187.51,189.6,186.82,187.67,950940,0.015310538844405919
20260126,187.17,189.12,186.0,186.47,816123,-0.006394202589651954
20260127,187.24,190.0,185.7,188.52,1003353,0.010993725532257193
20260128,191.28,192.35,189.84,191.52,1049788,0.01591343093570985
20260129,191.34,193.48,186.06,192.51,1179121,0.005169172932330657
20260130,191.21,194.49,189.47,191.13,1058279,-0.007168458781361964
20260202,187.21,190.3,184.88,185.61,1043187,-0.028880866425992635
20260203,186.23,186.27,176.23,180.34,1317287,-0.028392866763644276
20260204,179.46,179.58,171.91,174.19,1276889,-0.03410225130309419
20260205,174.99,176.82,171.03,171.88,1155378,-0.013261381250358806
20260206,176.7,187.0,174.6,185.41,1521592,0.07871771003025363
20260209,184.26,193.66,183.93,190.04,1261114,0.024971684375168612
20260210,191.4,192.48,188.12,188.54,869506,-0.007893075142075379
20260211,192.43,193.26,188.77,190.05,955670,0.00800891057600528
20260212,193.03,193.61,186.51,186.94,1213910,-0.01636411470665622
20260213,187.5,187.51,181.59,182.81,1053794,-0.022092650048143758
20260217,181.77,187.15,179.18,184.97,1083757,0.011815546195503401
20260218,188.74,190.37,186.76,187.98,1109547,0.016272909120397916
20260219,187.07,188.43,185.66,187.9,839552,-0.0004255771890625537
20260220,186.57,190.33,185.93,189.82,1190476,0.010218201170835384
20260223,191.45,193.95,189.57,191.55,1144610,0.009113897376461955
20260224,191.5,193.77,187.4,192.85,1107814,0.006786739754633064
20260225,194.47,197.63,193.79,195.56,1348255,0.014052372310085604
20260226,194.27,194.29,184.31,184.89,2431773,-0.054561259971364406
20260227,181.25,182.59,176.38,177.19,1816014,-0.04164638433663248
20260302,175.01,183.46,174.65,182.48,1274947,0.029854957954737804
20260303,178.49,180.9,176.92,180.05,1143298,-0.013316527838667103
20260304,180.41,184.7,180.06,183.04,1169956,0.01660649819494564
20260305,181.17,184.06,177.88,183.34,1351334,0.0016389860139860435
20260306,179.8,182.76,176.82,177.82,1216705,-0.03010799607287018
20260309,176.85,182.91,175.56,182.65,1101218,0.027162298953998576
20260310,182.4,186.44,182.01,184.77,1248768,0.011606898439638691
20260311,185.89,187.62,184.45,186.03,932836,0.006819288845591798
20260312,184.03,184.94,181.75,183.14,1040225,-0.015535128742676041
20260313,184.92,186.09,179.94,180.25,1134422,-0.01578027738342247
20260316,182.95,188.88,181.41,183.22,1509736,0.01647711511789174
20260317,185.07,185.4,181.68,181.93,1223351,-0.007040716079030673
20260318,182.57,183.38,180.33,180.4,1098889,-0.008409827955807136
20260319,178.01,179.98,175.78,178.56,1168977,-0.010199556541020005
20260320,178.0,178.26,171.72,172.7,1312740,-0.03281810035842303
20260323,177.39,178.37,174.76,175.64,1179161,0.017023740590619507
20260324,174.83,176.22,173.98,175.2,960345,-0.0025051241175131356
20260325,177.1,181.22,176.87,178.68,1125504,0.019863013698630194
20260326,176.15,176.51,171.14,171.24,1206709,-0.04163868368032231
20260327,170.0,170.97,167.01,167.52,1263077,-0.021723896285914535
20260330,168.78,169.45,164.27,165.17,1195586,-0.014028175740210314
20260331,166.98,174.62,166.96,174.4,1440064,0.05588181873221543
20260401,176.0,177.37,174.75,175.75,1040992,0.007740825688073327
20260402,172.18,177.49,171.37,177.39,957977,0.009331436699857587
20260406,177.11,177.79,175.76,177.64,755935,0.0014093240881674074
20260407,175.64,178.23,173.66,178.1,897941,0.0025895068678225552
20260408,184.47,185.26,180.3,182.08,976730,0.02234699606962387
20260409,181.84,184.08,180.62,183.91,780445,0.010050527240773155
20260410,184.31,190.0,184.3,188.63,1127109,0.025664727312272317
20260413,186.03,189.66,185.74,189.31,888317,0.0036049408895721946
20260414,190.92,196.51,190.77,196.51,1064107,0.038032856161850814
20260415,196.55,200.4,195.74,198.87,1283284,0.012009566943158134
20260416,197.43,199.85,195.81,198.35,900987,-0.002614773470106191
20260417,199.9,201.7,199.27,201.68,1008284,0.016788505167633083
20260420,199.92,202.17,197.83,202.06,779719,0.00188417294724319
20260421,202.15,202.75,199.0,199.88,755466,-0.010788874591705522
20260422,200.98,202.5,199.3,202.5,713797,0.013107864718831408
20260423,202.46,203.83,197.22,199.64,788675,-0.0141234567901235
20260424,199.96,210.95,199.81,208.27,1478143,0.04322781005810472
20260427,209.7,216.83,207.38,216.61,1314232,0.04004417342872224
20260428,209.49,214.73,208.2,213.17,1216495,-0.015881076589261967
20260429,212.7,212.72,207.57,209.25,827164,-0.01838907913871557
20260430,209.93,210.3,198.7,199.57,1427640,-0.04626045400238954
20260501,201.28,203.0,197.12,198.45,844208,-0.00561206594177488
20260504,199.5,201.73,194.74,198.48,855120,0.00015117157974309237
20260505,199.3,200.24,196.03,196.5,731217,-0.009975816203143806
20260506,199.9,208.27,198.61,207.83,1166351,0.05765903307888043
20260507,208.3,214.2,206.5,211.5,1109731,0.017658663330606617
20260508,212.99,217.8,212.89,215.2,880038,0.01749408983451528
20260511,214.04,222.3,213.92,219.44,1057235,0.019702602230483368
20260512,218.55,223.75,214.92,220.78,1057436,0.006106452788917194
20260513,224.93,227.84,221.56,225.83,967090,0.022873448681945963
20260514,229.85,236.54,229.33,235.74,1205633,0.043882566532347234
20260515,229.75,231.5,224.24,225.32,991976,-0.04420123865275305
20260518,229.87,230.0,218.37,222.32,934739,-0.013314397301615433
20260519,219.61,224.48,217.92,220.61,823825,-0.007691615689096709
20260520,223.2,226.13,220.49,223.47,941049,0.012964054213317588
20260521,222.33,227.4,217.93,219.51,1290714,-0.017720499395892153
20260522,220.9,221.01,214.8,215.33,1024798,-0.01904241264634854
20260526,216.57,218.18,212.0,214.86,1009629,-0.002182696326568534
20260527,214.09,214.15,208.78,212.6,937110,-0.010518477147910321
20260528,211.28,215.52,211.22,214.25,820247,0.007761053621825109
20260529,214.57,217.86,211.14,211.14,1072864,-0.014515752625437583
20260601,215.73,224.87,215.7,224.36,1236769,0.06261248460736968
20260602,227.18,232.28,221.35,222.82,1160909,-0.0068639686218577856
20260603,221.75,222.8,214.51,214.75,946465,-0.03621757472399245
20260604,213.91,221.6,210.97,218.66,1004210,0.018207217694994116
20260605,214.5,214.87,204.33,205.1,1280227,-0.06201408579529866
20260608,210.16,210.39,206.0,208.64,728465,0.0172598732325695
20260609,210.68,211.4,199.37,208.19,1085406,-0.002156825153374231
20260610,204.43,207.22,199.94,200.42,931327,-0.03732167731399205
20260611,201.48,205.66,199.54,204.87,882194,0.022203372916874686
20260612,204.86,207.07,203.43,205.19,672579,0.0015619661248595929
20260615,208.92,212.72,208.34,212.45,778510,0.03538184122033239
20260616,211.17,211.5,207.29,207.41,658030,-0.023723228995057632
20260617,208.59,209.21,203.45,204.65,689763,-0.013306976519936287
20260618,207.22,211.39,206.5,210.69,891372,0.029513804055704806
20260622,211.44,213.99,207.72,208.65,727567,-0.009682471878114773
20260623,202.16,203.77,200.0,200.04,748364,-0.04126527677929559
20260624,200.28,201.67,196.58,199.0,731917,-0.005198960207958403
20260625,200.16,200.74,192.13,195.74,795700,-0.01638190954773866
20260626,193.12,195.55,191.22,192.53,691718,-0.016399305200776593
20260629,193.84,196.18,189.86,194.97,722535,0.012673349607853268
20260630,197.19,200.63,195.11,200.09,738528,0.02626045032569113
20260701,196.21,199.85,193.45,197.58,794696,-0.01254435504023188
20260702,197.16,200.06,192.35,194.83,784548,-0.013918412794817314
20260706,194.42,197.55,193.99,195.55,560305,0.003695529435918443
20260707,192.39,198.41,191.14,196.93,763787,0.00705701866530295
20260708,195.18,205.16,195.06,204.12,898873,0.03651043518001318
20260709,204.43,204.59,198.96,202.78,786141,-0.006564765824025098
20260710,202.0,211.0,201.92,210.96,937281,0.04033928395305253
20260713,208.6,210.57,203.0,203.53,699947,-0.035219946909366695
20260714,208.35,212.55,203.8,211.8,740733,0.040632830540952236
20260715,211.96,213.81,206.04,212.5,699489,0.003305004721435356
20260716,210.21,211.08,205.84,207.4,647550,-0.02400000000000002
