datetime,open,high,low,close,volume,return
20060718,123.75,124.05,122.39,123.84,2753562,0.00397243615727616
20060719,124.18,126.26,124.15,125.84,2752022,0.016149870801033694
20060720,126.12,126.3,124.66,125.15,2591565,-0.005483153210425917
20060721,125.15,125.19,123.19,123.86,2268522,-0.010307630842988469
20060724,124.44,126.32,124.44,126.2,2146925,0.018892297755530363
20060725,125.98,136.64,125.13,126.55,2286897,0.0027733755942946914
20060726,126.59,127.45,126.14,126.81,1972135,0.0020545239035953955
20060727,127.33,127.69,126.2,126.64,1996817,-0.0013405882816812653
20060728,126.99,128.14,126.86,127.97,1715182,0.01050221099178783
20060731,127.68,127.96,126.55,127.75,1125545,-0.0017191529264671823
20060801,127.34,127.49,126.6,127.23,1421625,-0.004070450097847345
20060802,127.58,128.46,127.01,128.02,1540492,0.006209227383478844
20060803,127.33,128.55,127.15,128.33,1448747,0.0024214966411497674
20060804,129.06,129.43,127.48,128.21,1820227,-0.0009350892230967078
20060807,127.9,128.08,127.4,127.91,1040542,-0.0023399110833789427
20060808,128.1,128.46,126.95,127.63,2090562,-0.002189039168165152
20060809,128.2,128.6,126.61,126.89,1762655,-0.005798009872287069
20060810,126.53,127.68,126.28,127.31,1549910,0.003309953503034091
20060811,127.17,127.2,126.39,127.0,1092012,-0.0024350011782263703
20060814,127.63,128.16,126.92,127.18,1373825,0.0014173228346456845
20060815,128.22,128.92,127.9,128.58,1476125,0.01100802012895108
20060816,129.32,129.89,129.04,129.65,1505500,0.008321667444392444
20060817,129.57,130.37,128.86,129.9,1669077,0.0019282684149632967
20060818,130.19,130.69,129.59,130.65,1352930,0.005773672055427337
20060821,130.18,130.28,129.8,130.17,940320,-0.0036739380022963175
20060822,129.94,130.52,129.68,130.14,1383800,-0.00023046784973501655
20060823,130.18,139.32,129.19,129.65,1515897,-0.0037651759643458904
20060824,129.99,130.1,129.4,129.66,1315940,7.713073659854075e-05
20060825,129.64,130.25,129.55,129.85,991920,0.0014653709702299178
20060828,129.66,130.82,129.64,130.49,1273047,0.004928763958413684
20060829,130.49,130.83,129.81,130.63,1378355,0.001072879147827388
20060830,130.87,131.04,130.55,130.74,1126735,0.0008420730306974988
20060831,130.85,130.99,130.58,130.74,771832,0.0
20060901,131.14,131.58,130.84,131.44,1049235,0.005354137983784479
20060905,131.51,131.85,131.2,131.58,1041875,0.0010651247717590184
20060906,131.1,131.16,130.33,130.46,1201747,-0.0085119319045448
20060907,130.06,130.97,120.22,130.01,1926030,-0.003449333128928589
20060908,130.08,130.99,129.83,130.2,978300,0.001461426044150338
20060911,129.86,130.69,129.48,130.3,1591547,0.0007680491551460555
20060912,130.57,131.84,130.37,131.72,1520007,0.010897927858787293
20060913,131.62,132.45,131.42,132.16,1291457,0.0033404190707562176
20060914,131.96,132.26,130.9,132.26,1310845,0.0007566585956415572
20060915,132.34,132.39,131.01,131.9,1541122,-0.0027219113866625566
20060918,131.8,132.45,131.01,132.06,1432072,0.0012130401819558934
20060919,132.12,132.14,131.07,131.88,1999780,-0.0013630168105407403
20060920,132.24,133.4,130.46,132.44,1758095,0.00424628450106157
20060921,132.6,132.75,131.42,131.83,2101087,-0.004605859257021949
20060922,131.67,131.68,131.0,131.52,1505230,-0.002351513312599529
20060925,131.73,132.85,131.05,132.45,2021740,0.007071167883211604
20060926,132.49,134.0,132.4,133.47,1683930,0.00770101925254818
20060927,133.48,133.97,133.27,133.68,1753430,0.0015733872780401281
20060928,133.74,133.99,133.28,133.7,1319610,0.00014961101137034305
20060929,133.79,133.94,133.48,133.65,1061297,-0.0003739715781598818
20061002,133.54,133.83,132.49,133.1,1167827,-0.004115226337448652
20061003,132.89,133.79,132.65,133.35,1718912,0.0018782870022540088
20061004,133.22,135.0,133.08,134.95,1789805,0.011998500187476502
20061005,134.92,135.41,134.04,135.18,1352422,0.0017043349388663476
20061006,134.96,135.57,134.4,134.88,1499947,-0.002219263204616184
20061009,134.85,135.3,134.64,135.01,969095,0.0009638196915777719
20061010,135.11,135.45,134.84,135.11,1320405,0.0007406858751204393
20061011,134.84,135.84,134.3,135.12,2249647,7.401376656046565e-05
20061012,135.47,136.39,135.29,136.33,1323315,0.008955002960331582
20061013,136.16,136.71,135.32,136.58,1252730,0.0018337856671313268
20061016,136.52,137.05,136.42,136.75,876125,0.0012446917557473736
20061017,136.47,136.7,135.67,136.5,2060910,-0.001828153564899404
20061018,137.05,137.37,127.29,136.43,1887725,-0.0005128205128204222
20061019,136.41,136.88,136.23,136.8,1525177,0.0027120134867697487
20061020,136.81,137.5,136.0,136.83,1072425,0.0002192982456139525
20061023,136.56,137.8,136.39,137.3,1413740,0.003434919242855994
20061024,137.28,137.94,137.22,137.77,1215817,0.003423160961398386
20061025,137.74,138.43,137.51,138.37,1766522,0.004355084561225242
20061026,138.66,139.92,130.7,138.75,1527420,0.002746260027462588
20061027,138.61,138.97,128.27,137.81,1819192,-0.006774774774774728
20061030,137.66,138.2,130.78,137.86,1179027,0.00036281837312257537
20061031,138.07,138.26,137.25,137.89,1611272,0.00021761207021597784
20061101,138.22,138.31,136.72,136.9,1897577,-0.007179635941692464
20061102,136.51,137.01,136.36,136.75,1245885,-0.001095690284879547
20061103,137.26,137.99,136.2,136.44,1376340,-0.002266910420475332
20061106,136.96,138.28,136.67,138.0,1451127,0.011433597185576128
20061107,138.2,138.98,138.0,138.42,1499632,0.003043478260869481
20061108,138.0,139.05,137.79,138.94,1943437,0.0037566825603236875
20061109,139.01,139.14,137.9,138.15,2065895,-0.0056859075860082875
20061110,138.14,138.35,137.72,138.3,1070842,0.0010857763300760048
20061113,138.18,139.04,137.64,138.62,1289025,0.0023138105567606093
20061114,138.97,139.74,138.12,139.61,1972955,0.007141826576251731
20061115,139.57,140.45,139.53,139.9,1636747,0.0020772150992047766
20061116,140.44,141.58,139.49,140.22,1492540,0.0022873481057898992
20061117,139.92,140.5,139.73,140.44,1234187,0.0015689630580515423
20061120,140.3,140.74,140.09,140.4,1425585,-0.0002848191398461264
20061121,140.49,140.7,140.29,140.67,1154072,0.0019230769230766942
20061122,140.75,149.86,140.0,140.83,955970,0.0011374138053601435
20061124,140.24,140.84,140.2,140.39,582417,-0.0031243343037706817
20061127,140.29,140.35,137.19,138.44,1987005,-0.01388987819645271
20061128,138.24,139.16,137.67,139.11,2212242,0.004839641722045762
20061129,139.47,140.53,139.42,140.36,1913045,0.008985694773919972
20061130,140.44,141.05,139.76,140.47,1958537,0.0007836990595611049
20061201,140.53,140.66,138.97,140.35,2745102,-0.0008542749341496902
20061204,140.25,141.55,140.23,141.31,2013757,0.006840042750267283
20061205,141.57,141.98,141.26,141.9,1620695,0.00417521760668027
20061206,141.87,144.71,141.5,141.66,1205765,-0.0016913319238901492
20061207,142.03,142.3,141.09,141.15,1477082,-0.003600169419737287
20061208,141.13,141.9,140.78,141.42,1587420,0.001912858660998884
20061211,141.42,142.09,141.34,141.8,913497,0.0026870315372651277
20061212,141.68,141.87,140.64,141.6,1704942,-0.0014104372355431272
20061213,142.23,142.33,141.56,141.86,1214527,0.0018361581920904868
20061214,141.87,143.24,141.84,143.13,1506255,0.008952488368814127
20061215,142.64,142.89,142.2,142.34,1379677,-0.005519457835534092
20061218,142.54,142.88,141.75,141.95,1045950,-0.0027399185049881147
20061219,141.53,142.56,141.16,142.22,1441857,0.0019020781965481959
20061220,142.29,142.66,142.01,142.24,939947,0.00014062719730012496
20061221,142.27,142.43,141.32,141.68,1131307,-0.003937007874015741
20061222,141.64,141.65,140.65,140.68,1384887,-0.007058159232072314
20061226,140.82,141.66,140.78,141.6,636875,0.0065396644867783404
20061227,141.87,142.6,141.83,142.45,898200,0.006002824858756917
20061228,142.41,142.7,140.27,142.17,831337,-0.0019656019656020263
20061229,142.1,142.54,141.41,141.6,1087317,-0.004009284659210799
20070103,142.25,142.86,140.57,141.39,1972835,-0.0014830508474577009
20070104,141.23,142.05,140.61,141.7,1584790,0.002192517151142326
20070105,141.33,144.78,140.38,140.47,1642040,-0.008680310515172818
20070108,140.82,141.41,140.2,141.31,1598312,0.005979924539047499
20070109,141.31,141.6,140.4,141.02,1529940,-0.002052225603283553
20070110,140.58,141.7,140.3,141.61,1524132,0.004183803715785084
20070111,141.56,142.62,141.5,142.23,1300092,0.004378221876985888
20070112,142.12,143.35,142.11,143.27,1299377,0.007312100119524878
20070116,143.07,143.44,142.73,142.83,1032210,-0.003071124450338525
20070117,142.87,143.46,142.73,142.9,1151335,0.0004900931176923251
20070118,143.17,143.26,142.31,142.41,1501525,-0.0034289713086075313
20070119,142.54,143.1,142.46,142.95,1306905,0.0037918685485569537
20070122,143.07,145.95,141.93,142.39,1435160,-0.003917453655124192
20070123,142.25,143.08,142.06,142.93,1257352,0.003792401151766489
20070124,142.97,144.26,142.91,143.99,1326562,0.007416217728958285
20070125,143.84,143.92,134.4,142.31,1603030,-0.011667476908118646
20070126,142.59,142.75,141.58,142.22,1713722,-0.0006324221769377081
20070129,142.19,142.8,141.74,142.02,1474925,-0.0014062719729994733
20070130,142.35,142.87,142.06,142.77,1334325,0.00528094634558518
20070131,142.63,144.13,142.4,143.79,2091085,0.007144358058415401
20070201,144.15,144.66,143.91,144.53,1577845,0.005146394046873892
20070202,144.74,144.95,144.38,144.78,1106895,0.0017297446896837876
20070205,144.7,144.94,144.34,144.82,1094025,0.0002762812543168902
20070206,144.97,145.03,144.33,144.97,1297887,0.0010357685402568872
20070207,145.12,145.36,143.9,145.11,1298795,0.0009657170449060004
20070208,144.78,145.12,144.27,144.97,1604277,-0.0009647853352630076
20070209,145.06,146.11,143.39,143.9,1866315,-0.0073808374146374645
20070212,143.94,144.04,143.19,143.5,1432602,-0.002779708130646319
20070213,143.77,144.9,143.76,144.65,1498592,0.0080139372822301
20070214,144.8,145.9,144.48,145.6,1540695,0.006567576909782158
20070215,145.67,145.95,145.43,145.55,912672,-0.00034340659340648116
20070216,145.43,145.81,145.23,145.73,815797,0.0012366884232222208
20070220,145.56,146.2,144.06,145.99,1307440,0.001784121320249854
20070221,145.61,146.07,145.35,145.95,1473745,-0.0002739913692719753
20070222,146.05,146.42,145.17,145.8,1756315,-0.0010277492291879131
20070223,145.73,145.79,144.75,145.35,1739995,-0.0030864197530865445
20070226,145.83,145.95,144.75,145.2,1631912,-0.0010319917440660964
20070227,143.89,144.2,139.0,139.63,5651522,-0.038360881542699676
20070228,140.39,141.98,139.8,140.8,3936252,0.008379288118599337
20070301,139.36,141.25,138.05,140.61,4338012,-0.0013494318181818121
20070302,140.05,140.66,138.6,138.94,3543745,-0.011876822416613475
20070305,137.92,140.0,137.08,137.91,3254050,-0.007413271915934994
20070306,138.78,140.12,137.72,139.84,3064655,0.013994634181712762
20070307,139.74,140.46,139.28,139.47,2578100,-0.002645881006865025
20070308,140.55,141.16,140.0,140.73,2489857,0.009034200903420109
20070309,141.33,141.42,140.08,140.61,2249805,-0.0008526966531654523
20070312,140.42,141.34,140.12,140.91,1794362,0.0021335609131638567
20070313,140.24,140.77,138.04,138.11,3955897,-0.01987083954297053
20070314,138.43,139.59,136.5,139.51,5361185,0.010136847440445962
20070315,139.04,139.99,138.8,139.25,2866332,-0.0018636656870474333
20070316,139.31,141.0,137.95,138.21,2481875,-0.007468581687612108
20070319,139.26,140.33,138.89,140.23,1974635,0.014615440272049751
20070320,140.08,141.07,139.96,140.9,1922835,0.00477786493617649
20070321,141.1,143.65,140.82,143.07,3679330,0.015400993612491032
20070322,143.47,143.68,142.79,143.17,2651790,0.0006989585517578334
20070323,143.29,143.81,143.15,143.45,1744730,0.001955716979814115
20070326,143.5,143.65,142.09,143.23,2613442,-0.001533635413035861
20070327,143.13,143.9,141.86,142.42,2352577,-0.005655239824059244
20070328,142.23,142.47,141.26,141.83,3516327,-0.004142676590366379
20070329,142.54,142.98,141.19,142.19,3242872,0.002538250017626531
20070330,142.17,142.84,140.56,142.0,2850405,-0.001336240241929798
20070402,142.16,1441.65,140.89,142.28,1928195,0.001971830985915579
20070403,142.97,143.98,142.91,143.74,1879817,0.010261456283384929
20070404,143.69,143.95,141.48,143.78,1464985,0.0002782802281897645
20070405,143.67,144.44,143.61,144.31,1151500,0.003686187230490967
20070409,144.59,144.8,144.15,144.42,1203552,0.0007622479384656877
20070410,144.33,144.85,144.27,144.6,1329230,0.0012463647694225255
20070411,144.82,144.86,143.54,143.95,2575765,-0.004495159059474396
20070412,143.75,144.92,142.66,144.72,2756330,0.005349079541507429
20070413,144.9,145.32,144.27,145.24,1921052,0.0035931453841901995
20070416,145.86,146.86,145.54,146.65,1866395,0.009708069402368569
20070417,146.96,147.4,146.65,146.82,2452005,0.001159222638936086
20070418,146.6,147.7,146.57,147.1,2101202,0.0019070971257322267
20070419,146.54,147.4,145.82,147.29,2434352,0.001291638341264445
20070420,148.22,148.62,147.69,148.59,2522315,0.008826125330979817
20070423,148.37,148.73,140.56,148.19,1764647,-0.0026919711959082493
20070424,148.23,148.4,147.32,148.27,2704932,0.0005398474930833341
20070425,148.73,149.66,148.16,149.56,2512937,0.008700343967086965
20070426,149.49,149.8,149.1,149.48,2101120,-0.0005349023803157271
20070427,149.03,149.97,148.84,149.65,2249420,0.0011372758897512103
20070430,149.63,149.82,140.93,148.31,2399260,-0.0089542265285667
20070501,148.52,149.94,147.67,148.74,3150865,0.0028993324792665476
20070502,148.9,149.95,148.75,149.57,2066815,0.005580207072744203
20070503,149.95,150.4,149.05,150.28,1926902,0.0047469412315304105
20070504,150.75,151.56,150.22,150.94,2183122,0.004391801969656717
20070507,150.88,151.2,150.81,150.93,1517750,-6.625149065853098e-05
20070508,150.57,150.92,150.13,150.65,1922227,-0.0018551646458623283
20070509,150.64,152.82,150.37,151.12,2421500,0.00311981413873208
20070510,150.73,151.02,149.27,149.56,3664215,-0.010322922181048133
20070511,149.75,150.98,149.72,150.91,2641157,0.009026477667825494
20070514,150.86,151.3,149.79,150.37,2625065,-0.0035782916970379386
20070515,150.7,151.66,150.19,150.45,4102537,0.0005320210148300752
20070516,150.8,151.67,150.38,151.43,2705355,0.006513791957461157
20070517,151.38,151.96,151.11,151.37,2448657,-0.00039622267714456427
20070518,151.94,152.65,151.21,152.58,2238232,0.00799365792429163
20070521,152.58,157.69,152.44,152.63,1702285,0.00032769694586431974
20070522,152.71,153.16,152.37,152.42,1952035,-0.0013758763021687326
20070523,152.95,153.5,152.01,152.41,2969830,-6.560818790180001e-05
20070524,152.53,153.21,150.74,151.17,4390160,-0.008135949084705829
20070525,151.49,1511.7,151.18,151.8,1948772,0.004167493550307766
20070529,151.94,152.5,151.45,152.14,2051955,0.0022397891963108485
20070530,151.46,153.54,151.34,153.51,3156602,0.009004863941106889
20070531,153.66,153.89,150.5,153.44,2462630,-0.0004559963520290866
20070601,153.88,154.4,153.51,153.88,2290047,0.0028675703858185297
20070604,153.53,154.39,153.48,154.08,1841755,0.0012997140629062987
20070605,153.72,153.9,143.46,153.5,2910535,-0.0037642782969886657
20070606,152.91,161.9,151.75,152.05,3853157,-0.009446254071661109
20070607,151.55,152.5,149.0,149.22,5549947,-0.01861229858599156
20070608,149.42,151.21,149.09,151.1,4090222,0.012598847339498676
20070611,150.96,151.95,150.7,151.33,2357510,0.0015221707478492164
20070612,150.67,151.54,149.35,149.35,5274767,-0.013083988634110977
20070613,150.43,152.07,150.19,151.88,3628715,0.01694007365249406
20070614,152.06,153.12,152.03,152.79,3144812,0.005991572293916336
20070615,153.25,153.66,152.06,152.97,3081932,0.0011780875711762118
20070618,153.36,153.39,152.6,152.67,1957237,-0.001961168856638662
20070619,152.64,153.38,152.36,153.07,2527730,0.0026200301303465068
20070620,153.59,153.79,150.96,151.2,4189550,-0.01221663291304631
20070621,151.08,152.11,150.25,151.85,4692105,0.004298941798941858
20070622,151.5,151.77,149.85,150.7,4917220,-0.007573263088574311
20070625,150.24,151.25,149.02,150.0,5490180,-0.004644990046449804
20070626,150.21,150.46,148.28,148.35,4675815,-0.01100000000000001
20070627,148.24,150.57,148.06,150.47,4746740,0.01429052915402762
20070628,150.37,151.42,149.67,150.39,3729850,-0.0005316674420150491
20070629,150.83,151.65,113.35,150.32,4663635,-0.0004654564798191041
20070703,152.17,152.5,151.99,152.24,1273502,0.012772751463544507
20070705,152.43,152.56,151.63,152.34,1915695,0.0006568575932737186
20070706,152.38,153.17,151.93,152.92,1724645,0.003807273204673667
20070709,153.15,154.2,152.62,153.06,1737762,0.0009155113784986568
20070710,152.27,152.9,150.75,150.9,4160367,-0.014112112896903173
20070711,150.73,152.35,150.52,152.24,3916272,0.008880053015241973
20070712,152.36,154.75,152.34,154.44,3195367,0.014450867052023142
20070713,154.57,155.46,154.39,154.91,2517450,0.003043253043253147
20070716,154.99,155.53,154.58,154.85,2343157,-0.000387321670647478
20070718,154.32,154.9,153.3,154.6,5592600,-0.0016144656118824985
20070719,155.2,155.53,154.64,154.8,3432040,0.001293661060802087
20070720,154.87,154.99,152.25,153.47,5818755,-0.008591731266149982
20070723,154.29,154.72,50.11,153.87,2831487,0.0026063725809604144
20070724,153.11,154.28,150.76,151.29,5826687,-0.016767401052836917
20070725,152.03,152.39,150.25,151.99,6254580,0.004626875537048214
20070726,150.16,151.76,47.5,148.08,10733142,-0.025725376669517686
20070727,148.26,148.87,144.95,145.3,9150872,-0.01877363587250136
20070730,145.89,147.81,145.29,147.3,6362667,0.013764624913971124
20070731,148.33,149.46,144.96,145.0,7129230,-0.01561439239646989
20070801,145.21,147.01,143.95,146.73,10762450,0.011931034482758562
20070802,146.77,147.96,145.26,147.58,6786810,0.005792953043004312
20070803,147.26,147.58,143.2,143.6,8345412,-0.02696842390567844
20070806,144.22,149.1,142.53,146.3,7603160,0.018802228412256428
20070807,145.94,149.0,143.71,147.85,6628042,0.010594668489405157
20070808,148.41,150.59,147.34,149.93,6552352,0.014068312478863865
20070809,147.45,154.53,144.59,144.59,8364872,-0.03561662108984198
20070810,144.24,146.5,37.55,145.05,9222975,0.0031814095027318245
20070813,146.5,146.89,144.88,144.93,4137782,-0.0008273009307135926
20070814,145.69,146.06,142.72,142.9,6242412,-0.014006761885048014
20070815,142.7,144.46,140.62,140.88,7667480,-0.01413575927221844
20070816,139.79,142.99,137.0,142.43,12862970,0.011002271436683753
20070817,145.56,154.54,141.39,144.8,7693917,0.01663975286105468
20070820,145.13,145.47,143.11,144.51,4442575,-0.002002762430939331
20070821,144.59,145.97,144.14,144.9,3436392,0.002698775171268597
20070822,146.01,147.88,144.97,147.77,4079377,0.019806763285024287
20070823,147.33,147.9,145.61,146.32,4642657,-0.009812546525005184
20070824,146.49,148.42,145.4,148.39,2961755,0.014147074904319323
20070827,147.87,148.33,146.73,146.79,2495515,-0.010782397735696447
20070828,146.16,146.96,143.46,143.59,5229587,-0.021799850126030362
20070829,144.39,146.78,143.96,146.57,4770192,0.020753534368688653
20070830,145.45,147.19,145.31,146.28,4363387,-0.0019785767892473993
20070831,147.67,148.5,146.83,147.57,4060045,0.008818703855619336
20070904,147.47,149.98,147.4,148.86,2848915,0.00874161414921737
20070905,148.18,149.45,147.0,147.63,3789182,-0.008262797259169785
20070906,147.95,148.61,147.12,148.05,2904427,0.002844950213371389
20070907,146.48,146.89,145.26,146.25,4827827,-0.012158054711246313
20070910,146.51,147.77,144.33,145.68,4210822,-0.0038974358974358525
20070911,146.23,147.7,146.13,147.36,3689942,0.011532125205930832
20070912,147.28,148.44,146.98,147.73,3481050,0.0025108577633006224
20070913,148.55,149.45,148.2,148.27,3189460,0.0036553171326070277
20070914,147.95,149.09,147.74,148.93,2697390,0.004451338773858504
20070917,148.29,148.89,147.63,148.03,2559112,-0.006043107500167899
20070918,148.83,152.61,148.13,152.52,5864445,0.03033168952239418
20070919,153.41,154.39,148.1,153.05,4390880,0.0034749541043797016
20070920,153.35,153.43,152.11,152.34,3469430,-0.004639006860503114
20070921,152.7,153.12,151.74,152.05,2540480,-0.0019036366023368334
20070924,152.43,152.82,151.23,151.29,3286342,-0.004998355804011978
20070925,150.83,151.7,150.47,151.65,3022782,0.002379535990481907
20070926,152.26,152.77,151.39,152.38,3019687,0.0048137157929442065
20070927,152.88,153.31,152.19,152.96,2326087,0.0038062737892112786
20070928,152.85,153.19,151.98,152.65,2950150,-0.002026673640167398
20071001,152.61,154.75,152.5,154.27,3409795,0.010612512283000308
20071002,154.62,154.65,153.81,154.18,2684105,-0.0005833927529655947
20071003,153.82,154.41,153.01,153.96,2669147,-0.0014269036191464357
20071004,154.1,154.26,153.59,153.96,1748542,0.0
20071005,155.02,156.1,154.63,156.0,2731765,0.013250194855806585
20071008,155.39,155.49,154.77,155.23,1670172,-0.004935897435897507
20071009,155.6,156.51,155.03,156.25,2251542,0.006570894801262606
20071010,156.04,156.44,155.41,156.25,2428365,0.0
20071011,156.92,157.52,154.54,155.28,5383547,-0.006207999999999991
20071012,155.46,156.6,155.15,156.43,2713282,0.007405976300875805
20071015,156.27,156.36,153.94,154.86,3825332,-0.010036438023397043
20071016,154.41,156.48,153.47,154.35,3877332,-0.0032932971716390647
20071017,154.98,155.09,152.47,154.15,4724537,-0.0012957563977971098
20071018,153.45,154.19,153.08,153.88,3101590,-0.0017515407071034828
20071019,153.1,156.48,149.27,149.4,6878187,-0.029113595009097937
20071022,148.83,151.06,148.66,150.97,5889810,0.010508701472556892
20071023,151.3,151.95,149.98,151.3,4163677,0.002185864741339527
20071024,151.21,151.95,148.0,151.77,7586255,0.0031064111037673037
20071025,151.68,152.29,149.88,151.98,5497055,0.0013836726625813256
20071026,153.06,153.97,151.9,153.8,3789507,0.011975259902618829
20071029,153.92,154.44,153.55,153.92,2486597,0.0007802340702209865
20071030,153.43,153.75,152.86,152.9,3011587,-0.006626819126819061
20071031,153.98,155.27,152.84,154.73,5036620,0.011968606932635684
20071101,153.33,154.3,150.59,151.02,7323842,-0.023977250694758534
20071102,151.54,151.56,149.21,151.38,7350995,0.0023837902264600697
20071105,149.63,151.16,148.0,150.23,5159630,-0.0075967763244815245
20071106,150.84,152.11,149.5,151.74,3980250,0.010051254742728055
20071107,150.43,151.13,146.35,147.13,6923495,-0.030380914722551777
20071108,147.98,149.3,145.07,147.5,8745375,0.002514782845103092
20071109,145.51,147.54,144.85,144.87,6315470,-0.017830508474576234
20071112,145.2,146.61,143.44,143.88,5760717,-0.006833712984054774
20071113,145.26,148.31,145.22,147.95,4439490,0.02828746177370034
20071114,149.22,149.4,146.78,147.51,4776127,-0.0029739776951672736
20071115,146.79,147.6,144.38,145.51,5872647,-0.013558402820147752
20071116,146.28,146.47,144.57,145.95,6957340,0.003023847158270865
20071119,145.28,148.7,143.19,143.95,6291827,-0.013703323055840988
20071120,143.64,145.53,142.11,144.07,9639290,0.0008336227856895473
20071121,143.08,143.91,141.67,141.88,5777975,-0.015200943985562598
20071123,143.07,144.34,142.57,143.95,1890477,0.014589794192275019
20071126,144.38,144.94,140.66,140.86,4831872,-0.02146578673150379
20071127,141.74,143.23,140.95,142.6,6379420,0.012352690614794604
20071128,144.21,147.47,144.14,147.04,5699272,0.031136044880785363
20071129,146.61,148.2,146.1,148.07,4537940,0.007004896626768176
20071130,149.04,149.87,147.33,148.55,4993835,0.0032417100020261103
20071203,148.21,148.45,147.29,147.37,3460860,-0.007943453382699528
20071204,146.66,156.49,146.31,146.64,3140470,-0.004953518355160558
20071205,147.92,149.2,147.83,148.86,3769652,0.015139116202946168
20071206,148.63,151.21,148.57,150.94,3419742,0.013972860405750298
20071207,151.42,151.5,150.55,150.88,2828302,-0.0003975089439512969
20071210,151.25,161.61,150.86,152.06,2440810,0.00782078472958636
20071211,152.14,152.89,147.83,147.98,5605467,-0.02683151387610161
20071212,151.52,151.75,147.19,149.3,6124747,0.008920124341127433
20071213,148.32,149.39,147.3,149.11,4983832,-0.0012726054922973518
20071214,148.05,149.1,147.1,147.12,3245995,-0.013345852055529517
20071217,146.62,146.87,144.86,145.01,3685415,-0.014342033713975133
20071218,146.09,146.48,143.96,145.97,5677872,0.006620233087373251
20071219,145.95,146.89,144.94,145.85,4456300,-0.0008220867301500512
20071220,146.84,146.86,145.18,146.86,4028207,0.00692492286595825
20071221,147.37,148.43,147.09,148.32,3028455,0.009941440827999415
20071224,148.74,149.48,148.48,149.2,1084187,0.0059331175836030425
20071226,148.78,149.68,148.5,149.6,1432365,0.002680965147453085
20071227,149.01,149.03,147.32,147.67,2627597,-0.012901069518716612
20071228,148.54,148.61,146.9,147.38,2379117,-0.0019638382880746708
20071231,147.11,147.33,146.06,146.39,2222390,-0.006717329352693757
20080102,146.53,146.99,143.88,144.86,4207157,-0.010451533574697525
20080103,144.92,145.49,144.12,144.86,2673625,0.0
20080104,143.34,143.44,140.91,141.31,4701915,-0.02450641999171621
20080107,141.81,142.23,140.1,141.19,5198367,-0.0008491968013587536
20080108,142.1,142.9,138.44,138.91,7368600,-0.016148452439974537
20080109,139.01,140.8,137.7,140.37,6840675,0.010510402418832498
20080110,139.7,142.8,139.37,141.29,7204890,0.006554107002920695
20080111,140.75,141.9,139.0,140.15,5928605,-0.008068511571944104
20080114,141.16,141.86,140.4,141.28,3407582,0.008062789867998577
20080115,139.74,140.1,137.9,138.17,4977975,-0.022013023782559538
20080116,137.37,139.12,136.28,136.98,7873592,-0.008612578707389407
20080117,137.58,137.88,132.93,133.43,8482085,-0.025916192144838535
20080118,134.2,135.02,131.1,132.06,8069437,-0.010267556021884117
20080122,126.45,132.25,126.0,130.72,8768425,-0.01014690292291387
20080123,127.12,134.19,126.84,133.86,10313885,0.02402080783353755
20080124,134.28,135.46,133.31,134.99,5695592,0.008441655460929232
20080125,136.5,136.76,132.6,133.38,5806105,-0.011926809393288496
20080128,133.29,135.52,132.06,135.24,4787195,0.013945119208277124
20080129,136.1,136.45,134.88,135.91,3529025,0.004954155575273456
20080130,135.58,138.54,134.58,134.91,7508597,-0.007357810315650082
20080131,133.42,138.54,133.2,137.37,7194977,0.01823437847453868
20080201,137.92,139.61,137.52,139.58,4286147,0.016087937686540155
20080204,139.19,139.3,137.64,137.82,2756300,-0.01260925634045007
20080205,135.86,136.25,133.67,134.13,5956387,-0.026774053112755714
20080206,134.58,135.25,132.41,133.05,5293057,-0.008051889957503833
20080207,132.08,134.79,131.73,133.93,6487430,0.00661405486659139
20080208,133.27,134.22,132.1,133.07,4654205,-0.006421264839841845
20080211,133.12,134.23,132.04,133.75,4265027,0.005110092432554447
20080212,134.91,136.31,133.98,134.99,5594170,0.009271028037383333
20080213,136.06,137.1,135.14,136.37,3932827,0.010222979479961536
20080214,136.94,137.0,134.79,135.17,4590630,-0.008799589352497028
20080215,134.55,136.1,133.36,135.14,3229240,-0.0002219427387734063
20080219,136.67,136.89,134.61,135.52,3337967,0.002811898771644339
20080220,134.0,137.6,133.76,135.92,5024472,0.0029515938606845538
20080221,136.66,137.01,134.07,134.79,4497945,-0.008313713949381962
20080222,134.98,135.85,132.86,135.62,4744432,0.006157726834334909
20080225,135.54,137.65,134.78,137.33,4342837,0.012608759769945577
20080226,136.72,138.95,136.5,138.36,4499202,0.007500182043253423
20080227,137.56,139.14,137.41,138.22,3808880,-0.0010118531367447892
20080228,137.25,137.96,136.55,136.87,3676727,-0.009767038055274124
20080229,135.59,135.68,132.78,133.82,5181480,-0.022283919047271228
20080303,133.16,133.81,132.24,133.5,4320287,-0.002391271857719257
20080304,132.23,133.4,130.99,132.99,6595535,-0.0038202247191010397
20080305,133.4,134.77,132.34,133.83,6052435,0.00631626438078059
20080306,132.98,133.22,130.55,131.06,5538652,-0.020697900321303253
20080307,129.72,131.74,128.58,129.71,7008160,-0.010300625667633123
20080310,129.77,129.93,127.59,128.0,5453535,-0.013183254953357593
20080311,130.72,132.72,128.95,132.6,6838657,0.035937499999999956
20080312,132.75,133.77,131.16,131.36,5010280,-0.009351432880844501
20080313,129.61,132.64,128.6,131.65,7877935,0.002207673568818347
20080314,132.78,132.81,127.78,129.61,10378700,-0.015495632358526357
20080317,126.35,129.26,126.07,128.3,8446400,-0.010107244811357163
20080318,130.6,133.7,129.98,133.63,7250395,0.04154325798908798
20080319,134.14,134.65,130.02,130.32,7373737,-0.02476988700142191
20080320,130.03,132.91,129.26,132.08,5445767,0.013505217925107615
20080324,133.31,135.81,133.24,134.72,4665807,0.019987886129618326
20080325,134.82,135.55,133.77,134.85,4082960,0.0009649643705462729
20080326,134.46,134.59,133.11,133.2,4270260,-0.012235817575083519
20080327,134.19,134.44,132.36,132.78,4885295,-0.00315315315315301
20080328,133.0,133.36,131.06,131.51,3867362,-0.009564693477933539
20080331,130.76,132.73,130.76,131.97,3701895,0.0034978328644210688
20080401,132.52,136.84,131.28,136.61,5585942,0.03515950594832162
20080402,137.06,137.67,135.98,136.7,4843282,0.0006588097503841261
20080403,135.94,137.44,135.71,137.04,3797537,0.002487198244330635
20080404,136.95,137.96,136.12,136.89,4002610,-0.0010945709281962035
20080407,137.87,138.57,136.74,136.96,3491857,0.0005113594857186765
20080408,136.18,136.92,135.95,136.82,3400302,-0.0010221962616823177
20080409,136.61,136.8,134.89,135.83,4339817,-0.0072357842420697205
20080410,135.4,136.67,134.9,136.02,4319997,0.0013988073326953732
20080411,134.46,135.12,133.01,133.38,4660737,-0.019408910454345008
20080414,133.19,133.54,132.55,132.93,3580530,-0.003373819163292713
20080415,133.57,133.69,132.33,133.24,3627947,0.0023320544647558172
20080416,134.54,136.94,134.4,136.85,4015085,0.027093965776043172
20080417,136.02,137.25,135.66,137.05,3839970,0.001461454146876262
20080418,138.95,139.56,138.26,138.48,4526352,0.010434148121123421
20080421,138.21,138.98,136.87,138.55,2619115,0.0005054881571346925
20080422,138.19,138.37,136.64,137.94,3580075,-0.004402742692169004
20080423,138.09,138.78,137.12,137.72,4163530,-0.0015948963317384823
20080424,138.09,139.74,137.04,138.32,5091442,0.00435666569851878
20080425,139.4,139.89,137.91,139.6,4294647,0.009253903990746215
20080428,139.88,140.25,139.35,139.63,2422642,0.00021489971346699832
20080429,139.4,139.73,138.61,139.08,2916312,-0.003938981594213131
20080430,139.28,140.59,138.26,138.26,4527940,-0.005895887259131594
20080501,138.39,141.12,138.27,141.12,4218947,0.02068566468971511
20080502,142.33,142.37,140.56,141.51,3848912,0.0027636054421766865
20080505,141.05,141.61,140.41,140.83,2745947,-0.004805314112076742
20080506,140.0,142.2,139.69,142.05,3985800,0.008662926933181936
20080507,141.89,142.04,139.13,139.52,4347482,-0.017810630059838073
20080508,139.74,140.35,138.98,139.16,3853115,-0.0025802752293578868
20080509,138.6,139.39,138.45,138.9,3380125,-0.0018683529749927708
20080512,139.25,140.57,138.73,140.46,3377362,0.011231101511879116
20080513,140.81,140.89,139.73,140.48,3408565,0.0001423892923251291
20080514,141.09,142.2,140.46,140.77,3930370,0.002064350797266634
20080515,141.04,142.95,140.83,142.53,3706592,0.012502663919869317
20080516,142.86,142.87,141.61,142.66,4542602,0.0009120886830842334
20080519,142.81,144.3,142.3,143.05,3876015,0.0027337726061966716
20080520,142.26,142.34,141.0,141.89,3848582,-0.008109052778748849
20080521,141.81,142.26,139.0,139.49,5823827,-0.016914511241102104
20080522,139.43,140.17,139.0,139.51,3914970,0.0001433794537242239
20080523,139.04,139.2,137.5,137.64,3866360,-0.01340405705684189
20080527,137.8,139.0,137.53,138.66,3555260,0.007410636442894525
20080528,139.18,140.0,138.0,139.3,3700885,0.004615606519544402
20080529,139.13,140.93,139.08,140.0,3989072,0.005025125628140614
20080530,140.47,140.74,139.94,140.35,2481702,0.0024999999999999467
20080602,139.82,139.86,138.0,138.9,3974467,-0.01033131457071601
20080603,139.33,139.62,137.0,138.09,6113500,-0.005831533477321793
20080604,137.77,139.25,137.46,138.02,5613320,-0.0005069157795639656
20080605,138.58,140.89,138.32,140.78,5115020,0.019997101869294154
20080606,139.56,139.8,136.22,136.29,7911532,-0.03189373490552638
20080609,136.84,137.5,135.0,136.62,5232975,0.002421307506053294
20080610,135.67,137.1,135.35,135.94,5745790,-0.004977309325135515
20080611,135.97,136.09,133.91,133.94,6173625,-0.014712373105781995
20080612,134.6,135.87,133.52,134.45,5386922,0.003807675078393302
20080613,135.17,136.52,134.61,136.15,5375107,0.012644105615470469
20080616,135.56,136.93,135.46,136.23,4036767,0.0005875872199778698
20080617,137.06,137.12,135.37,135.57,4212415,-0.004844747852895792
20080618,134.7,135.08,133.71,134.25,5992965,-0.009736667404292909
20080619,134.15,135.24,132.0,134.42,6863510,0.0012662942271879363
20080620,132.84,133.09,131.22,131.58,6332457,-0.021127808361850686
20080623,132.04,132.23,131.32,131.45,3402707,-0.0009879920960633726
20080624,131.03,132.44,130.19,131.19,5987107,-0.00197793837961191
20080625,131.71,133.4,131.24,131.81,6228472,0.004725969967223076
20080626,130.57,131.42,128.08,128.23,6801940,-0.027160306501782916
20080627,128.28,128.86,127.04,127.53,6851367,-0.00545894096545263
20080630,127.89,128.91,127.3,127.98,5851082,0.003528581510232831
20080701,126.52,128.48,125.93,128.38,8442805,0.0031254883575557724
20080702,128.79,129.16,125.95,126.18,6713322,-0.017136625642623415
20080703,126.52,127.22,124.99,126.31,5514402,0.0010302742114438601
20080707,126.79,127.34,123.92,125.02,8304022,-0.010212968094371
20080708,124.98,127.39,124.2,127.24,8405447,0.017757158854583288
20080709,127.49,127.74,124.39,124.79,7626925,-0.01925495127318444
20080710,124.44,125.79,123.58,125.3,9681360,0.004086865934770367
20080711,123.93,125.9,122.49,123.84,10787900,-0.011652035115722215
20080714,125.26,125.5,122.4,122.72,7430840,-0.009043927648578864
20080715,121.82,123.49,120.02,120.99,11212685,-0.014097131681877428
20080716,121.45,124.57,121.1,123.96,7883140,0.02454748326307965
20080717,125.15,126.26,124.09,125.2,7949855,0.010003226847370206
20080718,126.16,126.42,125.15,125.98,5226147,0.00623003194888172
20080721,126.51,126.8,125.19,126.05,4638422,0.0005556437529765645
20080722,125.14,127.8,124.85,127.48,6838180,0.011344704482348256
20080723,127.9,129.15,127.55,128.17,7004890,0.005412613743332129
20080724,128.34,128.41,125.16,125.51,5801562,-0.020753686510103675
20080725,125.88,126.49,125.17,125.48,4796882,-0.00023902477890214158
20080728,125.49,126.06,123.42,123.64,4532867,-0.014663691424928293
20080729,123.99,126.38,123.64,126.28,6024372,0.021352313167259718
20080730,127.01,128.6,126.28,128.53,8069272,0.017817548305353093
20080731,127.39,128.57,126.63,126.83,6151440,-0.013226484089317703
20080801,127.12,127.28,125.46,126.16,5484615,-0.005282661830797175
20080804,126.04,126.14,124.76,124.99,4455380,-0.009273937856689951
20080805,126.01,128.56,124.97,128.36,5690310,0.026962156972557993
20080806,128.01,129.3,127.48,128.93,4828050,0.004440635712059882
20080807,127.96,129.05,126.54,127.01,5458250,-0.014891801752889178
20080808,126.59,129.93,126.38,129.37,5959967,0.01858121407763158
20080811,129.45,131.51,129.23,130.71,5702595,0.010357888227564338
20080812,130.28,130.7,128.73,129.35,5001587,-0.010404712722821619
20080813,128.79,129.65,127.67,128.57,6092150,-0.0060301507537688925
20080814,127.84,130.28,127.75,129.54,5157575,0.007544528272536377
20080815,129.91,130.5,129.3,130.17,4167852,0.004863362667901772
20080818,130.44,130.48,127.66,128.39,3995877,-0.013674425750941133
20080819,127.43,128.12,126.53,126.99,4138945,-0.010904276033958937
20080820,127.39,127.95,126.34,127.58,5208077,0.004646035120875691
20080821,126.74,128.44,126.6,127.8,4178720,0.0017244082144536321
20080822,128.69,129.65,127.8,129.65,3583007,0.014475743348982828
20080825,128.78,129.65,126.75,127.02,3912882,-0.020285383725414663
20080826,127.01,127.87,126.58,127.39,3770215,0.002912927098094764
20080827,127.55,128.83,127.3,128.63,3859070,0.009733888060287299
20080828,129.2,130.41,128.63,130.19,3635332,0.012127808442820465
20080829,129.68,130.14,128.51,128.79,4193117,-0.010753514094784644
20080902,130.06,130.71,127.52,127.99,5661612,-0.006211662396148787
20080903,127.89,128.5,126.93,127.88,6001585,-0.0008594421439175326
20080904,126.97,127.23,123.96,124.03,7662882,-0.030106349702846424
20080905,123.3,124.95,122.0,124.42,6277312,0.003144400548254378
20080908,128.05,128.24,124.42,126.99,8231572,0.02065584311203983
20080909,127.1,127.36,122.8,123.22,8553155,-0.029687376958815626
20080910,123.89,124.9,122.55,123.72,6552715,0.004057782827463052
20080911,122.12,125.74,121.6,125.51,8344945,0.014468153895893954
20080912,124.29,126.21,123.83,126.09,6615807,0.004621145725440146
20080915,121.84,125.65,119.83,120.09,9745362,-0.04758505829169646
20080916,117.2,122.4,117.0,122.1,11674505,0.016737446914813825
20080917,119.59,120.38,116.0,116.61,12851392,-0.04496314496314491
20080918,118.06,121.79,113.8,120.07,16631872,0.029671554755166696
20080919,126.92,128.0,116.52,124.12,8715690,0.03373032397767983
20080922,124.45,124.75,120.36,121.31,5368532,-0.02263938124395748
20080923,120.86,122.02,118.28,118.55,7216397,-0.022751628060341367
20080924,119.19,120.0,117.79,118.93,6317560,0.0032053985660058792
20080925,119.56,121.91,118.44,120.79,6394807,0.015639451778356905
20080926,118.82,121.5,118.51,120.85,6143940,0.0004967298617433169
20080929,119.18,121.18,110.97,111.38,9993140,-0.07836160529582126
20080930,113.51,116.8,112.71,115.99,6525657,0.041389836595439045
20081001,115.19,116.69,113.95,116.06,7374745,0.0006035003017501595
20081002,114.95,116.03,111.06,111.85,8048707,-0.03627434085817682
20081003,112.84,115.45,109.68,110.34,9953177,-0.013500223513634224
20081006,107.12,107.62,100.64,104.72,13163242,-0.05093347833967743
20081007,106.82,107.33,99.65,100.03,11789265,-0.044786096256684504
20081008,97.59,102.18,96.81,97.51,15058577,-0.02519244226731976
20081009,99.66,100.62,90.25,90.7,11986145,-0.06983899087273104
20081010,86.8,93.94,83.58,88.5,19299085,-0.024255788313120252
20081013,93.87,101.35,89.95,101.35,10134005,0.14519774011299424
20081014,104.71,105.53,97.11,99.85,11835022,-0.014800197335964493
20081015,97.47,97.8,89.68,90.02,10986232,-0.09844767150726086
20081016,91.29,94.77,86.54,93.77,15672777,0.04165740946456342
20081017,92.0,98.59,91.65,93.21,10491810,-0.00597205929401734
20081020,95.35,99.11,94.0,98.81,7258997,0.06007939062332368
20081021,96.96,98.64,93.51,95.86,8002512,-0.029855277805890146
20081022,93.2,95.56,87.53,90.64,10694385,-0.05445441268516582
20081023,90.28,92.45,85.81,91.69,14160617,0.011584289496910927
20081024,84.0,89.92,83.81,87.04,12665817,-0.05071436361653392
20081027,85.96,89.51,83.69,83.95,8896890,-0.03550091911764708
20081028,87.34,94.24,84.53,93.76,12583170,0.11685527099463977
20081029,93.77,97.17,92.1,93.08,12186955,-0.007252559726962482
20081030,95.77,96.55,92.9,96.3,9305495,0.03459389772238941
20081031,95.05,98.57,94.48,96.83,9030267,0.005503634475597208
20081103,96.75,97.69,95.95,97.11,4421630,0.002891665806051824
20081104,99.02,100.86,96.71,100.41,7733100,0.03398208217485332
20081105,99.1,100.71,95.0,96.19,8776735,-0.042027686485409776
20081106,94.44,96.19,90.06,90.86,10919677,-0.055411165401808904
20081107,91.6,94.03,90.86,93.86,8258840,0.03301782962799904
20081110,95.21,95.53,90.92,92.63,6570165,-0.013104623907948088
20081111,90.76,92.04,88.65,89.77,9597517,-0.030875526287379884
20081112,88.23,90.15,85.12,85.82,9647917,-0.04400133674947093
20081113,86.14,91.73,82.09,91.17,17046917,0.06233978093684467
20081114,89.4,92.06,86.48,86.62,12301050,-0.04990676757705381
20081117,86.38,88.56,85.16,85.47,9415460,-0.013276379589009513
20081118,85.14,87.25,82.91,87.08,11978992,0.018837018837018826
20081119,85.92,86.87,80.92,81.5,12484100,-0.06407900780891129
20081120,80.13,82.51,75.04,75.45,18555282,-0.07423312883435584
20081121,77.46,80.9,74.34,79.52,16093412,0.053943008614976806
20081124,81.89,86.99,81.17,85.03,11611200,0.06929074446680095
20081125,87.3,87.51,83.82,85.66,10021580,0.007409149711866236
20081126,84.3,89.2,84.24,88.97,8034797,0.03864113938827929
20081128,88.62,90.21,88.48,90.09,2579372,0.01258851298190411
20081201,87.51,90.03,81.82,82.11,8248347,-0.08857808857808858
20081202,83.45,85.5,82.23,85.27,10596790,0.038484959201071645
20081203,83.39,87.83,83.14,87.32,11394165,0.024041280637973506
20081204,86.06,88.05,83.74,85.3,9641940,-0.023133302794319688
20081205,83.63,88.42,82.24,87.93,10337930,0.030832356389214555
20081208,90.34,92.38,89.8,91.0,9427960,0.034914136244740046
20081209,90.37,92.13,88.98,89.5,8253997,-0.016483516483516536
20081210,90.3,91.36,89.0,90.11,8095490,0.006815642458100513
20081211,89.56,91.0,87.37,87.94,8078892,-0.024081677949173264
20081212,85.51,89.2,85.2,88.99,8864025,0.011939959062997385
20081215,89.03,89.15,86.29,87.75,5842450,-0.013934149904483606
20081216,88.34,92.03,88.18,91.88,8130550,0.04706552706552691
20081217,90.84,92.43,90.06,90.99,5941717,-0.009686547670875068
20081218,91.4,91.67,88.21,89.29,7655585,-0.018683371799098625
20081219,89.11,90.62,87.8,88.19,6533862,-0.012319408668383991
20081222,88.5,88.67,85.49,87.06,5438650,-0.0128132441319877
20081223,87.53,87.93,85.75,86.16,4760935,-0.010337698139214369
20081224,86.15,86.87,85.84,86.66,1373822,0.005803156917363106
20081226,87.22,87.3,86.5,87.16,1788585,0.005769674590353047
20081229,87.24,87.38,85.6,86.91,2827212,-0.0028682882055989234
20081230,87.48,89.12,87.09,88.97,3737442,0.023702680934299947
20081231,89.08,90.97,88.87,90.24,4325775,0.014274474541980497
20090102,90.46,93.44,89.85,92.96,5126057,0.03014184397163122
20090105,92.62,94.55,91.89,92.85,5375282,-0.0011833046471600994
20090106,93.63,94.45,92.68,93.47,7429620,0.006677436725902153
20090107,92.0,93.49,90.2,90.67,6112885,-0.02995613565849997
20090108,90.16,91.09,89.67,91.04,5809365,0.004080732326017467
20090109,91.17,91.32,88.67,89.09,7146987,-0.021419156414762774
20090112,88.82,88.91,86.41,86.95,6280785,-0.024020653271972114
20090113,86.73,87.88,86.2,87.11,7998575,0.001840138010350767
20090114,85.55,85.75,83.16,84.37,9110082,-0.03145448283779129
20090115,84.11,85.25,81.72,84.4,11504062,0.00035557662676310997
20090116,85.87,85.96,83.05,85.06,9240017,0.00781990521327014
20090120,84.24,85.06,80.05,80.57,8995885,-0.052786268516341495
20090121,81.94,84.24,80.47,84.05,8264957,0.043192255181829564
20090122,82.41,84.04,81.17,82.75,9571692,-0.015466983938132062
20090123,80.9,83.99,80.57,83.11,8798785,0.004350453172205393
20090126,83.6,85.36,82.81,83.68,7404657,0.00685838045963183
20090127,84.13,85.15,83.3,84.59,6183217,0.010874760994263877
20090128,86.4,87.95,86.07,87.38,7370310,0.03298262205934499
20090129,86.12,86.36,84.46,84.57,6470295,-0.032158388647287706
20090130,84.98,85.4,82.21,82.69,8058755,-0.022230105238264075
20090202,81.56,83.18,81.31,82.52,6459322,-0.002055871326641645
20090203,83.11,84.36,82.22,83.72,6427832,0.014541929229277883
20090204,84.3,85.37,83.04,83.33,7280152,-0.004658385093167738
20090205,82.7,85.29,82.12,84.57,9112895,0.014880595223808912
20090206,84.86,87.34,84.68,86.98,8204177,0.028497102991604795
20090209,86.96,87.74,86.32,87.13,5486035,0.0017245343757184006
20090210,86.27,87.03,82.45,82.92,11106305,-0.048318604384253394
20090211,83.44,84.05,82.4,83.63,7375075,0.008562469850458276
20090212,82.17,84.1,81.05,83.61,10484130,-0.00023914863087404203
20090213,83.55,84.24,82.35,82.74,6702850,-0.010405453893075012
20090217,80.16,82.96,79.04,79.19,10590842,-0.04290548706792363
20090218,79.8,79.94,78.17,78.97,8410277,-0.0027781285515847687
20090219,79.84,80.15,77.96,78.28,7131262,-0.00873749525136125
20090220,76.72,78.34,75.77,77.38,11005017,-0.011497189575881528
20090223,78.25,78.27,74.47,74.65,8844795,-0.035280434220728796
20090224,75.29,77.95,74.7,77.47,9816537,0.037776289350301306
20090225,77.14,78.42,75.63,76.83,10406942,-0.00826126242416425
20090226,77.83,79.67,75.53,75.54,7995430,-0.016790316282702
20090227,74.01,75.58,73.74,73.93,10047710,-0.021313211543553034
20090302,72.51,72.92,70.37,70.58,9209250,-0.04531313404571902
20090303,71.6,71.7,69.43,70.07,10328547,-0.007225843015018496
20090304,71.24,72.87,70.07,71.67,10076882,0.022834308548594473
20090305,70.1,70.87,68.17,68.79,10139815,-0.040184177480117156
20090306,69.39,70.45,67.1,68.84,10542160,0.000726849832824561
20090309,67.95,70.0,67.73,68.11,7762342,-0.010604299825682784
20090310,69.53,72.67,69.37,72.16,9192642,0.05946263397445306
20090311,73.02,73.75,71.83,72.61,8110987,0.006236141906873716
20090312,72.62,75.75,71.97,75.53,8388367,0.04021484643988438
20090313,76.0,76.39,74.73,76.15,7534372,0.008208658811068581
20090316,76.95,77.97,75.81,75.96,7330847,-0.0024950755088641863
20090317,76.06,78.53,75.45,78.24,8084952,0.03001579778830976
20090318,77.8,80.9,77.07,79.89,10414107,0.021088957055214852
20090319,80.93,81.0,78.69,78.84,8590152,-0.013143071723619948
20090320,78.76,78.86,76.53,76.65,7950707,-0.02777777777777779
20090323,78.73,82.27,78.4,82.22,8703737,0.0726679712981082
20090324,81.25,82.36,80.51,80.6,7457807,-0.019703235222573667
20090325,81.22,82.7,79.06,81.32,9969095,0.008933002481389618
20090326,82.25,83.3,81.48,83.11,9067337,0.022011805213969504
20090327,82.04,82.53,81.31,81.61,7239087,-0.018048369630610073
20090330,79.79,79.88,77.96,78.76,7426585,-0.03492219090797688
20090331,79.56,81.08,79.05,79.44,8207922,0.008633824276282231
20090401,78.53,81.42,78.33,81.0,8015750,0.01963746223564966
20090402,83.08,84.61,82.73,83.39,9494382,0.029506172839506073
20090403,83.49,84.62,82.67,84.27,6400760,0.010552824079625767
20090406,83.33,84.27,82.29,83.48,5804415,-0.009374629168149906
20090407,82.25,82.65,81.51,81.61,5914222,-0.02240057498802117
20090408,82.06,82.94,81.54,82.49,5073297,0.010782992280357728
20090409,84.67,85.82,84.33,85.82,5815497,0.04036852951872949
20090413,84.91,86.54,84.58,85.83,4662415,0.00011652295502218024
20090414,85.02,85.76,84.08,84.38,5952392,-0.016893859955726453
20090415,83.83,85.42,83.61,85.31,5393295,0.011021569092201977
20090416,85.92,87.15,84.77,86.62,6150590,0.015355761340991814
20090417,86.83,87.65,86.14,87.14,5317187,0.006003232509812939
20090420,85.55,85.66,83.34,83.41,5572852,-0.0428046821207253
20090421,82.83,85.31,82.75,85.08,6535507,0.02002158014626554
20090422,84.3,86.34,84.07,84.57,7431605,-0.005994358251057874
20090423,84.72,85.42,83.63,85.37,6478002,0.009459619250325346
20090424,86.02,87.31,85.69,86.68,6198742,0.015344968958650673
20090427,85.69,87.01,85.54,85.84,6340222,-0.009690816797415791
20090428,84.97,86.59,84.76,85.56,5633990,-0.0032618825722273703
20090429,86.53,88.36,86.3,87.36,6390380,0.02103786816269282
20090430,88.55,89.02,86.92,87.55,6594342,0.002174908424908306
20090501,87.44,88.21,86.72,87.84,4791495,0.0033123929183325185
20090504,88.55,90.93,88.38,90.92,6128530,0.03506375227686709
20090505,90.56,90.93,89.84,90.56,5388080,-0.003959524857017116
20090506,91.69,92.2,90.61,92.11,6397622,0.01711572438162534
20090507,93.01,93.15,90.28,90.9,6837277,-0.013136467267397589
20090508,92.02,93.22,91.44,92.99,6375570,0.022992299229922963
20090511,91.69,92.11,91.04,91.14,5337647,-0.01989461232390577
20090512,91.63,91.83,89.85,91.01,6479005,-0.00142637700241377
20090513,89.72,90.01,88.5,88.8,5944445,-0.02428304581914087
20090514,88.77,90.12,88.5,89.45,5322117,0.007319819819819884
20090515,89.37,90.0,88.15,88.73,5200095,-0.008049189491335929
20090518,89.56,91.34,89.37,91.24,4649380,0.028288064916037303
20090519,91.18,91.97,90.81,91.12,4574310,-0.0013152126260410624
20090520,91.95,92.8,90.41,90.51,6297365,-0.006694468832309064
20090521,89.44,89.8,88.26,89.24,5711745,-0.014031598718373783
20090522,89.45,90.0,88.68,89.04,3698880,-0.0022411474675032572
20090526,88.36,91.56,88.32,91.3,5414597,0.025381850853548826
20090527,91.43,91.75,89.53,89.71,5387922,-0.017415115005476434
20090528,90.45,91.34,89.1,90.93,6370345,0.01359937576635839
20090529,91.43,92.69,90.68,92.41,5067020,0.016276256461013938
20090601,93.65,95.17,93.43,94.78,5777727,0.02564657504599066
20090602,94.4,95.37,87.53,94.88,5145842,0.001055074910318643
20090603,94.05,94.13,92.76,93.64,5098887,-0.013069139966273124
20090604,93.98,94.67,93.3,94.6,4641820,0.010252029047415512
20090605,95.5,95.67,93.8,94.53,5861990,-0.0007399577167018778
20090608,93.85,95.1,93.04,94.3,4921140,-0.0024330900243308973
20090609,94.69,95.14,94.02,94.62,4764360,0.0033934252386003116
20090610,95.48,95.49,93.19,94.34,6217585,-0.002959205242020757
20090611,94.59,96.11,94.56,94.85,5612247,0.005405978376086473
20090612,94.4,95.13,94.0,95.09,3932670,0.002530311017395981
20090615,93.96,94.02,92.42,92.88,4632592,-0.023241139972657532
20090616,93.22,93.29,91.58,91.64,5005765,-0.013350559862187694
20090617,91.59,92.33,90.83,91.52,4913967,-0.0013094718463553257
20090618,91.68,92.67,91.25,92.08,4229830,0.006118881118881037
20090619,92.57,92.7,91.52,92.04,4089825,-0.0004344048653344146
20090622,91.12,91.19,89.26,89.27,4848837,-0.030095610604085277
20090623,89.5,89.88,88.85,89.36,4267677,0.0010081774392294296
20090624,90.15,91.08,89.6,90.15,4629327,0.00884064458370637
20090625,89.67,92.17,89.57,92.0,5605517,0.020521353300055445
20090626,91.76,92.24,91.27,91.89,3453657,-0.0011956521739130421
20090629,92.11,92.82,91.6,92.68,3284032,0.008597235825443583
20090630,92.72,93.06,91.27,91.92,5109697,-0.008200258955545991
20090701,92.34,93.23,92.21,92.34,3550717,0.004569190600522299
20090702,91.13,91.16,89.76,89.85,3647942,-0.02696556205328149
20090706,88.94,89.93,88.66,89.8,3756105,-0.0005564830272676291
20090707,89.72,89.82,88.0,88.11,4431400,-0.018819599109131335
20090708,88.6,88.8,87.0,88.0,5286690,-0.0012484394506866447
20090709,88.61,88.9,87.91,88.2,3457885,0.002272727272727204
20090710,87.7,88.49,87.35,87.95,3664825,-0.0028344671201814275
20090713,88.3,90.17,87.59,90.13,4580540,0.024786810687890792
20090714,90.38,90.79,89.73,90.63,3937055,0.005547542438699704
20090715,91.81,93.51,91.68,93.25,4436902,0.028908749862076588
20090716,93.0,94.51,92.82,94.15,4361295,0.00965147453083115
20090717,94.06,94.32,93.54,94.17,2894625,0.00021242697822621004
20090720,94.68,95.29,94.19,95.07,3375380,0.009557183816502057
20090721,95.87,95.9,94.42,95.57,4731237,0.005259282633848672
20090722,94.96,96.13,94.89,95.55,4231025,-0.00020927069163956258
20090723,95.61,98.08,95.53,97.7,5331272,0.02250130821559404
20090724,97.19,98.14,96.69,98.06,3328500,0.0036847492323439646
20090727,97.68,98.38,97.53,98.35,1850347,0.002957373036916122
20090728,97.66,98.37,97.06,98.11,4210147,-0.002440264361972533
20090729,97.45,97.93,96.98,97.68,4021807,-0.004382835592702028
20090730,98.83,99.83,98.6,98.7,4566317,0.010442260442260487
20090731,98.65,99.47,98.38,98.81,4189005,0.0011144883485310064
20090803,99.85,100.53,99.31,100.45,3692120,0.016597510373443924
20090804,99.99,100.93,99.78,100.68,3824375,0.002289696366351457
20090805,100.78,100.86,99.58,100.37,4034115,-0.0030790623758443214
20090806,100.87,101.02,99.42,99.89,4111722,-0.004782305469761883
20090807,100.92,102.03,100.39,101.2,4394520,0.013114425868455237
20090810,100.77,101.22,100.27,100.98,2785342,-0.0021739130434782483
20090811,100.54,100.61,99.46,99.66,3504835,-0.013071895424836666
20090812,99.54,101.56,99.53,100.77,4690450,0.01113786875376288
20090813,101.26,101.61,100.26,101.57,3721735,0.007938870695643585
20090814,101.52,101.6,99.7,100.73,4070112,-0.008270158511371362
20090817,98.86,98.95,98.11,98.27,4676967,-0.02442172143353527
20090818,98.55,99.44,98.35,99.16,3900252,0.009056680573928944
20090819,98.31,100.3,98.25,100.01,4136490,0.008572004840661673
20090820,100.09,101.22,99.87,101.01,3625822,0.009999000099990107
20090821,101.82,103.13,101.62,102.97,4539692,0.019404019404019257
20090824,103.4,103.95,102.59,102.96,3954722,-9.711566475678612e-05
20090825,103.37,104.26,102.94,103.14,4626102,0.0017482517482518833
20090826,102.84,103.64,102.49,103.17,4047320,0.0002908667830134881
20090827,103.12,103.72,101.94,103.43,4166022,0.0025201124357856486
20090828,104.23,104.35,102.67,103.33,3169220,-0.0009668374746205632
20090831,102.37,102.58,101.79,102.55,3571815,-0.007548630600987094
20090901,101.96,103.24,99.99,100.2,7254902,-0.022915650901998985
20090902,99.78,100.44,99.57,99.8,3615312,-0.003992015968063978
20090903,100.41,100.77,99.59,100.65,2865470,0.00851703406813642
20090904,100.85,102.09,100.55,102.08,2783780,0.014207650273224015
20090908,103.0,103.05,102.39,102.89,2980117,0.007934952978056353
20090909,103.11,104.08,102.8,103.76,3448707,0.00845563222859358
20090910,103.81,104.86,103.22,104.82,3471210,0.01021588280647645
20090911,104.99,105.3,104.28,104.79,3254510,-0.00028620492272457554
20090914,103.88,105.46,103.15,105.34,3047412,0.005248592422941067
20090915,105.45,106.11,104.76,105.74,4243340,0.0037972280235427647
20090916,106.1,107.34,105.73,107.33,4375975,0.015036882920370864
20090917,107.17,108.06,106.57,107.16,4426310,-0.0015839001211217507
20090918,107.15,107.16,106.36,106.72,3231635,-0.004106009705113878
20090921,105.89,107.0,105.66,106.44,2860202,-0.002623688155922066
20090922,107.08,107.37,106.6,107.08,3124242,0.00601277715144688
20090923,107.33,108.03,105.99,106.14,4969695,-0.008778483376914448
20090924,106.42,106.64,104.55,104.95,4718457,-0.011211607311098493
20090925,104.78,105.36,104.09,104.45,4164117,-0.004764173415912287
20090928,104.85,106.55,104.83,106.32,2604962,0.0179033030157969
20090929,106.5,107.02,105.78,106.03,3124575,-0.0027276147479307067
20090930,106.36,106.46,104.62,105.56,5077965,-0.00443270772422899
20091001,105.34,105.38,102.95,103.05,5404920,-0.02377794619173934
20091002,102.02,103.1,101.99,102.54,4501847,-0.0049490538573506715
20091005,102.9,104.32,102.6,104.01,3320257,0.014335868929198359
20091006,104.76,106.11,104.71,105.55,4764185,0.014806268628016372
20091007,105.27,105.91,105.07,105.77,3500260,0.002084320227380365
20091008,106.55,107.17,106.15,106.64,3889752,0.00822539472440198
20091009,106.64,107.26,106.36,107.25,2808197,0.005720180045011292
20091012,107.76,108.09,107.28,107.76,2595607,0.004755244755244803
20091013,107.39,107.65,106.76,107.5,3486440,-0.0024127691165553022
20091014,108.72,109.42,108.26,109.31,3941485,0.016837209302325684
20091015,108.79,109.7,108.73,109.65,3312587,0.0031104199066873672
20091016,108.8,109.27,108.23,108.86,3929610,-0.007204742362061145
20091019,109.06,110.13,108.73,109.86,3127535,0.009186110600771569
20091020,109.95,109.99,108.68,109.2,4144705,-0.006007646095030017
20091021,109.04,110.31,108.15,108.15,4930007,-0.009615384615384581
20091022,108.19,109.68,107.5,109.34,4865470,0.011003236245954673
20091023,109.68,109.76,107.63,108.08,5107222,-0.011523687580025643
20091026,108.19,109.31,106.61,106.83,5400192,-0.011565507031828237
20091027,107.03,107.39,106.16,106.4,5577675,-0.00402508658616485
20091028,106.14,106.48,104.35,104.38,5481095,-0.018984962406015105
20091029,105.18,106.86,104.94,106.65,4114900,0.02174746119946369
20091030,106.3,106.62,103.44,103.56,7246522,-0.02897327707454289
20091102,104.13,105.41,103.08,104.36,5876237,0.0077249903437619505
20091103,103.74,104.82,103.54,104.65,5008492,0.002778842468378784
20091104,105.5,106.33,104.65,104.91,5392892,0.002484472049689268
20091105,105.65,106.88,105.44,106.86,3774677,0.018587360594795488
20091106,106.26,107.4,106.05,107.16,3577765,0.0028074115665355226
20091109,107.95,109.63,107.87,109.63,3305585,0.023049645390070816
20091110,109.32,110.14,108.97,109.57,3695810,-0.0005472954483262127
20091111,110.31,110.82,109.62,110.15,3881890,0.005293419731678517
20091112,110.0,110.57,108.75,108.99,3467060,-0.010531093962778182
20091113,109.32,110.09,108.75,109.61,3216235,0.005688595283971143
20091116,110.38,111.69,110.32,111.22,4217957,0.014688440835690209
20091117,110.92,111.55,110.5,111.32,3242782,0.0008991188635136815
20091118,111.26,111.43,110.57,111.27,3088565,-0.00044915558749547557
20091119,110.51,111.31,109.13,109.77,4212942,-0.013480722566729608
20091120,109.25,109.76,109.01,109.43,2803085,-0.003097385442288325
20091123,110.71,111.74,110.6,110.92,3123537,0.01361601023485326
20091124,111.01,111.2,110.01,110.99,3098647,0.0006310854670030785
20091125,111.17,111.5,110.82,111.37,2097587,0.003423731867735924
20091127,108.4,110.32,108.29,109.5,2587252,-0.016790877255993597
20091130,109.49,110.15,109.02,109.88,3347650,0.003470319634703234
20091201,110.93,111.66,110.73,111.25,3582035,0.012468147069530477
20091202,111.29,112.01,110.92,111.32,2760452,0.0006292134831460405
20091203,111.54,112.18,110.29,110.38,3585330,-0.00844412504491554
20091204,111.84,112.38,110.04,111.01,5641020,0.00570755571661552
20091207,110.95,111.53,110.49,110.8,2781830,-0.0018917214665346016
20091208,110.07,110.77,109.27,109.61,3591267,-0.010740072202165996
20091209,109.58,110.18,109.02,109.97,3141240,0.003284371863881086
20091210,110.7,111.12,110.45,110.65,2629435,0.006183504592161659
20091211,111.11,111.36,110.61,111.18,2521752,0.004789877993673697
20091214,111.87,112.0,111.37,111.9,2115380,0.0064759848893685135
20091215,111.46,111.92,111.0,111.3,2658087,-0.005361930294906281
20091216,111.8,112.13,111.27,111.49,2688435,0.00170709793351298
20091217,110.71,110.93,110.08,110.13,3566492,-0.012198403444255046
20091218,110.2,110.3,109.28,110.19,3346922,0.0005448106782892648
20091221,110.76,111.7,110.76,111.33,2333935,0.010345766403484946
20091222,111.56,111.97,111.43,111.74,2068392,0.0036827449923650946
20091223,112.0,112.11,111.5,111.97,2003977,0.0020583497404689233
20091224,112.19,112.6,111.99,112.6,639542,0.005626507100116029
20091228,112.9,112.99,112.32,112.67,1284102,0.000621669626998278
20091229,113.01,113.03,112.33,112.62,1652797,-0.0004437738528445534
20091230,112.23,112.65,112.17,112.45,1466085,-0.0015095009767359668
20091231,112.77,112.8,111.43,111.44,1607405,-0.00898176967541131
20100104,112.37,113.39,112.33,113.33,2335742,0.016959798994974795
20100105,113.26,113.72,112.85,113.65,2565160,0.00282361245919005
20100106,113.51,113.99,113.43,113.73,2359002,0.0007039155301362676
20100107,113.51,114.33,113.18,114.21,2635982,0.004220522289633211
20100108,113.88,114.62,113.66,114.62,2359835,0.0035898782943701857
20100111,115.07,115.13,114.24,114.74,2209700,0.00104693770720643
20100112,113.96,114.76,113.22,113.67,3688070,-0.009325431410144636
20100113,113.95,114.94,113.37,114.64,3537577,0.008533474091668936
20100114,114.49,115.14,114.42,114.94,2459840,0.002616887648290378
20100115,114.73,114.84,113.2,113.67,4198702,-0.01104924308334776
20100119,113.59,115.14,113.58,115.12,3127240,0.01275622415764932
20100120,114.28,114.45,112.98,113.86,4438795,-0.01094510076441979
20100121,113.92,114.27,111.56,111.65,7207087,-0.01940980151062699
20100122,111.21,111.62,109.09,109.21,7052002,-0.02185400806090476
20100125,110.2,110.41,109.41,109.78,3881152,0.005219302261697756
20100126,109.34,110.47,109.02,109.29,4820672,-0.004463472399344082
20100127,109.17,110.08,108.33,109.81,5763365,0.004757983347058348
20100128,110.19,110.25,107.91,108.54,6615310,-0.011565431199344278
20100129,109.05,109.8,107.22,107.37,6592127,-0.010779436152570487
20100201,108.15,109.07,108.08,109.06,3923830,0.015739964608363577
20100202,109.25,110.59,108.88,110.41,4839410,0.012378507243719028
20100203,109.87,110.42,109.51,109.82,3551510,-0.005343718866044789
20100204,108.97,109.03,106.42,106.49,7204382,-0.030322345656528804
20100205,106.56,106.88,104.58,106.66,9647035,0.00159639402760825
20100208,106.74,107.33,105.81,105.87,4496457,-0.007406712919557412
20100209,107.13,108.15,105.87,107.2,7849885,0.01256257674506478
20100210,107.06,107.6,106.11,107.01,5097797,-0.0017723880597014796
20100211,106.86,108.25,106.25,108.13,4487815,0.010466311559667263
20100212,106.99,108.07,106.51,108.04,6105660,-0.0008323314528806414
20100216,108.86,109.95,107.82,109.75,3642975,0.015827471306923302
20100217,110.28,110.41,109.74,110.26,3659107,0.004646924829157184
20100218,110.08,111.14,110.04,110.91,3761782,0.005895156901868148
20100219,110.62,111.57,110.36,111.18,4243047,0.002434406275358514
20100222,111.55,111.58,110.83,111.15,2830102,-0.0002698327037237158
20100223,110.86,111.2,109.52,109.81,4622712,-0.012055780476833089
20100224,110.14,111.0,109.86,110.84,3899217,0.00937983790183039
20100225,109.24,110.75,108.94,110.67,5527215,-0.0015337423312883347
20100226,110.77,111.12,110.11,110.76,3725630,0.0008132285172133269
20100301,111.19,112.0,111.17,111.86,3267915,0.009931383170819652
20100302,112.37,112.74,112.0,112.19,3718597,0.0029501162166993833
20100303,112.49,112.97,112.02,112.3,3219425,0.0009804795436312297
20100304,112.45,112.8,112.03,112.66,2891520,0.0032056990204809566
20100305,113.38,114.34,113.1,114.23,3820992,0.013935735842357522
20100308,114.26,114.52,114.07,114.29,2556445,0.0005252560623303371
20100309,113.91,114.99,113.87,114.46,3580250,0.0014874442208416827
20100310,114.51,115.28,114.41,114.99,3944682,0.004630438581163743
20100311,114.7,115.48,114.35,115.45,3088470,0.004000347856335296
20100312,115.94,115.97,115.14,115.46,3417610,8.661758336936387e-05
20100315,115.25,115.57,114.6,115.5,3149392,0.00034644032565389615
20100316,115.81,116.52,115.49,116.41,3920217,0.007878787878787818
20100317,116.76,117.48,116.71,117.13,3668775,0.006185035649858284
20100318,117.1,117.27,116.57,117.03,3841897,-0.0008537522410996257
20100319,116.94,116.97,115.52,115.93,4667040,-0.00939929932495931
20100322,115.31,116.8,115.24,116.59,4087825,0.005693090658155819
20100323,116.75,117.51,116.38,117.4,4280380,0.006947422591988994
20100324,116.96,117.32,115.58,116.85,3814197,-0.004684838160136429
20100325,117.64,118.17,116.51,116.62,4902672,-0.0019683354728283753
20100326,116.86,117.42,116.12,116.66,4334665,0.00034299434059326117
20100329,117.16,117.53,116.69,117.32,2615565,0.005657466140922329
20100330,117.46,117.83,116.91,117.4,3368957,0.0006818956699625733
20100331,116.95,117.52,116.61,116.99,3467080,-0.0034923339011926346
20100401,117.8,118.25,117.1,117.82,3211035,0.007094623472091666
20100405,118.25,118.84,117.92,118.76,2228270,0.007978271940247916
20100406,118.43,119.25,118.29,119.04,2568297,0.0023576961940048324
20100407,118.79,119.36,117.81,118.36,3978630,-0.005712365591397872
20100408,117.94,118.97,117.6,118.78,3245285,0.003548496113551902
20100409,119.03,119.6,118.8,119.55,2802762,0.006482572823707677
20100412,119.69,120.05,119.56,119.74,2311550,0.0015892931827687917
20100413,119.61,120.25,119.0,119.87,2967262,0.0010856856522465375
20100414,120.29,121.19,120.08,121.19,3258310,0.011011929590389435
20100415,120.99,121.57,120.95,121.32,3104550,0.0010726957669773274
20100416,120.86,121.08,118.75,119.4,8210925,-0.015825914935707064
20100419,119.01,119.93,118.47,119.81,4785250,0.0034338358458960716
20100420,120.56,121.31,119.87,120.88,3587855,0.008930807111259487
20100421,120.95,121.23,119.99,120.66,4335425,-0.0018199867637326284
20100422,119.82,121.17,119.12,121.02,5213300,0.002983590253605062
20100423,120.94,121.86,120.63,121.79,3832275,0.006362584696744333
20100426,121.85,122.12,121.23,121.35,3167597,-0.00361277608999111
20100427,120.65,121.33,118.25,118.43,8174302,-0.024062628759785598
20100428,119.05,119.68,118.27,119.35,6336162,0.007768301950519252
20100429,120.1,121.11,120.07,120.85,4220495,0.012568077084206042
20100430,120.88,121.01,118.78,118.86,6003370,-0.016466694249069103
20100503,119.39,120.68,119.2,120.36,4067290,0.012619888944977342
20100504,119.02,120.39,116.92,117.58,8090532,-0.02309737454303762
20100505,116.55,117.8,115.97,116.82,6794520,-0.006463684300051065
20100506,116.26,117.0,105.0,112.74,13847710,-0.03492552645095015
20100507,112.64,113.77,109.41,111.0,13887567,-0.01543374135178277
20100510,115.81,116.65,114.91,116.17,8180927,0.046576576576576656
20100511,115.07,117.36,114.76,115.83,6877760,-0.0029267452870792576
20100512,116.29,117.62,116.09,117.47,4911345,0.014158680825347547
20100513,117.13,117.68,115.89,116.02,5075972,-0.012343577083510748
20100514,115.12,115.33,112.87,113.92,7502007,-0.018100327529736226
20100517,114.19,114.52,111.77,113.91,7033197,-8.77808988763995e-05
20100518,114.88,115.22,111.31,112.43,8122587,-0.012992713545781687
20100519,111.77,112.77,110.36,111.74,8754872,-0.006137152005692537
20100520,109.38,109.89,107.48,107.55,11159762,-0.03749776266332561
20100521,105.91,109.38,105.64,109.03,10680755,0.013761041376104233
20100524,108.52,109.39,107.61,107.7,5578750,-0.012198477483261527
20100525,105.11,108.95,104.38,107.8,8782527,0.0009285051067779992
20100526,108.5,109.47,106.85,107.17,7507257,-0.005844155844155763
20100527,109.19,110.8,108.78,110.79,6088897,0.0337781095455818
20100528,110.65,110.68,108.85,109.44,6289182,-0.012185215272136563
20100601,108.35,109.95,107.16,107.52,6298817,-0.01754385964912286
20100602,108.08,110.34,107.61,110.28,4915980,0.025669642857143016
20100603,110.65,111.06,109.58,110.7,5006900,0.003808487486398171
20100604,108.61,109.33,106.46,106.94,7466342,-0.033965672990063256
20100607,107.21,107.61,105.41,105.49,5506240,-0.013559005049560535
20100608,105.57,106.83,104.65,106.57,8202572,0.010237937245236584
20100609,107.24,108.28,105.6,105.99,5635885,-0.005442432204185055
20100610,107.86,109.28,107.69,109.19,6060120,0.030191527502594573
20100611,108.2,109.75,108.12,109.68,4352697,0.004487590438684963
20100614,110.52,111.12,109.4,109.57,4577137,-0.0010029175784100897
20100615,110.28,112.1,110.09,111.95,4900170,0.021721274071369923
20100616,111.42,112.42,111.2,111.96,4368882,8.932559178198574e-05
20100617,112.28,112.33,111.05,112.14,5226532,0.001607717041800738
20100618,111.83,112.13,111.37,111.66,3584942,-0.004280363830925671
20100621,113.11,113.2,110.79,111.41,4599735,-0.0022389396381873317
20100622,111.41,111.9,109.41,109.57,5430122,-0.01651557310833862
20100623,109.64,110.03,108.48,109.26,5765047,-0.0028292415807245064
20100624,108.69,108.83,107.14,107.47,5794122,-0.016382939776679484
20100625,107.74,108.42,106.77,107.95,4896220,0.004466362705871418
20100628,108.04,108.32,107.14,107.49,3580070,-0.004261232051875896
20100629,106.02,107.51,103.55,104.2,8297155,-0.030607498371941544
20100630,103.92,104.88,102.88,103.22,5628512,-0.009404990403071078
20100701,103.15,103.49,101.13,102.81,8044642,-0.003972098430536697
20100702,103.11,103.42,101.62,102.2,4143502,-0.005933274973251579
20100706,103.64,106.2,101.88,102.86,5670490,0.0064579256360077775
20100707,103.13,106.24,103.02,106.15,5409917,0.031985222632704646
20100708,106.99,107.28,105.91,107.17,4586960,0.009609043805934858
20100709,107.13,107.97,106.93,107.93,3108590,0.007091536810674759
20100712,107.61,108.24,107.15,108.03,2887542,0.0009265264523301564
20100713,109.15,110.4,108.01,109.66,4729430,0.015088401369989679
20100714,109.31,110.08,108.86,109.67,4047905,9.119095385745624e-05
20100715,109.62,110.06,108.17,109.68,4931840,9.1182638825682e-05
20100716,109.09,109.18,106.45,106.63,5685520,-0.027808169219547874
20100719,107.05,107.63,106.22,107.29,3958980,0.006189627684516585
20100720,105.87,109.05,105.82,108.48,5460557,0.011091434430049452
20100721,109.03,109.07,106.63,107.07,5588007,-0.012997787610619538
20100722,108.34,109.94,108.33,109.48,5192665,0.02250863920799495
20100723,109.25,110.57,108.93,110.41,4755020,0.008494702228717399
20100726,110.59,111.67,110.29,111.57,3531837,0.01050629471968123
20100727,112.17,112.29,111.11,111.55,4567847,-0.00017925965761400597
20100728,111.33,111.66,110.46,110.8,3441337,-0.006723442402510105
20100729,111.52,111.82,109.41,110.29,4742912,-0.004602888086642554
20100730,109.17,110.86,108.98,110.27,4577455,-0.00018134010336390283
20100802,111.98,112.94,111.54,112.76,3445617,0.02258093769837677
20100803,112.48,112.77,111.85,112.22,3358090,-0.004788932245477162
20100804,112.53,113.11,112.16,112.97,3327122,0.0066833006594189115
20100805,112.24,112.91,112.08,112.85,2852055,-0.001062228910330254
20100806,111.73,112.57,110.92,112.41,4916762,-0.0038989809481612125
20100809,112.92,113.18,112.32,113.01,2212575,0.005337603416066372
20100810,112.03,113.03,111.37,112.39,5234300,-0.005486240155738509
20100811,110.65,110.69,109.12,109.3,5545495,-0.027493549248153726
20100812,107.64,109.02,107.6,108.6,4726632,-0.006404391582799707
20100813,108.29,108.96,108.18,108.28,3242055,-0.0029465930018415243
20100816,107.57,108.61,107.18,108.26,3167712,-0.00018470631695599593
20100817,109.18,110.39,108.26,109.59,3879840,0.012285239238869483
20100818,109.54,110.38,108.91,109.78,3930165,0.0017337348298203104
20100819,109.22,109.49,107.43,107.88,5003900,-0.01730734195664063
20100820,107.56,107.94,106.75,107.53,3930362,-0.003244345569150875
20100823,108.04,108.57,107.07,107.13,3139600,-0.00371989212312851
20100824,105.96,107.11,104.97,105.56,6042417,-0.01465509194436665
20100825,104.94,106.34,104.29,105.88,5060407,0.0030314513073133043
20100826,106.44,106.58,104.88,105.23,4686282,-0.0061390253116735405
20100827,105.89,106.97,104.31,106.82,5648452,0.015109759574265746
20100830,106.58,106.91,105.3,105.34,3326482,-0.013855083317730665
20100831,104.92,105.98,104.49,105.47,6014822,0.0012340991076513763
20100901,106.73,108.61,106.66,108.44,5241985,0.028159666255807236
20100902,108.72,109.49,108.49,109.47,3319645,0.009498340095905666
20100903,110.54,110.99,109.95,110.92,4109897,0.01324563807435819
20100907,110.37,110.93,109.55,109.68,3105910,-0.01117922827262885
20100908,109.86,110.85,109.81,110.41,3147712,0.006655725747629404
20100909,111.65,111.68,110.62,110.94,3061865,0.00480028982881997
20100910,111.12,111.61,110.87,111.54,2504207,0.005408328826392639
20100913,112.58,112.95,112.13,112.72,3139245,0.010579164425318144
20100914,112.5,113.29,112.08,112.65,4426832,-0.0006210078069551761
20100915,112.33,113.21,111.98,113.14,3468690,0.004349755881047468
20100916,112.74,113.12,112.35,113.1,3384732,-0.0003535442814213141
20100917,113.03,113.15,112.18,112.51,3748012,-0.005216622458001696
20100920,112.88,114.46,112.62,114.23,4125782,0.015287529997333626
20100921,114.3,114.84,113.51,114.0,5721612,-0.002013481572266551
20100922,113.8,114.44,113.1,113.43,4091847,-0.004999999999999893
20100923,112.49,113.67,112.18,112.5,4313377,-0.008198889182755909
20100924,113.74,114.9,113.65,114.79,3781975,0.020355555555555682
20100927,114.87,114.99,114.16,114.32,2664372,-0.004094433313006518
20100928,114.42,115.04,113.18,114.67,4627165,0.0030615815255423673
20100929,114.38,114.91,114.02,114.41,3815857,-0.0022673759483736733
20100930,115.05,115.79,113.59,114.12,6032865,-0.0025347434664800828
20101001,114.97,115.12,113.93,114.61,3819850,0.004293725902558609
20101004,114.37,114.85,113.18,113.75,3659742,-0.007503708227903361
20101005,114.8,116.32,113.73,116.05,4584402,0.020219780219780104
20101006,116.02,116.33,115.56,116.06,3046485,8.616975441633201e-05
20101007,116.5,116.53,115.19,115.89,3477917,-0.001464759607099797
20101008,116.05,116.86,115.61,116.56,3390417,0.005781344378289699
20101011,116.73,116.97,116.25,116.66,2130187,0.0008579272477693412
20101012,116.27,117.35,115.65,116.99,3827037,0.0028287330704610536
20101013,117.66,118.55,117.38,117.88,3877600,0.007607487819471848
20101014,117.81,118.01,116.72,117.55,4344600,-0.002799457074991518
20101015,118.28,118.35,116.76,117.72,5081375,0.0014461931093152636
20101018,117.73,118.67,117.31,118.28,2625600,0.004757050628610315
20101019,117.19,118.56,116.02,116.71,6007420,-0.013273588096043398
20101020,116.94,118.44,116.87,117.87,4177935,0.0099391654528318
20101021,118.4,119.09,117.21,118.12,4906020,0.0021209807414948045
20101022,118.3,118.53,118.0,118.38,2320445,0.002201151371486576
20101025,119.14,119.76,118.61,118.69,3160922,0.002618685588781977
20101026,118.09,118.9,117.87,118.73,3326700,0.00033701238520511545
20101027,117.89,118.51,117.26,118.38,3903260,-0.0029478649035628024
20101028,119.06,119.11,117.83,118.4,3539322,0.00016894745734075123
20101029,118.28,118.72,118.07,118.53,3098162,0.0010979729729729826
20101101,119.07,119.75,117.85,118.53,3589907,0.0
20101102,119.42,120.11,119.1,119.49,3215632,0.008099215388509107
20101103,119.68,120.02,118.45,120.01,5001220,0.00435182860490424
20101104,121.28,122.32,121.13,122.26,4585692,0.0187484376301974
20101105,122.34,122.92,122.18,122.74,3773262,0.003926059218059885
20101108,122.34,122.69,121.94,122.54,2974617,-0.001629460648525205
20101109,122.82,122.95,121.12,121.6,4356135,-0.007670964582993434
20101110,121.58,122.16,120.66,122.09,4750395,0.004029605263157876
20101111,121.05,121.82,120.68,121.66,3411422,-0.0035219919731346305
20101112,120.81,121.35,119.65,120.18,5418062,-0.012165050139733569
20101115,120.58,121.05,119.98,120.04,3460505,-0.0011649192877351
20101116,119.29,119.49,117.59,118.12,6617182,-0.01599466844385211
20101117,118.21,118.71,117.86,118.21,3522842,0.0007619370132068148
20101118,119.36,120.39,119.35,120.02,3530977,0.015311733355892088
20101119,119.9,120.34,119.25,120.26,2849865,0.001999666722213078
20101122,119.69,120.24,118.77,120.19,3816190,-0.0005820721769500548
20101123,118.77,119.01,117.99,118.42,4503020,-0.014726682752308817
20101124,119.2,120.23,119.17,120.19,2740067,0.014946799527106869
20101126,119.16,119.81,119.03,119.27,1282522,-0.007654546967301834
20101129,118.52,119.48,117.74,119.16,4442055,-0.0009222771862161805
20101130,117.97,119.17,117.81,118.48,4605212,-0.0057066129573681845
20101201,120.2,121.24,120.19,121.0,4025072,0.02126941255908177
20101202,121.2,122.65,121.13,122.57,3624072,0.012975206611570256
20101203,122.14,123.03,122.11,122.86,2836332,0.0023659949416661163
20101206,122.62,123.04,122.5,122.74,2204242,-0.0009767214715936667
20101207,123.94,124.01,122.76,122.83,4206137,0.0007332572918363756
20101208,122.99,123.38,122.41,123.29,2910067,0.0037450134332004392
20101209,123.97,124.02,123.15,123.82,2422042,0.004298807689187889
20101210,124.13,124.6,123.73,124.5,2429192,0.005491842997900287
20101213,125.05,125.2,124.52,124.56,2510295,0.0004819277108434328
20101214,124.75,125.23,124.29,124.65,2918095,0.0007225433526012459
20101215,124.45,124.93,123.89,124.12,3123705,-0.0042519053349378
20101216,124.18,124.91,123.75,124.82,3231435,0.005639703512729577
20101217,124.08,124.46,123.82,124.38,2483052,-0.0035250761095978467
20101220,124.64,124.9,123.98,124.57,2193937,0.0015275767808329288
20101221,124.99,125.47,124.87,125.39,1791247,0.006582644296379669
20101222,125.48,125.82,125.41,125.79,1559700,0.003190047053194034
20101223,125.64,125.78,125.29,125.61,1445730,-0.0014309563558312366
20101227,125.13,125.77,125.04,125.65,1200217,0.0003184459836000908
20101228,125.89,125.95,125.5,125.8,1181527,0.0011937922801432688
20101229,125.98,126.2,125.9,125.92,1132552,0.000953895071542199
20101230,125.79,126.13,125.53,125.72,1464817,-0.0015883100381194337
20101231,125.51,125.87,125.33,125.78,1707627,0.0004772510340438352
20110103,126.71,127.6,126.66,127.01,2787325,0.009778979169979385
20110104,127.33,127.37,126.19,126.93,2939582,-0.0006298716636484736
20110105,126.57,127.72,126.46,127.64,2462232,0.005593634286614524
20110106,127.69,127.83,127.01,127.39,2428065,-0.0019586336571607577
20110107,127.56,127.77,126.15,127.13,3225515,-0.00204097652877
20110110,126.59,127.16,126.2,127.01,2589890,-0.0009439156768661361
20110111,127.44,127.74,126.95,127.43,2438080,0.0033068262341549026
20110112,128.22,128.72,127.99,128.64,2069780,0.009495409244290931
20110113,128.63,128.69,128.05,128.45,2519742,-0.0014769900497512145
20110114,128.2,129.33,128.1,129.28,2416715,0.006461658232775447
20110118,129.18,129.64,129.03,129.53,2178745,0.0019337871287128383
20110119,129.41,129.5,127.91,128.27,3192212,-0.009727476260325774
20110120,127.96,128.4,127.13,128.14,3737152,-0.001013487175489436
20110121,128.88,129.17,128.23,128.36,2987665,0.0017168721710631996
20110124,128.28,129.25,128.26,129.16,2255787,0.006232471174820731
20110125,128.75,129.28,128.11,129.16,3583670,0.0
20110126,129.49,130.05,129.23,129.69,2874750,0.004103437596779225
20110127,129.7,130.21,129.47,130.03,2488357,0.002621636209422462
20110128,130.14,130.35,127.51,127.72,5835805,-0.017765131123586908
20110131,128.07,128.78,127.75,128.67,3102622,0.007438145944252961
20110201,129.46,130.97,129.38,130.71,3344250,0.015854511541151917
20110202,130.4,130.84,130.33,130.48,2426230,-0.0017596205340066895
20110203,130.26,130.98,129.57,130.76,3030000,0.0021459227467810482
20110204,130.83,131.2,130.23,131.17,2561697,0.003135515448149162
20110207,131.44,132.4,131.43,132.0,2242707,0.0063276663871312255
20110208,132.1,132.64,131.73,132.59,2128700,0.004469696969696901
20110209,132.21,132.63,131.61,132.32,3019190,-0.0020363526661136833
20110210,131.6,132.47,131.3,132.33,3488157,7.557436517546812e-05
20110211,131.8,133.28,131.77,133.15,2808495,0.00619662963802603
20110214,133.03,133.54,132.88,133.43,1888965,0.002102891475779245
20110215,133.02,133.22,132.66,133.04,2189800,-0.0029228809113394094
20110216,133.45,134.01,133.19,133.82,2803410,0.005862898376428172
20110217,133.46,134.43,133.34,134.22,2327692,0.0029890898221491824
20110218,134.37,134.69,134.06,134.57,2479765,0.002607659067203061
20110222,133.12,133.86,131.47,131.8,4765505,-0.020584082633573475
20110223,131.75,132.07,130.21,131.01,4958357,-0.005993930197268793
20110224,130.88,131.44,129.7,130.92,4919217,-0.0006869704602702198
20110225,131.49,132.41,131.4,132.32,2926437,0.010693553315001658
20110228,132.82,133.32,132.38,133.15,2695102,0.0062726723095527515
20110301,133.57,133.69,130.89,130.89,4525690,-0.01697333834021797
20110302,130.75,131.82,130.35,131.16,4145012,0.0020628008251204477
20110303,132.39,133.62,132.39,133.47,3336580,0.017612076852699055
20110304,133.37,133.63,131.6,132.47,5113667,-0.007492320371619066
20110307,132.86,133.16,130.74,131.37,4443430,-0.008303766890616737
20110308,131.64,133.0,131.07,132.56,3278467,0.009058384714927259
20110309,132.31,132.8,131.6,132.39,3406892,-0.0012824381412191999
20110310,130.99,131.18,129.81,129.93,5806447,-0.018581463856786606
20110311,129.52,131.31,129.49,130.84,4074297,0.007003771261448355
20110314,129.99,130.48,129.06,130.05,4481690,-0.00603790889636191
20110315,126.58,129.33,126.5,128.56,6360000,-0.011457131872356863
20110316,128.15,128.57,125.28,126.21,9428495,-0.018279402613565754
20110317,128.0,128.39,127.1,127.85,4418480,0.012994215989224234
20110318,128.84,128.88,127.51,127.76,4012275,-0.0007039499413373784
20110321,129.36,130.01,129.2,129.74,2987567,0.01549780839073267
20110322,129.72,129.89,129.17,129.3,2524590,-0.003391398180977334
20110323,128.92,130.0,128.32,129.64,3181337,0.0026295436968288843
20110324,130.4,131.09,129.67,130.9,3187125,0.009719222462203136
20110325,131.24,131.87,130.89,131.29,2903627,0.0029793735676086897
20110328,131.59,131.92,130.94,130.94,2165830,-0.0026658542158579657
20110329,130.88,131.9,130.44,131.86,2514652,0.007026118833053374
20110330,132.53,133.16,132.36,132.7,2493515,0.006370392840891581
20110331,132.59,132.96,132.45,132.51,2597907,-0.0014318010550112836
20110401,133.41,133.77,132.83,133.15,2975965,0.00482982416421418
20110404,133.43,133.67,132.88,133.24,2078872,0.000675929402929043
20110405,132.98,133.83,132.94,133.24,2628950,0.0
20110406,133.88,134.0,133.12,133.66,2504180,0.0031522065445810377
20110407,133.42,133.94,132.66,133.32,3907227,-0.002543767768966032
20110408,133.9,133.99,132.31,132.86,3051050,-0.003450345034503255
20110411,133.0,133.45,132.14,132.47,2681792,-0.0029354207436400603
20110412,131.72,132.49,130.99,131.45,3637782,-0.007699856571299235
20110413,132.07,132.18,130.96,131.45,3249047,0.0
20110414,130.7,131.76,130.27,131.56,3223460,0.0008368200836821327
20110415,131.8,132.37,131.41,132.12,2959495,0.004256612952265204
20110418,130.57,131.31,129.51,130.53,4030035,-0.012034514078110847
20110419,130.76,131.35,130.44,131.28,2575410,0.00574580556193971
20110420,132.88,133.39,132.79,133.16,2965990,0.014320536258378924
20110421,133.79,133.84,133.35,133.74,2266277,0.0043556623610694345
20110425,133.67,133.86,133.2,133.62,1273692,-0.0008972633467922986
20110426,134.05,135.06,133.91,134.79,2517467,0.008756174225415192
20110427,135.05,135.87,134.5,135.63,2857810,0.006231916314266561
20110428,135.43,136.29,135.41,136.04,2590972,0.003022930030229354
20110429,136.16,136.57,135.98,136.54,2090460,0.0036753895912966517
20110502,137.07,137.18,135.95,136.25,2799322,-0.0021239197304818713
20110503,135.96,136.19,135.05,135.71,2984675,-0.003963302752293507
20110504,135.68,135.73,134.23,134.86,3953562,-0.006263355684916316
20110505,134.08,134.95,133.02,133.63,4547970,-0.009120569479460272
20110506,134.94,135.63,133.22,134.2,4635285,0.0042655092419365825
20110509,134.19,135.11,133.98,134.72,2459555,0.003874813710879277
20110510,135.17,136.11,135.0,135.87,2347955,0.008536223277909816
20110511,135.67,135.69,133.82,134.45,3885277,-0.0104511665562671
20110512,134.08,135.36,133.39,135.1,3565057,0.004834510970621153
20110513,135.15,135.34,133.56,134.04,3313197,-0.007846039970392349
20110516,133.57,134.61,132.97,133.19,3000680,-0.006341390629662769
20110517,132.68,133.35,132.12,133.17,4021377,-0.00015016142353041495
20110518,133.24,134.5,132.95,134.38,2652735,0.009086130509874613
20110519,134.8,135.03,133.94,134.66,2602442,0.002083643399315438
20110520,134.33,134.52,133.36,133.67,3378327,-0.007351849101440711
20110523,131.98,132.46,131.59,132.04,3555670,-0.012194209620707719
20110524,132.44,132.73,131.7,131.95,2929035,-0.0006816116328385302
20110525,131.42,132.94,131.38,132.37,3093895,0.0031830238726791027
20110526,132.03,133.24,131.78,133.01,3446435,0.004834932386492241
20110527,133.37,133.87,133.19,133.54,2446450,0.003984662807307693
20110531,134.77,134.91,133.84,134.89,3277367,0.010109330537666494
20110601,134.5,134.6,131.76,131.85,4577990,-0.022536881903773343
20110602,131.97,132.24,130.96,131.69,4161942,-0.0012135001896094177
20110603,130.15,131.42,130.08,130.4,4247997,-0.00979573240185283
20110606,130.08,130.36,128.87,129.05,3761262,-0.010352760736196287
20110607,129.69,130.07,128.85,128.85,3389275,-0.0015497869043007428
20110608,128.77,129.19,128.18,128.4,4240767,-0.0034924330616995514
20110609,128.77,129.93,128.46,129.4,3033107,0.007788161993769416
20110610,128.84,128.93,127.26,127.56,4818452,-0.014219474497681683
20110613,127.88,128.24,127.05,127.67,3897060,0.0008623392913138517
20110614,128.86,129.77,128.82,129.32,3174570,0.012923944544528831
20110615,128.24,128.65,126.68,127.02,6052537,-0.017785338694710773
20110616,127.06,127.97,126.32,127.28,5765125,0.0020469217446072996
20110617,127.93,127.94,126.62,127.02,4842015,-0.0020427404148334327
20110620,126.62,127.97,126.58,127.7,3198332,0.005353487639741861
20110621,128.36,129.7,128.19,129.42,3932412,0.013469068128425965
20110622,129.05,129.81,128.59,128.7,3771380,-0.0055632823365785455
20110623,127.16,128.37,126.19,128.29,6819115,-0.0031857031857032148
20110624,128.27,128.37,126.62,126.81,4666910,-0.011536362927741739
20110627,126.89,128.43,126.64,127.94,3516282,0.008910969166469496
20110628,128.43,129.63,128.27,129.61,3309387,0.013052993590745743
20110629,130.21,130.93,129.71,130.75,4756012,0.008795617622096907
20110630,131.14,132.18,130.99,131.97,4110890,0.00933078393881459
20110701,132.01,134.1,131.78,133.96,4267610,0.015079184663181033
20110705,133.78,134.08,133.39,133.71,3496767,-0.0018662287249925358
20110706,133.49,134.14,133.11,133.94,2924895,0.0017201406027971267
20110707,135.16,135.7,134.88,135.46,3112725,0.01134836493952518
20110708,133.82,134.44,133.39,134.4,3456440,-0.007825188247453152
20110711,132.76,133.18,131.66,131.96,3793312,-0.01815476190476184
20110712,131.69,132.78,131.36,131.43,4447082,-0.004016368596544417
20110713,132.09,133.22,131.52,131.85,4080922,0.003195617438940701
20110714,132.17,132.78,130.68,130.94,4866870,-0.0069017823284034385
20110715,131.66,131.87,130.77,131.74,4153807,0.006109668550481118
20110718,131.08,131.28,129.63,130.58,3774755,-0.008805222407772817
20110719,131.35,132.89,131.31,132.78,3503685,0.016847909327615262
20110720,133.07,133.15,132.42,132.65,2707240,-0.0009790631119144244
20110721,133.4,134.82,133.14,134.52,4788270,0.014097248398039941
20110722,134.52,134.72,133.76,134.61,2418435,0.000669045495093723
20110725,133.3,134.49,133.16,133.83,2930042,-0.005794517494985496
20110726,133.75,133.96,133.03,133.36,2756342,-0.0035119181050586867
20110727,132.59,132.6,130.43,130.6,5252820,-0.02069586082783459
20110728,130.59,131.77,130.01,130.16,4224685,-0.0033690658499233583
20110729,128.9,130.55,127.97,129.05,5988187,-0.008527965580823471
20110801,130.84,130.96,127.53,128.71,6353037,-0.0026346377373110963
20110802,127.8,128.5,125.49,125.49,6605507,-0.02501748115919522
20110803,125.66,126.31,123.53,126.21,8125275,0.005737508964857696
20110804,124.42,124.62,120.06,120.18,10758595,-0.04777751366769656
20110805,121.76,122.07,116.86,119.98,14034707,-0.0016641704110501587
20110808,116.92,118.35,112.02,112.26,14321567,-0.0643440573428905
20110809,114.06,117.5,110.27,117.37,14604980,0.04551933012649201
20110810,115.26,116.28,111.95,112.35,12273040,-0.04277072505751056
20110811,113.26,118.92,112.85,117.28,9475097,0.04388072986203828
20110812,118.41,119.22,117.28,118.15,6389202,0.00741814461118695
20110815,119.18,120.74,119.0,120.55,5131465,0.020313161235717248
20110816,119.47,120.69,118.31,119.56,5886372,-0.008212360016590536
20110817,120.24,121.2,118.72,119.67,4641010,0.0009200401472064801
20110818,116.51,116.64,113.39,114.61,9745832,-0.04228294476476979
20110819,112.96,115.88,112.5,112.68,8416312,-0.016839717302155055
20110822,115.16,115.23,112.41,112.73,5864545,0.0004437344692935774
20110823,113.15,116.54,112.58,116.46,7027227,0.033087909163487916
20110824,116.19,118.24,115.92,118.13,5198702,0.014339687446333516
20110825,118.74,119.4,115.87,116.31,6328835,-0.01540675526961821
20110826,115.68,118.51,113.85,118.04,6643977,0.014874043504427892
20110829,119.56,121.43,119.48,121.38,3605580,0.028295493053202225
20110830,120.84,122.43,119.26,121.62,5305050,0.001977261492832394
20110831,122.44,123.51,121.3,122.06,6165237,0.0036178260154580144
20110901,122.29,123.4,120.78,120.96,5673880,-0.009011961330493312
20110902,118.43,119.08,117.43,117.84,4841875,-0.025793650793650702
20110906,114.39,117.16,114.38,116.99,5898805,-0.007213170400543145
20110907,118.75,120.34,118.36,120.27,4384522,0.028036584323446467
20110908,119.56,120.94,118.77,119.02,5134752,-0.010393281782655639
20110909,117.68,118.1,115.28,115.86,7782200,-0.026550159637035775
20110912,114.48,116.76,114.05,116.66,6510192,0.0069048852062834065
20110913,117.05,118.18,116.22,117.58,5727770,0.00788616492370986
20110914,118.34,120.8,116.72,119.36,6266445,0.015138629018540684
20110915,120.64,121.47,119.57,121.47,5530875,0.017677613941018855
20110916,121.29,121.97,120.32,121.58,5623057,0.0009055733926073284
20110919,119.53,120.93,118.72,120.31,4999427,-0.010445797006086499
20110920,120.82,121.99,120.01,120.17,4667812,-0.0011636605435957348
20110921,120.23,120.6,116.5,116.51,6633342,-0.030456852791878153
20110922,113.24,114.21,111.3,112.8,10027237,-0.031842760278087745
20110923,112.12,114.16,112.02,113.54,6194590,0.006560283687943258
20110926,114.61,116.4,112.98,116.25,5544107,0.023868240267747032
20110927,118.53,119.56,116.84,117.6,6284942,0.011612903225806326
20110928,117.78,118.49,114.97,115.16,6149087,-0.02074829931972788
20110929,117.05,117.63,113.93,116.02,6535440,0.007467870788468112
20110930,114.45,115.45,113.07,113.17,5907592,-0.02456473021892769
20111003,112.48,113.95,109.81,109.93,7597460,-0.028629495449324027
20111004,108.34,112.58,107.43,112.13,9915402,0.020012735377058055
20111005,112.62,114.72,111.58,114.5,6191692,0.02113618121822891
20111006,114.35,116.66,113.51,116.51,5467210,0.017554585152838476
20111007,117.17,117.25,115.06,115.75,6099555,-0.006523045232168956
20111010,117.68,119.59,117.67,119.59,4568900,0.03317494600431958
20111011,118.88,120.04,118.75,119.68,4472665,0.0007525712852245459
20111012,120.6,122.14,120.33,120.67,5814625,0.008272058823529438
20111013,120.0,120.87,119.12,120.47,4804852,-0.0016574127786525006
20111014,121.91,122.6,121.23,122.56,4118530,0.017348717523034907
20111017,121.99,122.06,119.93,120.24,4018070,-0.018929503916449097
20111018,120.13,123.5,119.2,122.61,6602802,0.019710578842315307
20111019,122.38,123.08,120.71,121.14,4900457,-0.011989234157083417
20111020,121.43,122.1,119.82,121.69,5779787,0.0045402014198447915
20111021,123.09,124.12,122.72,123.91,5074245,0.01824307667022751
20111024,124.17,125.8,124.06,125.49,4164420,0.012751190380114519
20111025,124.88,124.95,122.78,123.08,5773237,-0.019204717507371072
20111026,124.35,124.77,122.21,124.33,6032965,0.01015599610009743
20111027,127.63,129.42,126.61,128.53,7061147,0.03378106651652857
20111028,128.01,128.85,127.8,128.68,4189142,0.0011670427137633332
20111031,127.16,127.26,125.36,125.45,4490327,-0.025101025800435273
20111101,122.04,123.51,121.52,122.08,8620312,-0.026863292148266327
20111102,123.83,124.4,122.79,123.99,5217695,0.015645478374836097
20111103,125.26,126.5,123.59,126.24,5753480,0.018146624727800598
20111104,125.24,125.7,124.01,125.45,4555372,-0.006257921419518309
20111107,125.38,126.39,124.2,126.28,4329737,0.006616181745715322
20111108,126.92,128.02,125.71,127.86,4838285,0.01251187836553691
20111109,124.89,125.47,122.86,123.19,6598637,-0.036524323478804965
20111110,124.8,124.94,123.02,124.32,4928860,0.009172822469356134
20111111,125.82,126.99,125.79,126.62,3596145,0.01850064350064362
20111114,126.19,126.36,124.92,125.46,3133010,-0.009161269941557526
20111115,125.18,126.75,124.72,126.12,3756317,0.005260640841702635
20111116,124.83,126.34,123.9,124.05,4721732,-0.0164129400570886
20111117,123.84,124.16,121.23,122.18,6529967,-0.015074566706972936
20111118,122.51,122.75,121.47,121.99,4366937,-0.0015550826649206595
20111121,120.2,120.35,118.65,119.62,4826992,-0.01942782195261894
20111122,119.39,120.1,118.52,119.19,4767040,-0.003594716602574932
20111123,118.06,118.21,116.56,116.56,4522662,-0.022065609531000896
20111125,116.38,117.7,116.2,116.2,2078482,-0.00308853809196985
20111128,119.54,120.18,118.82,119.7,4251012,0.030120481927710774
20111129,120.05,121.0,119.61,120.08,4036362,0.0031746031746031633
20111130,123.48,125.22,123.22,125.11,5669897,0.041888740839440386
20111201,124.85,125.64,124.43,124.98,3767417,-0.001039085604667811
20111202,126.12,126.5,124.78,124.86,3949230,-0.000960153624580018
20111205,126.84,127.18,125.44,126.21,4493915,0.010812109562710281
20111206,126.2,127.11,125.76,126.26,3315117,0.0003961651216228823
20111207,125.84,127.26,124.97,126.75,4325377,0.003880880722318958
20111208,125.9,126.18,123.65,123.98,4838805,-0.02185404339250485
20111209,124.51,126.37,124.4,126.03,4054872,0.01653492498790121
20111212,124.95,124.97,123.16,124.24,4150487,-0.01420296754740935
20111213,124.86,125.57,122.45,123.11,5104045,-0.009095299420476488
20111214,122.56,123.03,121.47,121.71,4822682,-0.01137194379010642
20111215,123.03,123.2,121.99,122.15,3590080,0.0036151507682196105
20111216,122.22,122.95,121.3,121.57,4321725,-0.0047482603356530095
20111219,122.06,122.32,120.03,120.32,3644650,-0.01028214197581645
20111220,122.18,124.14,120.37,123.88,4021087,0.029587765957446832
20111221,123.93,124.36,122.75,124.17,3812147,0.0023409751372296395
20111222,124.63,125.39,124.36,125.33,2504740,0.009342031086413849
20111223,125.69,126.43,125.41,126.39,1592855,0.008457671746588957
20111227,126.17,126.82,126.06,126.49,1556597,0.0007912018355882289
20111228,126.51,126.53,124.73,124.92,2551465,-0.012412048383271368
20111229,125.24,126.25,125.18,126.1,2139875,0.009446045469100106
20111230,126.0,126.33,125.5,125.5,1693185,-0.004758128469468659
20120103,127.77,128.38,127.43,127.49,3503322,0.015856573705179233
20120104,127.2,127.81,126.71,127.63,2477735,0.0010981253431641136
20120105,127.01,128.23,126.43,128.1,3495237,0.0036825197837497825
20120106,128.2,128.22,127.29,127.82,2954832,-0.002185792349726823
20120109,128.0,128.18,127.41,127.99,2081022,0.0013299953058989455
20120110,129.4,129.65,128.95,129.13,2521217,0.008906945855144954
20120111,128.74,129.37,128.52,129.25,2374095,0.0009292960582358845
20120112,129.58,129.7,128.54,129.51,2516127,0.002011605415860762
20120113,128.62,129.01,127.72,129.01,3821485,-0.003860705737008696
20120117,130.09,130.32,129.06,129.31,2662250,0.002325401131695326
20120118,129.31,130.84,129.08,130.8,2924472,0.011522697393859804
20120119,131.21,131.57,130.8,131.48,2493897,0.005198776758409629
20120120,131.23,131.95,130.92,131.95,2382785,0.0035746881655005502
20120123,131.51,132.25,130.98,131.58,2690395,-0.0028040924592647176
20120124,130.8,131.5,130.6,131.46,2118525,-0.0009119927040583953
20120125,131.26,132.87,130.75,132.57,3981530,0.00844363304427187
20120126,133.16,133.4,131.36,131.9,3690152,-0.0050539337708379595
20120127,131.24,132.05,131.15,131.73,2869457,-0.001288855193328442
20120130,130.52,131.44,130.06,131.38,3054485,-0.0026569498216048038
20120131,132.02,132.18,130.68,131.21,3299140,-0.0012939564621706756
20120201,132.29,133.14,132.13,132.47,3355300,0.009602926606203654
20120202,132.72,133.02,132.21,132.68,2363200,0.0015852645882086236
20120203,134.0,134.62,133.77,134.57,2933457,0.014244799517636242
20120206,133.99,134.5,133.83,134.46,2096425,-0.0008174184439324605
20120207,134.17,135.02,133.64,134.79,2842417,0.002454261490405951
20120208,134.86,135.22,134.31,135.19,2827585,0.002967579197269865
20120209,135.41,135.59,134.56,135.34,3079450,0.0011095495228936603
20120210,134.16,134.47,133.84,134.43,3351617,-0.0067238067090290565
20120213,135.32,135.52,134.74,135.36,2454642,0.006918098638696746
20120214,134.99,135.27,134.25,135.19,3489497,-0.0012559101654847638
20120215,135.63,135.83,134.29,134.54,4245770,-0.0048080479325394165
20120216,134.58,136.17,134.33,136.04,3669977,0.011149100639215037
20120217,136.52,136.57,135.96,136.41,2528815,0.002719788297559589
20120221,136.74,137.05,136.05,136.46,2656515,0.0003665420423724086
20120222,136.25,136.55,135.79,136.02,2710575,-0.0032243880990766582
20120223,135.96,136.73,135.5,136.61,2816280,0.004337597412145344
20120224,136.93,137.2,136.63,136.93,2323015,0.0023424346680329666
20120227,136.03,137.53,135.8,137.16,3088682,0.0016796903527349638
20120228,137.2,137.72,136.93,137.56,2824725,0.002916302128900705
20120229,137.76,138.19,136.72,136.87,3819725,-0.0050159930212271275
20120301,137.31,137.99,137.12,137.77,3048687,0.006575582669686497
20120302,137.65,137.82,137.0,137.32,2398177,-0.003266313420919098
20120305,137.1,137.2,136.28,136.75,2817807,-0.0041508884357703835
20120306,135.34,135.43,134.36,134.67,4110060,-0.015210237659963544
20120307,135.06,135.91,134.93,135.69,2885570,0.00757406994876364
20120308,136.52,137.32,136.24,137.02,2352170,0.009801753998083917
20120309,137.31,137.93,137.13,137.57,2497865,0.004014012552911783
20120312,137.54,137.76,137.09,137.58,2076585,7.269026677336754e-05
20120313,138.32,140.13,138.09,140.06,3726107,0.01802587585404858
20120314,140.1,140.44,139.48,139.91,2957402,-0.0010709695844638434
20120315,140.13,140.78,139.76,140.72,3163520,0.0057894360660424304
20120316,140.36,140.48,140.0,140.27,2654205,-0.0031978396816372268
20120319,140.23,141.28,140.11,140.88,2401547,0.004348755970627893
20120320,140.05,140.61,139.64,140.41,2568465,-0.00333617262918795
20120321,140.53,140.65,139.92,140.16,2489045,-0.0017804999643900032
20120322,139.18,139.55,138.74,139.16,2952592,-0.007134703196347014
20120323,139.32,139.81,138.55,139.69,2411847,0.003808565679793041
20120326,140.65,141.61,140.6,141.61,2308195,0.013744720452430581
20120327,141.74,141.83,141.08,141.13,2137867,-0.0033895911305700244
20120328,141.1,141.32,139.64,140.43,3099810,-0.004959965988804549
20120329,139.63,140.49,139.09,140.22,3360842,-0.001495406964323931
20120330,140.92,141.05,140.05,140.72,2682227,0.003565825131935485
20120402,140.64,142.21,140.36,141.79,2899390,0.007603752131893016
20120403,141.64,141.88,140.43,141.26,3291845,-0.0037379222794273748
20120404,140.2,140.34,139.34,139.84,3214047,-0.01005238567181077
20120405,139.38,140.2,139.26,139.78,2453542,-0.0004290617848969891
20120409,138.02,138.78,137.84,138.23,2355295,-0.011088853913292396
20120410,137.95,138.34,135.76,135.84,5245862,-0.017290023873254623
20120411,137.29,137.54,136.75,136.9,3133140,0.007803297997644343
20120412,137.12,138.9,137.03,138.85,3226547,0.014243973703433
20120413,138.47,138.48,137.01,137.13,3345720,-0.012387468491177556
20120416,137.84,138.04,136.58,136.93,3339960,-0.0014584700649018512
20120417,137.85,139.36,137.7,139.09,2949535,0.01577448331264142
20120418,138.46,139.08,138.38,138.59,2684817,-0.0035947947372204636
20120419,138.63,139.15,137.07,137.75,4216052,-0.006061043365322205
20120420,138.33,138.83,137.87,137.95,2799387,0.0014519056261341756
20120423,136.54,136.91,135.94,136.79,3192525,-0.008408843783979658
20120424,136.91,137.66,136.8,137.31,2871395,0.0038014474742307236
20120425,138.64,139.25,138.53,139.24,3157582,0.014055786177263219
20120426,138.89,140.32,138.81,140.17,2734720,0.006679115196782437
20120427,140.6,140.79,139.8,140.39,2461137,0.0015695227224084007
20120430,140.1,140.21,139.49,139.77,2250697,-0.0044162689650257825
20120501,139.79,141.66,139.63,140.74,2618535,0.006939972812477713
20120502,139.91,140.46,139.46,140.28,2393875,-0.0032684382549382773
20120503,140.34,140.45,138.99,139.25,2937945,-0.007342457941260316
20120504,138.51,138.66,136.92,136.96,3712012,-0.016445242369838353
20120507,136.51,137.56,136.46,137.1,2564297,0.0010221962616820957
20120508,136.28,136.77,134.92,136.5,4551090,-0.004376367614879584
20120509,135.1,136.61,134.49,135.74,4853170,-0.005567765567765504
20120510,136.69,136.85,135.71,135.95,3111725,0.0015470752909974017
20120511,135.17,136.87,135.11,135.56,3241662,-0.0028687017285765615
20120514,134.31,135.03,133.91,134.13,3233052,-0.01054883446444388
20120515,134.02,134.81,133.13,133.35,4091972,-0.005815253858197256
20120516,133.95,134.55,132.8,132.88,4409790,-0.003524559430071239
20120517,132.87,133.02,130.81,130.87,5109992,-0.015126429861529123
20120518,131.37,131.6,129.55,129.74,5715447,-0.008634522808894318
20120521,130.16,132.02,129.95,132.02,3567360,0.01757360875597347
20120522,132.32,133.23,131.34,132.2,3966822,0.0013634297833660103
20120523,131.25,132.46,129.99,132.27,4578555,0.0005295007564298793
20120524,132.64,132.84,131.42,132.53,3524417,0.0019656762682391804
20120525,132.48,132.85,131.78,132.1,2683737,-0.003244548404135017
20120529,133.16,135.71,132.75,133.7,3231975,0.012112036336108911
20120530,132.56,132.62,131.49,131.73,3253172,-0.014734480179506404
20120531,131.71,132.45,130.34,131.49,4258805,-0.0018219084491002402
20120601,129.41,129.86,128.16,128.16,4712045,-0.025325119780972072
20120604,128.38,128.74,127.14,128.1,3895005,-0.000468164794007464
20120605,127.83,129.26,127.78,129.03,3324667,0.007259953161592669
20120606,129.97,132.03,129.93,132.02,3792097,0.02317290552584672
20120607,133.47,133.53,131.78,132.05,3815517,0.0002272382972277054
20120608,131.71,133.13,131.29,133.12,2821162,0.008102991291177641
20120611,134.17,134.25,131.28,131.45,3475012,-0.012545072115384692
20120612,131.79,133.01,131.16,133.01,3721410,0.011867630277672125
20120613,132.52,133.36,131.62,132.1,3409200,-0.006841590857830204
20120614,132.34,134.0,131.98,133.57,4378597,0.011127933383800137
20120615,133.38,134.26,133.1,134.1,3337530,0.003967956876544054
20120618,133.57,134.73,133.28,134.43,2799075,0.002460850111856816
20120619,135.07,136.25,134.93,135.69,2914865,0.009372907833072874
20120620,135.71,136.1,134.27,135.44,4426677,-0.0018424349620458358
20120621,135.64,135.78,132.33,132.44,4350510,-0.02215002953337275
20120622,133.13,133.71,132.62,133.42,2634845,0.007399577167019
20120625,132.05,132.1,130.85,131.26,2975050,-0.016189476840053896
20120626,131.7,132.38,130.93,132.0,3069515,0.005637665701660799
20120627,132.42,133.43,132.31,133.17,2269495,0.008863636363636296
20120628,132.29,132.99,131.28,132.79,3613287,-0.0028534955320267397
20120629,135.2,136.27,134.85,136.27,3732007,0.026206792680171898
20120702,136.48,136.65,135.52,136.46,2677982,0.0013942907463124765
20120703,136.49,137.51,136.34,137.47,1664465,0.0074014363183350085
20120705,136.9,137.4,136.29,136.84,2458865,-0.004582818069396977
20120706,135.47,135.77,134.85,135.59,2749467,-0.00913475591932189
20120709,135.38,135.57,134.7,135.32,2160702,-0.001991297293310823
20120710,136.01,136.23,133.68,134.14,3148270,-0.008720070942950131
20120711,134.21,134.6,133.38,134.16,3093467,0.0001490979573579576
20120712,133.37,134.1,132.6,133.51,2889477,-0.004844961240310086
20120713,133.86,135.89,133.84,135.75,2705037,0.016777769455471603
20120716,135.44,135.83,134.9,135.39,1947637,-0.002651933701657505
20120717,135.97,136.64,134.55,136.36,2871722,0.007164487776054607
20120718,136.04,137.64,135.96,137.41,2400240,0.007700205338808885
20120719,137.65,138.18,137.21,137.74,2595745,0.00240157193799595
20120720,136.95,137.16,136.32,136.47,2551345,-0.009220270074052683
20120723,134.47,135.46,133.84,135.09,2653952,-0.01011211255220923
20120724,135.19,135.25,133.03,134.03,3325920,-0.007846620771337687
20120725,134.21,134.56,133.25,133.95,2498317,-0.0005968812952324987
20120726,135.89,136.46,135.26,136.17,2902475,0.01657334826427781
20120727,136.89,139.07,136.65,138.8,4222587,0.01931409267827
20120730,138.52,139.34,138.27,138.68,2283555,-0.0008645533141210526
20120731,138.49,138.87,137.71,137.71,2470307,-0.006994519757715589
20120801,138.7,138.73,137.4,137.59,2830292,-0.0008713964127514684
20120802,136.55,137.7,135.58,136.64,3671447,-0.006904571553165373
20120803,138.56,139.64,138.49,139.39,2736520,0.02012587822014056
20120806,139.72,140.17,139.56,139.62,1730157,0.0016500466317528328
20120807,140.18,140.92,140.15,140.32,2164300,0.005013608365563638
20120808,139.85,140.65,139.81,140.49,1877060,0.0012115165336374911
20120809,140.29,140.89,140.15,140.63,1861745,0.0009965122072743693
20120810,140.04,140.89,139.81,140.84,2103125,0.0014932802389249211
20120813,140.59,140.84,140.04,140.77,1690727,-0.0004970178926441138
20120814,141.29,141.38,140.37,140.79,2046127,0.00014207572636193433
20120815,140.64,141.19,140.55,140.95,1514195,0.001136444349740806
20120816,141.15,142.16,140.8,142.01,2089157,0.0075203973040085526
20120817,142.23,142.3,141.86,142.22,1735525,0.0014787691007676074
20120820,141.98,142.22,141.59,142.22,1542557,0.0
20120821,142.53,143.09,141.45,141.76,2145702,-0.0032344255378990994
20120822,141.39,142.05,141.07,141.82,2355335,0.0004232505643340101
20120823,141.47,141.48,140.44,140.68,2195465,-0.008038358482583496
20120824,140.31,141.83,140.22,141.52,1995707,0.005970998009667383
20120827,141.89,142.08,141.34,141.54,1427860,0.00014132278123213382
20120828,141.18,141.84,140.97,141.4,1632967,-0.0009891196834815874
20120829,141.52,141.89,141.12,141.51,1416692,0.0007779349363505883
20120830,140.89,140.94,140.19,140.49,1897607,-0.007207971168115224
20120831,141.29,141.82,140.36,141.24,3169935,0.005338458253256517
20120904,141.05,141.46,140.13,140.87,2178940,-0.0026196544888134055
20120905,141.09,141.47,140.63,140.94,2028360,0.0004969120465676546
20120906,141.76,143.78,141.75,143.78,2972912,0.020150418617851606
20120907,144.01,144.39,143.88,144.39,1968460,0.0042425928501876875
20120910,144.19,144.44,143.46,143.51,1663370,-0.006094604889535282
20120911,143.6,144.37,143.56,143.89,1707065,0.0026478991011078534
20120912,144.39,144.55,143.9,144.39,1843990,0.0034748766418792876
20120913,144.37,147.04,143.99,146.7,4142320,0.01599833783503013
20120914,146.88,148.11,146.76,147.24,3400990,0.0036809815950922253
20120917,146.94,147.19,146.37,146.74,1911555,-0.0033958163542515685
20120918,146.49,146.81,146.25,146.62,1778472,-0.000817772931716032
20120919,146.79,147.17,146.41,146.74,1898547,0.0008184422316190876
20120920,146.03,146.79,145.63,146.75,2452535,6.814774430963233e-05
20120921,146.65,146.67,145.81,145.89,1933295,-0.005860306643952429
20120924,145.16,145.98,145.04,145.59,1879770,-0.002056343820686757
20120925,145.96,146.24,144.06,144.19,2746090,-0.009616045058039702
20120926,144.06,144.11,142.95,143.29,2942395,-0.006241764338719813
20120927,143.89,144.97,143.51,144.72,2170170,0.009979761323190672
20120928,144.09,144.56,143.46,143.93,2909135,-0.005458817025981166
20121001,144.52,145.69,144.02,144.24,2905460,0.0021538247759327334
20121002,144.92,145.15,143.83,144.5,2479552,0.0018025513033832485
20121003,144.89,145.43,144.13,145.07,2459510,0.003944636678200553
20121004,145.63,146.34,145.44,146.27,2578260,0.008271868753015887
20121005,146.91,147.16,145.7,146.13,2387412,-0.0009571340671362671
20121008,145.61,145.89,145.31,145.66,1670520,-0.0032163142407445333
20121009,145.53,145.65,144.15,144.25,3070817,-0.009680076891390832
20121010,144.18,144.32,143.09,143.28,2672145,-0.006724436741767703
20121011,144.28,144.49,143.36,143.36,2473510,0.0005583472920156485
20121012,143.46,143.95,142.58,142.84,2504887,-0.0036272321428572063
20121015,143.23,144.23,142.77,144.01,2126852,0.008190982917950063
20121016,144.76,145.64,144.66,145.58,2263715,0.010902020693007497
20121017,145.64,146.32,145.42,146.16,2191880,0.003984063745019917
20121018,145.82,146.52,145.33,145.86,2937652,-0.0020525451559932906
20121019,145.56,145.56,143.05,143.3,3680815,-0.017551076374605845
20121022,143.15,143.67,142.28,143.41,2592850,0.0007676203768316459
20121023,141.86,142.06,140.83,141.35,3781390,-0.014364409734328176
20121024,141.93,142.1,140.8,141.05,2418387,-0.002122391227449505
20121025,142.02,142.28,140.57,141.43,2730857,0.0026940801134349712
20121026,141.3,141.84,140.39,141.35,2743862,-0.0005656508520116565
20121031,141.85,142.03,140.68,141.18,2008172,-0.0012026883622213713
20121101,141.64,143.01,141.52,142.91,2126952,0.012253860320158516
20121102,143.68,143.72,141.41,141.56,2658300,-0.009446504793226507
20121105,141.35,142.17,140.93,141.9,1850830,0.002401808420457785
20121106,142.29,143.52,142.13,142.93,2250310,0.007258632840028145
20121107,141.67,141.68,139.06,139.78,5324472,-0.022038760232281573
20121108,139.7,140.41,137.95,137.95,3717530,-0.013092001716983881
20121109,137.62,139.44,137.55,138.16,4185120,0.001522290685030958
20121112,138.59,138.81,137.96,138.24,1916937,0.0005790387955992848
20121113,137.53,139.25,137.36,137.8,2635442,-0.00318287037037035
20121114,138.21,138.43,135.62,135.98,4066792,-0.013207547169811429
20121115,135.98,136.49,135.18,135.7,3820920,-0.002059126342109141
20121116,135.9,136.64,134.7,136.35,4549352,0.004789977892409869
20121119,137.9,139.15,137.82,139.15,2723365,0.02053538687202061
20121120,138.91,139.42,138.08,139.28,2415315,0.0009342436219905714
20121121,139.31,139.57,139.03,139.45,1539370,0.0012205628948878111
20121123,140.14,141.4,140.04,141.33,1316367,0.013481534600215284
20121126,140.65,141.36,140.19,141.17,2001432,-0.001132102172221261
20121127,140.91,141.39,140.24,140.38,2652902,-0.005596089820783412
20121128,139.76,141.54,139.0,141.48,3618847,0.007835874056133285
20121129,141.99,142.51,141.37,142.16,3197732,0.004806333050607847
20121130,142.14,142.42,141.66,142.06,2659622,-0.0007034327518289363
20121203,142.8,142.92,141.34,141.47,2427302,-0.004153174714909169
20121204,141.44,141.87,140.87,141.22,2729677,-0.001767159115006689
20121205,141.37,142.16,140.37,141.5,3081480,0.001982721994051806
20121206,141.37,142.04,141.16,141.91,1908875,0.0028975265017667784
20121207,142.53,142.69,141.67,142.4,2085027,0.0034528926784582747
20121210,142.2,142.81,142.15,142.52,1822070,0.0008426966292134352
20121211,143.07,144.11,142.99,143.42,2688025,0.006314903171484643
20121212,144.0,144.55,143.31,143.54,2758725,0.0008367033886487185
20121213,143.42,143.83,142.28,142.66,2686047,-0.0061306952765779466
20121214,142.32,142.58,141.88,142.12,2402920,-0.003785223608579802
20121217,142.47,143.85,142.43,143.79,2606110,0.011750633267661126
20121218,144.0,145.5,143.79,145.41,3272642,0.011266430210723932
20121219,145.53,145.58,144.24,144.27,2671675,-0.007839900969671909
20121220,144.38,145.14,143.98,145.14,2552422,0.006030359742150049
20121221,142.16,143.1,141.94,142.77,4197645,-0.016329061595700578
20121224,142.48,142.56,142.19,142.33,920047,-0.003081879946767563
20121226,142.64,142.71,141.35,141.65,1915860,-0.004777629452680454
20121227,141.79,142.08,139.92,141.59,3675160,-0.0004235792446170006
20121228,140.64,141.42,139.87,139.87,2778635,-0.012147750547355063
20121231,139.66,142.56,139.54,142.52,4992297,0.01894616429541718
20130102,145.11,146.15,144.73,146.15,3751440,0.02547010945832162
20130103,145.99,146.37,145.34,145.73,2958765,-0.0028737598357853056
20130104,145.97,146.61,145.67,146.45,2202922,0.004940643656076382
20130107,145.85,146.11,145.43,145.92,1758822,-0.0036189825879139326
20130108,145.71,145.91,144.98,145.53,2223900,-0.0026726973684209065
20130109,145.86,146.32,145.64,145.99,1816342,0.0031608603037174277
20130110,146.73,147.09,145.97,147.07,2327182,0.007397766970340225
20130111,147.04,147.15,146.61,147.07,1821565,0.0
20130114,146.89,147.07,146.43,146.96,1812560,-0.0007479431563199856
20130115,146.29,147.21,146.2,147.07,1806077,0.0007485029940119681
20130116,146.77,147.28,146.61,147.05,1857562,-0.0001359896647853409
20130117,147.7,148.42,147.23,147.97,2479367,0.006256375382522883
20130118,147.98,148.49,147.43,148.33,2604497,0.00243292559302577
20130122,148.34,149.13,147.98,149.1,1899620,0.0051911278905143465
20130123,149.13,149.5,148.86,149.37,1797970,0.0018108651911470375
20130124,149.15,150.14,149.01,149.42,2666040,0.0003347392381334302
20130125,149.88,150.25,149.46,150.25,2163915,0.005554811939499471
20130128,150.29,150.33,149.51,150.07,1755450,-0.0011980033277870783
20130129,149.77,150.85,149.67,150.66,2111142,0.003931498633970909
20130130,150.65,150.94,149.93,150.08,2543067,-0.003849727864064678
20130131,149.89,150.38,149.6,149.7,2186267,-0.0025319829424308438
20130201,150.65,151.42,150.39,151.28,2615677,0.010554442217769022
20130204,150.32,150.58,149.43,149.53,2485885,-0.011567953463775815
20130205,150.35,151.48,150.29,151.08,2394612,0.010365812880358538
20130206,150.5,151.26,150.41,151.18,2287035,0.0006619009796133835
20130207,151.21,151.35,149.86,150.96,3103035,-0.0014552189443047814
20130208,151.22,151.89,151.22,151.8,1979952,0.00556438791732905
20130211,151.75,151.9,151.39,151.77,1365222,-0.00019762845849802257
20130212,151.78,152.3,151.61,152.0,1347517,0.0015154510113988273
20130213,152.33,152.61,151.72,152.15,1721570,0.0009868421052632304
20130214,151.69,152.47,151.52,152.31,1405785,0.001051593821886243
20130215,152.44,152.59,151.55,152.17,2449807,-0.0009191779922527177
20130219,152.37,153.28,152.36,153.2,1611017,0.006768745482026661
20130220,153.14,153.19,151.26,151.26,3197950,-0.012663185378590014
20130221,150.96,150.96,149.94,150.4,3486917,-0.005685574507470537
20130222,151.15,151.89,150.76,151.89,2065362,0.009906914893616836
20130225,152.63,152.86,149.0,149.01,4432592,-0.018961090262690106
20130226,149.74,150.2,148.73,150.02,3857660,0.0067780685860010514
20130227,149.89,152.33,149.76,151.91,2687962,0.012598320223970116
20130228,151.89,152.87,151.53,151.53,2498222,-0.002501481140148698
20130301,151.09,152.34,150.41,152.11,3451945,0.0038276248927606726
20130304,151.76,152.92,151.52,152.92,1963837,0.005325093682203574
20130305,153.66,154.7,153.64,154.29,2530855,0.00895893277530746
20130306,154.85,154.92,154.16,154.5,1927295,0.0013610733035194222
20130307,154.7,154.98,154.52,154.82,1465060,0.002071197411003256
20130308,155.46,155.65,154.66,155.44,2285645,0.00400465056194288
20130311,155.32,156.04,155.13,156.03,1480467,0.0037956767884714804
20130312,155.92,156.1,155.21,155.64,1997715,-0.0024995193232071333
20130313,155.75,156.12,155.23,155.84,1659010,0.0012850167052171901
20130314,156.3,156.8,156.22,156.73,1914205,0.00571098562628336
20130315,155.85,156.04,155.31,155.88,2438830,-0.005423339501052782
20130318,154.34,155.64,154.2,154.97,2606127,-0.005837823967154154
20130319,155.3,155.51,153.59,154.61,3699437,-0.002323030263921999
20130320,155.52,155.95,155.26,155.63,2333795,0.0065972446801627616
20130321,154.76,155.31,154.1,154.34,2706845,-0.008288890316776931
20130322,154.85,155.6,154.25,155.6,2154187,0.008163794220551912
20130325,156.01,156.27,154.35,155.07,2976490,-0.003406169665809755
20130326,155.59,156.23,155.42,156.15,1875702,0.006964596633778353
20130327,155.26,156.25,155.0,156.16,2061102,6.404098623113974e-05
20130328,156.09,156.85,155.75,156.55,2000735,0.0024974385245901676
20130401,156.59,156.91,155.67,156.05,1929765,-0.003193867773874204
20130402,156.61,157.21,156.37,156.82,2123980,0.0049343159243830925
20130403,156.91,157.03,154.82,155.15,3330287,-0.01064915189389104
20130404,155.43,156.17,155.09,155.85,2615957,0.004511762810183617
20130405,153.95,155.35,153.77,155.18,3077400,-0.0042990054539621125
20130408,155.27,156.22,154.75,156.21,1732587,0.0066374532800619335
20130409,156.5,157.32,155.98,156.75,2163830,0.003456884962550255
20130410,157.17,158.87,157.13,158.73,2597090,0.012631578947368327
20130411,158.71,159.71,158.54,159.22,2220540,0.0030870030870031595
20130412,158.68,159.04,157.92,158.78,2370822,-0.0027634719256374174
20130415,158.01,158.13,155.1,155.17,4622152,-0.022735860939665065
20130416,156.3,157.49,155.91,157.42,3024152,0.014500225559064273
20130417,156.29,156.32,154.28,155.04,4415885,-0.015118790496760237
20130418,155.37,155.41,153.55,154.14,3406400,-0.005804953560371584
20130419,154.5,155.55,154.12,155.48,2714330,0.008693395614376653
20130422,155.78,156.54,154.75,156.2,2132267,0.004630820684332404
20130423,156.94,157.93,156.17,157.79,3378240,0.010179257362356031
20130424,157.83,158.3,157.54,157.9,1890770,0.0006971290956334641
20130425,158.33,159.27,158.1,158.61,2594467,0.004496516782773963
20130426,158.33,158.6,157.73,158.26,2008387,-0.00220667044953049
20130429,158.67,159.65,158.42,159.3,1838772,0.006571464678377437
20130430,159.27,159.72,158.61,159.68,2253742,0.002385436283741438
20130501,159.33,159.41,158.1,158.32,2658625,-0.008517034068136309
20130502,158.68,159.89,158.53,159.72,1917270,0.008842849924204144
20130503,161.14,161.88,161.04,161.32,2684950,0.010017530678687603
20130506,161.49,162.01,161.42,161.78,1390680,0.0028514753285395766
20130507,162.12,162.65,161.67,162.63,1890800,0.005254048708122072
20130508,162.42,163.39,162.33,163.34,1965792,0.004365738178687906
20130509,163.27,163.7,162.47,162.93,2213987,-0.002510101628504957
20130510,162.99,163.49,162.51,163.41,2052990,0.0029460504511138463
20130513,163.2,163.81,162.82,163.54,1639002,0.0007955449482894839
20130514,163.67,165.35,163.67,165.28,2219447,0.010639598874893075
20130515,164.96,166.45,164.91,166.15,2420550,0.00526379477250738
20130516,165.77,166.36,165.09,165.34,2185850,-0.004875112849834551
20130517,165.95,167.04,165.73,166.97,2497702,0.009858473448651317
20130520,166.78,167.58,166.61,166.97,1818987,0.0
20130521,167.08,167.8,166.5,167.11,1963525,0.0008384739773612537
20130522,167.34,169.07,165.17,165.92,5073250,-0.007121057985758017
20130523,164.17,165.91,163.94,165.45,4424330,-0.0028326904532304242
20130524,164.46,165.38,163.98,165.33,2688715,-0.0007252946509518354
20130528,167.04,167.78,165.29,166.3,3034070,0.005867053771245301
20130529,165.42,165.8,164.34,165.22,3527742,-0.006494287432351253
20130530,165.35,166.59,165.22,165.89,2242567,0.004055199128434772
20130531,165.37,166.31,163.13,163.24,3388557,-0.015974440894568565
20130603,163.83,164.46,162.66,164.38,3523592,0.006983582455280413
20130604,164.44,165.1,162.73,163.56,3367647,-0.004988441416230671
20130605,163.09,163.42,161.13,161.18,4376407,-0.014551235020787479
20130606,161.2,162.74,160.25,162.64,4000082,0.009058195805931035
20130607,163.85,164.95,163.14,164.81,3528982,0.013342351205115621
20130610,165.3,165.4,164.37,164.8,2044570,-6.067592985858905e-05
20130611,163.26,164.54,162.74,163.12,3322105,-0.010194174757281571
20130612,164.22,164.39,161.6,161.75,3593297,-0.008398724865130047
20130613,161.65,164.5,161.3,164.22,3186077,0.015270479134466663
20130614,164.05,164.67,162.91,163.17,2746145,-0.006393861892583175
20130617,164.29,165.22,163.55,164.5,2772810,0.008151008151008332
20130618,164.52,165.99,164.52,165.69,2058670,0.007234042553191378
20130619,165.61,165.89,163.38,163.54,4104407,-0.012976039592009214
20130620,161.86,162.1,158.98,159.27,6426005,-0.026109820227467218
20130621,159.63,159.76,157.47,159.05,5496035,-0.0013813021912475465
20130624,157.42,158.43,155.73,156.99,4896895,-0.012951901917635955
20130625,158.48,160.1,157.42,158.65,3356680,0.010573921905853823
20130626,159.87,160.5,159.25,160.17,2904527,0.009580838323353102
20130627,161.1,161.82,160.95,161.13,2854730,0.005993631766248342
20130628,160.62,161.4,159.86,160.01,3168015,-0.006950909203748523
20130701,161.25,162.48,161.08,161.4,2760927,0.00868695706518352
20130702,161.12,162.3,160.5,161.16,2817442,-0.0014869888475836923
20130703,160.46,161.77,160.22,161.28,1446932,0.0007446016381236209
20130705,162.47,163.08,161.3,163.05,2297785,0.01097470238095255
20130708,163.86,164.39,163.58,163.94,2202685,0.005458448328733434
20130709,164.98,165.33,164.27,165.08,2515292,0.006953763572038696
20130710,164.98,165.75,164.63,165.21,2591977,0.0007874969711654245
20130711,167.11,167.61,166.53,167.51,2533600,0.013921675443375081
20130712,167.39,167.85,167.13,167.51,1902932,0.0
20130715,167.97,168.39,167.68,168.22,1488845,0.004238552922213756
20130716,168.26,168.36,167.07,167.5,1708785,-0.004280109380573105
20130717,168.16,168.48,167.73,167.97,1855525,0.002805970149253767
20130718,168.31,169.27,168.2,168.88,1926725,0.005417634101327673
20130719,168.52,169.23,168.31,169.23,2001167,0.0020724774988156724
20130722,169.41,169.74,169.01,169.5,1572152,0.0015954617975537655
20130723,169.8,169.83,169.05,169.14,1651785,-0.002123893805309862
20130724,169.79,169.86,168.18,168.55,2443632,-0.003488234598557294
20130725,168.22,169.08,167.94,168.93,2029232,0.0022545238801541245
20130726,168.22,169.16,167.52,169.11,2097317,0.0010655301012254537
20130729,168.68,169.06,168.11,168.53,1665090,-0.003429720300396233
20130730,169.1,169.28,168.19,168.6,1831390,0.0004153563163828977
20130731,168.96,169.85,168.49,168.66,2865152,0.000355871886120962
20130801,169.99,170.81,169.9,170.65,2238530,0.011798885331436137
20130802,170.28,170.96,170.05,170.95,1664780,0.0017579841781423244
20130805,170.57,170.96,170.35,170.8,1036740,-0.0008774495466509213
20130806,170.37,170.52,169.35,169.73,1689442,-0.006264637002342033
20130807,169.19,169.43,168.55,169.18,1744765,-0.003240440699935121
20130808,169.98,170.18,168.93,169.81,1754255,0.0037238444260550008
20130809,169.58,170.1,168.72,169.3,1934525,-0.003003356692774184
20130812,168.46,169.31,168.38,169.1,1344447,-0.0011813349084466296
20130813,169.41,169.9,168.41,169.69,1790595,0.003489059727971533
20130814,169.53,169.8,168.7,168.74,1633282,-0.005598444221816212
20130815,167.42,167.43,166.09,166.27,3017185,-0.014637904468412954
20130816,166.06,166.63,165.5,165.87,2427762,-0.002405725626992261
20130819,165.64,166.21,164.76,164.76,1865990,-0.006691987701211821
20130820,165.04,166.2,164.86,165.59,1832675,0.005037630492838119
20130821,165.14,166.03,164.19,164.56,3163432,-0.006220182378162908
20130822,164.9,166.3,164.89,166.06,1885132,0.009115216334467657
20130823,166.55,166.83,165.77,166.67,1626720,0.0036733710706973177
20130826,166.79,167.3,165.89,165.97,1646240,-0.004199916001679904
20130827,164.36,164.98,163.21,163.29,3065800,-0.016147496535518502
20130828,163.26,164.49,163.05,163.91,1993495,0.0037969257149856883
20130829,163.55,165.04,163.4,164.22,2039302,0.0018912818009884091
20130830,164.51,164.53,163.17,163.65,2493130,-0.0034709535988307616
20130903,165.26,165.58,163.7,164.38,2674002,0.004460739382829093
20130904,164.43,166.03,164.14,165.82,2034422,0.008760189804112306
20130905,165.85,166.4,165.73,165.86,1329185,0.00024122542516002987
20130906,166.51,166.98,164.48,166.04,3221647,0.0010852526226936554
20130909,166.44,167.73,166.44,167.67,1762695,0.009816911587569255
20130910,168.64,168.9,168.26,168.84,2115250,0.006977992485238893
20130911,168.64,169.4,168.35,169.37,1806705,0.003139066571902438
20130912,169.35,169.56,168.72,169.04,1708587,-0.0019483970006495266
20130913,169.14,169.46,168.74,169.33,1449132,0.0017155702792239769
20130916,171.16,171.24,170.04,170.38,2078800,0.0062009094667216935
20130917,170.46,171.11,170.46,171.07,1449550,0.00404977109989435
20130918,171.01,173.52,170.58,173.14,3716927,0.012100309814695676
20130919,173.52,173.6,172.59,172.81,2536625,-0.001905972045743276
20130920,172.33,172.33,170.58,170.62,2637005,-0.012672877726983334
20130923,170.5,170.65,169.39,169.94,2023577,-0.003985464775524639
20130924,169.91,170.53,169.21,169.57,1985167,-0.0021772390255384577
20130925,169.63,169.98,168.89,169.11,2380887,-0.0027127439995281444
20130926,169.32,170.17,169.05,169.69,1624542,0.003429720300396122
20130927,168.83,169.14,168.47,168.95,1930405,-0.00436089339383583
20130930,167.48,168.54,167.15,168.1,3009540,-0.005031074282332071
20131001,168.14,169.5,168.0,169.34,2367842,0.0073765615704937115
20131002,168.35,169.21,167.83,169.18,1997720,-0.0009448446911538566
20131003,168.79,168.94,166.84,167.62,3595780,-0.009220948102612647
20131004,167.75,169.06,167.53,168.89,2011617,0.007576661496241366
20131007,167.41,168.45,167.25,167.43,1901455,-0.008644679969210589
20131008,167.4,167.62,165.36,165.48,3641590,-0.011646658304963364
20131009,165.81,166.2,164.53,165.6,3537635,0.0007251631617113397
20131010,167.29,169.26,167.23,169.17,3690592,0.02155797101449264
20131011,168.9,170.32,168.77,170.26,2150242,0.006443222793639514
20131014,169.21,171.08,169.08,170.94,2266410,0.003993891695054597
20131015,170.52,171.15,169.47,169.7,3224010,-0.007254007254007266
20131016,170.72,172.16,170.64,172.07,3061050,0.013965822038892295
20131017,171.36,173.32,171.34,173.22,2569117,0.006683326553146962
20131018,173.86,174.51,173.51,174.39,2759387,0.006754416349151304
20131021,174.43,174.75,174.01,174.4,1619242,5.7342737542320776e-05
20131022,174.91,175.93,174.66,175.41,2609412,0.005791284403669605
20131023,174.81,174.89,173.96,174.57,2239877,-0.004788780571233109
20131024,174.92,175.37,174.51,175.15,1481452,0.0033224494472132715
20131025,175.51,175.96,175.17,175.95,1828270,0.00456751355980578
20131028,175.89,176.47,175.7,176.23,1576505,0.001591361182154083
20131029,176.63,177.23,176.38,177.17,1585095,0.005333938602962052
20131030,177.38,177.51,175.66,176.29,2784125,-0.0049669808658350245
20131031,176.15,176.89,175.53,175.79,2519077,-0.002836235747915361
20131101,176.03,176.61,175.22,176.21,2648600,0.0023892144035497775
20131104,176.69,176.9,176.15,176.83,1329267,0.0035185290278645365
20131105,176.14,176.75,175.57,176.27,1681300,-0.00316688344737881
20131106,177.03,177.5,176.54,177.17,1629632,0.005105803596754832
20131107,177.5,177.64,174.76,174.93,3090115,-0.012643224022125588
20131108,174.86,177.29,174.85,177.29,2654165,0.013491110730006195
20131111,177.13,177.53,176.91,177.32,1249537,0.00016921428168537034
20131112,176.94,177.36,176.37,176.96,1748350,-0.002030227836679388
20131113,176.09,178.41,176.09,178.38,1917052,0.008024412296564032
20131114,178.54,179.42,178.25,179.27,2025225,0.0049893485816796534
20131115,179.57,180.07,179.33,180.05,1638237,0.00435097897026826
20131118,180.35,180.5,179.02,179.42,1932000,-0.0034990280477646962
20131119,179.32,179.87,178.72,179.03,1957055,-0.002173670716753895
20131120,179.41,179.93,177.98,178.47,2609372,-0.0031279673797687257
20131121,178.97,180.05,178.86,179.91,1674967,0.008068582955118586
20131122,179.97,180.83,179.77,180.81,1447780,0.005002501250625402
20131125,181.13,181.17,180.37,180.63,1487552,-0.0009955201592832807
20131126,180.73,181.22,180.41,180.68,1595257,0.0002768089464653123
20131127,180.88,181.24,180.65,181.12,1150422,0.0024352446313924414
20131129,181.32,181.75,180.8,181.0,985620,-0.0006625441696113121
20131202,181.09,181.43,180.25,180.53,1726250,-0.002596685082872918
20131203,179.94,180.39,179.17,179.75,1988557,-0.00432061153270924
20131204,179.1,180.48,178.35,179.73,2571962,-0.00011126564673158423
20131205,179.41,179.74,178.77,178.94,2013737,-0.004395482112056981
20131206,180.66,181.11,180.15,180.94,2135442,0.011176930814798203
20131209,181.47,181.67,181.16,181.4,1390757,0.0025422792085774137
20131210,180.98,181.36,180.64,180.75,1494165,-0.0035832414553472747
20131211,180.81,180.85,178.5,178.72,2613905,-0.011230982019363789
20131212,178.62,178.86,177.76,178.13,2362930,-0.003301253357206768
20131213,178.5,178.66,177.77,178.11,1997132,-0.00011227755010378981
20131216,178.94,179.81,178.9,179.22,1797722,0.006232103756105722
20131217,179.36,179.41,178.25,178.65,1661057,-0.003180448610646147
20131218,178.92,181.73,177.32,181.7,4701607,0.01707248810523354
20131219,181.19,181.7,180.71,181.49,2319175,-0.001155751238304803
20131220,180.67,181.99,180.66,181.56,2828395,0.0003856961816077753
20131223,182.27,182.64,182.15,182.53,1269930,0.0053425864727914
20131224,182.54,183.01,182.53,182.93,772180,0.0021914205883963866
20131226,183.33,183.96,183.32,183.85,1197717,0.005029246159733214
20131227,184.1,184.18,183.66,183.84,1160692,-5.439216752778364e-05
20131230,183.86,184.02,183.58,183.82,1037052,-0.00010879025239340923
20131231,184.07,184.69,183.93,184.69,1601022,0.004732890871504747
20140102,183.98,184.07,182.48,182.92,2158825,-0.009583626617575502
20140103,183.21,183.6,182.63,182.88,1585670,-0.0002186748305269548
20140106,183.47,183.56,182.08,182.36,1798397,-0.002843394575677949
20140107,183.09,183.79,182.95,183.48,1617730,0.006141697740732477
20140108,183.45,183.83,182.89,183.52,1871382,0.00021800741225219689
20140109,184.1,184.14,182.8,183.64,1732015,0.0006538796861377261
20140110,183.97,184.22,183.01,184.14,1802020,0.002722718362012655
20140113,183.71,184.18,181.34,181.69,2686862,-0.013305093950255142
20140114,182.28,183.77,181.95,183.67,1957785,0.010897682866420677
20140115,184.1,184.94,184.01,184.66,1765012,0.0053901018130342315
20140116,184.26,184.5,183.83,184.42,1315085,-0.0012996859092386792
20140117,184.1,184.45,183.32,183.63,1732082,-0.004283700249430589
20140121,184.7,184.77,183.05,184.18,1712397,0.0029951532973915285
20140122,184.49,184.57,183.91,184.3,1267225,0.0006515365403410023
20140123,183.36,183.4,181.82,182.79,2355322,-0.00819316332067288
20140124,181.6,181.66,178.87,178.89,3973515,-0.021335959297554608
20140127,179.06,179.52,177.12,178.01,3800775,-0.004919224104198094
20140128,178.16,179.3,178.12,179.07,2032705,0.005954721644851446
20140129,177.56,178.55,176.88,177.35,4077860,-0.009605182330931994
20140130,178.86,179.81,178.26,179.23,2264957,0.010600507471102416
20140131,177.02,179.29,176.92,178.18,3428227,-0.00585839424203527
20140203,177.95,178.37,173.83,174.17,5210080,-0.02250533168705815
20140204,174.96,175.84,174.34,175.38,3311427,0.006947235459608514
20140205,174.79,175.56,173.71,175.17,3276260,-0.0011973999315771922
20140206,175.58,177.48,175.22,177.48,2310057,0.013187189587258175
20140207,178.31,179.87,177.73,179.68,3001180,0.012395762902862373
20140210,179.7,180.07,179.21,180.01,1482942,0.0018365983971504463
20140211,180.16,182.44,180.06,181.98,2381452,0.010943836453530364
20140212,182.22,182.83,181.71,182.07,1983075,0.0004945598417409602
20140213,180.85,183.2,180.83,183.01,2038277,0.005162849453506979
20140214,182.84,184.36,182.62,184.02,1721877,0.005518824107972442
20140218,184.19,184.49,183.65,184.24,1440912,0.0011955222258450693
20140219,183.76,184.95,182.87,183.02,2398567,-0.006621797655232298
20140220,183.27,184.52,182.6,184.1,1980650,0.005900994426838446
20140221,184.49,184.89,183.8,183.89,1831812,-0.0011406844106464087
20140224,184.28,186.15,184.2,184.91,2150945,0.005546794279188694
20140225,185.03,185.59,184.23,184.84,2255975,-0.0003785625439403084
20140226,185.12,185.6,184.33,184.85,1983987,5.41008439731705e-05
20140227,184.58,185.84,184.37,185.82,1885875,0.005247497971328174
20140228,185.78,187.15,185.05,186.29,2969480,0.0025293294586159476
20140303,184.69,185.45,183.75,184.98,3262857,-0.007032046808739034
20140304,186.75,187.98,186.75,187.58,3476517,0.014055573575521896
20140305,187.72,188.07,187.45,187.75,1629447,0.0009062799872054939
20140306,188.21,188.61,187.89,188.18,1700792,0.0022902796271637715
20140307,188.86,188.96,187.43,188.26,2238382,0.0004251248804334473
20140310,187.94,188.23,187.08,188.16,1574985,-0.0005311802825879175
20140311,188.44,188.71,186.8,187.23,2084327,-0.004942602040816313
20140312,186.31,187.35,185.9,187.28,2174067,0.00026705122042414153
20140313,187.84,187.99,184.66,185.18,3213302,-0.011213156770610855
20140314,184.79,185.8,184.44,184.66,3125625,-0.0028080786262015822
20140317,185.59,186.77,185.51,186.33,2062735,0.009043647785118791
20140318,186.7,187.91,186.51,187.66,1924372,0.007137873665002958
20140319,187.7,187.94,185.47,186.66,2805252,-0.005328786102525851
20140320,186.25,187.89,185.92,187.75,2200777,0.005839494267652512
20140321,187.72,188.17,186.03,186.2,2902735,-0.008255659121171877
20140324,186.81,187.07,184.62,185.43,2644142,-0.004135338345864548
20140325,186.37,186.94,185.27,186.31,2243187,0.004745726150029661
20140326,187.03,187.34,184.95,184.97,2415172,-0.007192313885459711
20140327,184.77,185.34,183.9,184.58,2895757,-0.0021084500189219035
20140328,185.11,186.42,185.0,185.49,2010262,0.00493011160472423
20140331,186.65,187.3,186.47,187.01,1937580,0.008194511833521823
20140401,187.62,188.36,187.45,188.25,1715822,0.006630661461954013
20140402,188.5,189.13,188.14,188.88,1604010,0.003346613545816668
20140403,189.17,189.22,188.05,188.63,1587670,-0.00132359169843288
20140404,189.64,189.7,186.1,186.4,3421112,-0.011822085564332285
20140407,185.9,186.26,183.96,184.34,2950650,-0.011051502145922765
20140408,184.21,185.4,183.59,185.1,2422110,0.004122816534664064
20140409,185.6,187.15,185.06,187.09,2030535,0.010750945434900183
20140410,187.09,187.17,182.93,183.16,3424722,-0.021005932973435226
20140411,182.17,183.42,181.31,181.51,3495025,-0.009008517143481165
20140414,182.93,183.37,181.44,182.94,2563512,0.007878353809707583
20140415,183.32,184.33,181.51,184.2,3408157,0.006887504099704733
20140416,185.47,186.14,184.65,186.13,2008065,0.010477741585233513
20140417,185.88,186.91,185.56,186.39,1866157,0.0013968731531723844
20140421,186.44,187.1,186.21,187.04,1252477,0.003487311551048977
20140422,187.23,188.4,187.13,187.89,1718180,0.004544482463644028
20140423,187.81,187.92,187.3,187.45,1463765,-0.0023417957315450266
20140424,188.37,188.39,186.93,187.83,1857357,0.002027207255268282
20140425,187.21,187.33,185.87,186.29,2049552,-0.008198903263589519
20140428,187.05,187.69,184.96,186.88,2799485,0.003167105051264274
20140429,187.48,188.04,187.08,187.75,1688190,0.004655393835616417
20140430,187.44,188.5,187.18,188.31,2042217,0.002982689747003997
20140501,188.22,188.84,187.73,188.33,1887552,0.00010620784876014255
20140502,188.31,189.14,187.78,188.06,1854482,-0.001433653692985759
20140505,187.14,188.55,186.62,188.42,1480237,0.0019142826757416742
20140506,188.0,188.13,186.74,186.78,1537390,-0.008703959239995673
20140507,187.43,187.97,186.01,187.88,2247480,0.005889281507656108
20140508,187.67,189.05,187.08,187.68,2100367,-0.001064509261230473
20140509,187.69,188.04,186.83,187.96,1722710,0.0014919011082694666
20140512,188.76,189.88,188.75,189.78,1567112,0.009682911257714366
20140513,190.01,190.42,189.77,189.96,1387335,0.000948466645589674
20140514,189.79,189.88,188.79,189.06,1423122,-0.004737839545167488
20140515,188.67,188.72,186.48,187.4,3150647,-0.00878028139215059
20140516,187.51,188.13,186.72,188.05,1918692,0.003468516542155742
20140519,187.69,188.89,187.52,188.74,1196092,0.0036692369050783658
20140520,188.65,188.67,187.07,187.55,2133195,-0.0063049697997245024
20140521,188.1,189.22,188.06,189.13,1826935,0.0084244201546253
20140522,189.18,189.98,188.86,189.59,1248747,0.0024321894992862525
20140523,189.75,190.48,189.68,190.35,1174407,0.004008650245266088
20140527,191.05,191.58,190.95,191.52,1243862,0.006146572104019032
20140528,191.52,191.82,191.06,191.38,1273875,-0.0007309941520469154
20140529,191.82,192.38,191.33,192.37,1265522,0.005172954331696067
20140530,192.18,192.8,192.03,192.68,1467135,0.0016114778811664454
20140602,192.95,192.99,191.97,192.9,1249790,0.0011417894955365604
20140603,192.4,192.9,192.25,192.8,1095027,-0.0005184033177811909
20140604,192.46,193.3,192.27,193.19,988725,0.0020228215767634783
20140605,193.41,194.65,192.7,194.45,1730807,0.006522076712045077
20140606,194.87,195.43,194.78,195.38,1365945,0.004782720493700321
20140609,195.35,196.05,195.17,195.58,1289265,0.0010236462278636616
20140610,195.33,195.6,194.92,195.6,979655,0.00010225994477952582
20140611,194.9,195.12,194.48,194.92,1097190,-0.003476482617586929
20140612,194.65,194.8,193.11,193.54,1846215,-0.007079827621588319
20140613,193.9,194.32,193.3,194.13,1426787,0.0030484654335021233
20140616,193.89,194.7,193.66,194.29,1351402,0.0008241899757894799
20140617,194.02,194.97,193.81,194.83,1396952,0.0027793504555047033
20140618,194.83,196.37,194.4,196.25,2005652,0.007288405276394849
20140619,196.43,196.6,195.8,196.48,1567125,0.0011719745222928957
20140620,196.03,196.06,195.7,195.94,1579255,-0.0027483713355048733
20140623,195.97,196.05,195.52,195.88,1168255,-0.00030621618862913813
20140624,195.53,196.5,194.48,194.7,2090392,-0.006024096385542244
20140625,194.25,195.78,194.25,195.58,1639915,0.00451977401129966
20140626,195.61,195.63,194.13,195.44,1603415,-0.0007158196134574579
20140627,194.98,195.88,194.89,195.82,1330210,0.001944330740892397
20140630,195.7,196.17,195.53,195.72,1306370,-0.0005106730671023962
20140701,196.19,197.63,196.13,197.03,1854070,0.006693235234007888
20140702,197.05,197.48,196.96,197.23,1054865,0.0010150738466223608
20140703,197.79,198.29,197.64,198.2,901517,0.004918115905288234
20140707,197.82,197.98,197.22,197.51,1168512,-0.003481331987891023
20140708,197.15,197.22,195.76,196.24,1972620,-0.006430054174472066
20140709,196.73,197.3,196.31,197.12,1541897,0.004484304932735439
20140710,195.22,196.86,195.06,196.34,1947867,-0.0039569805194805685
20140711,196.21,196.75,195.78,196.61,1228232,0.0013751655291840414
20140714,197.61,197.86,197.44,197.6,1064600,0.005035349168404313
20140715,197.72,198.1,196.36,197.23,2192180,-0.0018724696356275938
20140716,198.11,198.26,197.42,197.96,1493107,0.003701262485423129
20140717,197.35,198.1,195.43,195.71,2845085,-0.011365932511618548
20140718,196.35,197.91,196.24,197.71,2001397,0.010219201880333095
20140721,197.09,197.5,196.43,197.34,1392872,-0.0018714278488696223
20140722,198.01,198.56,197.87,198.2,1197720,0.004357960879699974
20140723,198.5,198.85,198.1,198.64,1123250,0.002219979818365303
20140724,198.84,199.06,198.45,198.65,1136230,5.034232782930026e-05
20140725,198.09,198.26,197.33,197.72,1568352,-0.004681600805436781
20140728,197.76,198.09,196.62,197.8,1382282,0.0004046125834513692
20140729,198.17,198.45,196.94,196.95,1637912,-0.004297269969666395
20140730,197.65,197.91,196.16,196.98,2167492,0.00015232292460010122
20140731,195.61,195.78,193.04,193.09,3408260,-0.019748197786577215
20140801,192.57,193.76,191.57,192.5,3642345,-0.0030555699414780424
20140804,192.87,194.3,192.05,193.89,1859730,0.007220779220779239
20140805,193.1,193.6,191.31,192.01,2833660,-0.009696219505905379
20140806,191.11,192.89,191.08,192.07,2030327,0.00031248372480607856
20140807,192.94,193.13,190.55,191.03,2593477,-0.005414692560004153
20140808,191.46,193.37,190.95,193.24,2209497,0.011568863529288542
20140811,193.97,194.66,193.71,193.8,1548690,0.002897950734837451
20140812,193.61,194.15,192.94,193.53,1506307,-0.0013931888544892468
20140813,194.29,195.06,193.96,194.84,1307505,0.0067689763860900865
20140814,195.17,195.76,194.98,195.76,1186777,0.004721823034284478
20140815,196.47,196.65,194.31,195.72,2852675,-0.0002043318348998735
20140818,196.8,197.45,196.69,197.36,1332885,0.008379317392193109
20140819,197.83,198.54,197.65,198.39,1116885,0.0052188893392783875
20140820,198.13,199.16,198.08,198.92,1469077,0.0026715056202428755
20140821,199.09,199.76,198.93,199.5,1195205,0.0029157450231249715
20140822,199.33,199.69,198.74,199.19,1503620,-0.0015538847117794186
20140825,200.14,200.59,199.86,200.2,1122852,0.005070535669461362
20140826,200.33,200.82,200.28,200.33,915675,0.0006493506493507883
20140827,200.44,200.57,199.94,200.25,882595,-0.0003993410872061842
20140828,199.59,200.27,199.39,200.14,1027975,-0.000549313358302217
20140829,200.45,200.73,199.82,200.71,1185395,0.002848006395523184
20140902,200.97,201.0,199.86,200.61,1336612,-0.0004982312789596488
20140903,201.39,201.41,200.22,200.5,1130485,-0.0005483276008175775
20140904,200.84,201.58,199.66,200.21,1611390,-0.0014463840399001615
20140905,200.16,201.19,199.41,201.11,1661547,0.004495279956046261
20140908,200.92,201.21,200.0,200.59,1270677,-0.0025856496444732757
20140909,200.41,200.55,198.91,199.32,1783257,-0.00633132259833491
20140910,199.43,200.2,198.77,200.07,1449410,0.003762793497892769
20140911,199.27,200.33,199.12,200.3,1383132,0.0011495976408257835
20140912,200.1,200.12,198.56,199.13,1991825,-0.005841238142785921
20140915,199.16,199.32,198.38,198.98,1382340,-0.0007532767538793728
20140916,198.61,200.84,198.5,200.48,1977467,0.00753844607498233
20140917,200.77,201.68,199.75,200.75,2786010,0.0013467677573824055
20140918,201.36,201.85,201.1,201.82,1539142,0.005330012453300004
20140919,201.52,201.73,200.29,200.7,2065292,-0.005549499554058146
20140922,200.35,200.38,198.73,199.15,2266262,-0.007722969606377639
20140923,198.43,199.26,197.95,198.01,2084437,-0.00572432839568171
20140924,198.05,199.69,197.52,199.56,1979002,0.007827887480430284
20140925,199.04,199.05,196.32,196.34,3000870,-0.01613549809581083
20140926,196.69,198.39,196.42,197.9,2078315,0.00794540083528572
20140929,196.2,197.89,196.05,197.54,1824605,-0.0018191005558363393
20140930,197.69,198.3,196.61,197.02,2350735,-0.0026323782525057293
20141001,196.7,196.77,193.91,194.35,3758960,-0.013551923662572407
20141002,194.17,195.06,192.35,194.38,3408747,0.00015436068947782822
20141003,195.68,196.94,195.08,196.52,2322065,0.011009363103199998
20141006,197.34,197.6,195.58,196.29,2198840,-0.001170364339507568
20141007,195.28,195.72,193.25,193.26,2698302,-0.015436344184624806
20141008,193.38,196.92,192.36,196.64,3948850,0.017489392528200254
20141009,196.33,196.6,192.58,192.74,4254287,-0.01983319772172487
20141010,192.69,193.65,190.51,190.54,4511912,-0.011414340562415748
20141013,190.46,191.15,187.3,187.41,4647982,-0.01642699695601968
20141014,188.42,189.82,187.04,187.7,4450085,0.0015474094231897606
20141015,185.16,186.88,181.92,186.43,7516522,-0.006766116142780887
20141016,183.06,187.58,182.89,186.27,5291012,-0.0008582309714101344
20141017,188.42,189.75,187.62,188.47,4219490,0.011810812261770387
20141020,188.13,190.45,188.07,190.3,2294495,0.009709768132859509
20141021,191.68,194.2,191.48,194.07,3207475,0.019810825013137023
20141022,194.41,194.91,192.61,192.69,3036962,-0.007110836296181811
20141023,194.62,196.2,194.26,194.93,3039655,0.01162488971923814
20141024,195.22,196.49,194.49,196.43,2378367,0.007695070025137252
20141027,195.73,196.45,195.03,196.16,1760215,-0.0013745354579239866
20141028,196.82,198.42,196.73,198.41,2118727,0.011470228384991898
20141029,198.55,199.12,196.8,198.11,3026940,-0.0015120205634795436
20141030,197.58,199.95,197.4,199.38,2316212,0.006410579980818731
20141031,201.78,201.82,200.77,201.66,2564642,0.0114354498946736
20141103,201.92,202.45,201.31,201.77,1930525,0.0005454725776059544
20141104,201.23,201.6,200.06,201.07,1900037,-0.0034692967239927652
20141105,202.53,202.59,201.45,202.34,1830860,0.006316208285671809
20141106,202.39,203.26,201.64,203.15,1631542,0.004003162992982201
20141107,203.18,203.6,202.61,203.34,1623277,0.0009352695052915472
20141110,203.38,204.04,203.13,203.98,1317945,0.0031474377889249006
20141111,204.06,204.31,203.65,204.18,1064257,0.000980488283164993
20141112,203.35,204.24,203.31,203.96,1367887,-0.0010774806543245585
20141113,204.17,204.83,203.21,204.19,1807147,0.0011276720925670336
20141114,204.1,204.49,203.72,204.24,1404917,0.0002448699740438265
20141117,203.85,204.58,203.65,204.37,1382235,0.0006365060712887338
20141118,204.44,205.92,204.44,205.55,1483192,0.005773841561873105
20141119,205.31,205.55,204.3,205.22,1659355,-0.001605448795913511
20141120,204.26,205.71,204.18,205.58,1461070,0.0017542149887925795
20141121,207.64,207.72,205.98,206.68,2086735,0.005350715050102206
20141124,207.17,207.39,206.91,207.26,1200252,0.0028062705631894946
20141125,207.53,207.79,206.8,207.11,1414725,-0.0007237286500046958
20141126,207.29,207.76,207.03,207.64,1028297,0.002559026604219916
20141128,207.49,207.87,206.91,207.2,966660,-0.0021190522057407124
20141201,206.39,206.54,205.38,205.76,2049645,-0.006949806949806958
20141202,205.81,207.34,205.79,207.09,1537995,0.0064638413685849105
20141203,207.3,208.15,207.1,207.89,1296585,0.0038630547105122925
20141204,207.54,208.27,206.7,207.66,1836182,-0.0011063543219971272
20141205,207.87,208.47,207.55,208.0,1611347,0.001637291726861223
20141208,207.52,208.12,205.93,206.61,1985800,-0.006682692307692251
20141209,204.37,206.6,203.91,206.47,2504055,-0.0006776051497991986
20141210,205.91,205.98,202.93,203.16,3191142,-0.0160313847047997
20141211,203.89,206.19,203.71,204.19,3034910,0.005069895648749823
20141212,202.64,203.82,200.85,200.89,3734705,-0.016161418286889773
20141215,201.98,202.53,198.78,199.51,4185480,-0.006869431031907958
20141216,198.57,202.4,197.86,197.91,4599020,-0.008019648137937874
20141217,198.45,202.34,198.29,201.79,4694405,0.01960487090091445
20141218,204.74,212.97,203.92,206.78,4544310,0.024728678328955978
20141219,206.43,207.33,205.62,206.52,3531252,-0.0012573749879097873
20141222,206.74,207.47,206.46,207.47,2197785,0.004600038737168299
20141223,208.17,208.23,207.51,207.75,1837380,0.0013495927121993656
20141224,208.02,208.34,207.72,207.77,798585,9.626955475328103e-05
20141226,208.3,208.85,208.25,208.44,1008552,0.003224719641911733
20141229,208.22,208.97,208.14,208.72,1304685,0.001343312224141302
20141230,208.21,208.37,207.51,207.6,1383552,-0.00536604062859336
20141231,208.0,208.19,205.39,205.54,2274762,-0.009922928709055867
20150102,206.38,206.88,204.18,205.43,2332975,-0.0005351756349127879
20150105,204.17,204.37,201.35,201.72,3277120,-0.01805967969624689
20150106,202.09,202.72,198.85,199.82,4123350,-0.009418996628990706
20150107,201.42,202.72,200.88,202.31,2547052,0.012461215093584332
20150108,204.0,206.16,203.99,205.9,2774592,0.01774504473333005
20150109,206.4,206.42,203.51,204.25,3063517,-0.008013598834385682
20150112,204.41,204.6,201.92,202.65,2571740,-0.007833537331701335
20150113,204.12,205.48,200.51,202.08,4082730,-0.0028127313101405926
20150114,199.65,201.1,198.57,200.86,3682367,-0.006037212984956408
20150115,201.63,202.01,198.88,199.02,3250295,-0.00916060937966745
20150116,198.77,201.82,198.55,201.63,3374560,0.013114259873379552
20150120,202.4,202.72,200.17,202.06,2468040,0.0021326191538957318
20150121,201.5,203.66,200.94,203.08,2628107,0.005048005542908074
20150122,203.99,206.26,202.33,206.1,3081255,0.01487098680323018
20150123,205.79,206.1,204.81,204.97,2238572,-0.0054827753517709965
20150126,204.71,205.56,203.85,205.45,1760497,0.0023418061179685257
20150127,202.97,204.12,201.74,202.74,2708610,-0.013190557313214835
20150128,204.17,204.29,199.91,200.14,3147037,-0.012824306994179802
20150129,200.38,202.3,198.68,201.99,3236235,0.009243529529329608
20150130,200.57,202.17,199.13,199.45,3555902,-0.012574879944551864
20150202,200.06,202.03,197.86,201.92,3286060,0.012384056154424616
20150203,203.0,204.85,202.55,204.84,2588010,0.014461172741679906
20150204,203.92,205.38,203.51,204.06,2647890,-0.003807850029291182
20150205,204.86,206.3,204.77,206.12,1946412,0.01009507007742827
20150206,206.56,207.24,204.92,205.55,2411640,-0.002765379390646139
20150209,204.77,205.64,204.13,204.63,1648502,-0.004475796643152563
20150210,205.88,207.12,204.82,206.81,1790555,0.010653374383032821
20150211,206.61,207.45,205.83,206.93,1788985,0.0005802427348775563
20150212,207.89,208.99,207.68,208.92,1916912,0.009616778620789468
20150213,209.07,209.84,208.76,209.78,1769827,0.00411640819452419
20150217,209.4,210.32,209.1,210.11,1494310,0.0015730765563923832
20150218,209.66,210.22,209.34,210.13,1545852,9.518823473420035e-05
20150219,209.41,210.42,209.24,209.98,1671855,-0.0007138438109741685
20150220,209.48,211.33,208.73,211.24,2546785,0.006000571482998485
20150223,210.95,211.21,210.48,211.21,1239360,-0.00014201855709150557
20150224,211.12,212.05,210.76,211.81,1490585,0.002840774584536687
20150225,211.66,212.24,211.22,211.63,1505802,-0.0008498182333223081
20150226,211.52,211.71,210.65,211.38,1440230,-0.0011813069980626256
20150227,211.26,211.58,210.64,210.66,1756955,-0.0034061879080329316
20150302,210.78,212.06,210.72,211.99,1666220,0.006313490933257393
20150303,211.47,211.59,210.08,211.12,2063267,-0.004103967168262668
20150304,210.4,210.49,209.06,210.23,2059535,-0.0042156119742327025
20150305,210.62,210.8,209.85,210.46,1508782,0.0010940398611045676
20150306,209.42,209.94,207.1,207.5,2949530,-0.014064430295543162
20150309,207.74,208.79,207.58,208.36,1739590,0.004144578313252989
20150310,206.71,206.81,204.97,204.98,2734845,-0.016221923593780163
20150311,205.29,205.5,204.4,204.5,2161992,-0.0023416918723777602
20150312,205.26,207.18,205.2,207.1,1866817,0.01271393643031793
20150313,206.78,206.93,204.58,205.83,2807585,-0.006132303235152015
20150316,206.71,208.69,206.68,208.58,2291917,0.013360540251663888
20150317,207.69,208.42,206.98,207.96,1919762,-0.0029724805829897116
20150318,207.37,211.27,206.62,210.46,4173447,0.012021542604347069
20150319,209.96,210.29,209.03,209.5,2096015,-0.004561436852608569
20150320,209.7,211.02,209.61,210.41,2546032,0.004343675417661119
20150323,210.42,211.11,210.0,210.0,1179160,-0.0019485765885651762
20150324,209.85,210.4,208.74,208.82,1485910,-0.005619047619047635
20150325,209.07,209.35,205.71,205.76,3075672,-0.01465376879609237
20150326,204.96,206.37,204.12,205.27,2857315,-0.002381415241057394
20150327,205.14,205.95,204.9,205.74,2247937,0.0022896672675012386
20150330,206.98,208.61,206.96,208.25,1746067,0.012199863905900665
20150331,207.26,208.1,206.36,206.43,2285385,-0.008739495798319341
20150401,206.39,206.42,204.51,205.7,2638085,-0.0035363077072131377
20150402,205.62,206.98,205.4,206.44,1756602,0.003597472046670047
20150406,205.37,208.45,205.21,207.83,1964005,0.006733191242007441
20150407,207.86,208.76,207.24,207.28,1405152,-0.002646393687148252
20150408,207.55,208.51,207.08,207.97,1849550,0.003328830567348451
20150409,207.78,209.18,207.19,208.9,1674427,0.004471798817137218
20150410,209.19,210.09,208.96,210.04,1287772,0.005457156534226737
20150413,209.87,210.63,209.03,209.09,1319597,-0.004522948009902827
20150414,208.85,209.71,208.1,209.49,1442477,0.0019130517958774185
20150415,210.05,211.04,209.95,210.43,1745522,0.004487087689149849
20150416,210.03,210.98,209.79,210.37,1370845,-0.00028513044717959346
20150417,208.95,209.23,207.01,207.95,3125772,-0.011503541379474291
20150420,209.06,210.25,208.96,209.85,1547950,0.009136811733589933
20150421,210.67,210.86,209.24,209.6,1318222,-0.0011913271384321744
20150422,210.02,210.85,208.9,210.63,1533685,0.0049141221374044974
20150423,210.16,211.94,210.01,211.16,1841395,0.0025162607415847305
20150424,211.66,211.97,211.11,211.65,1170157,0.0023205152491001524
20150427,212.33,212.48,210.54,210.77,1552887,-0.004157807701393734
20150428,210.74,211.5,209.33,211.44,1783045,0.003178820515253644
20150429,210.37,211.29,209.6,210.57,2415242,-0.004114642451759409
20150430,209.88,210.35,207.62,208.46,2816600,-0.010020420762691717
20150501,209.41,210.77,209.28,210.72,1977690,0.010841408423678311
20150504,211.23,212.02,211.1,211.32,1384507,0.0028473804100228595
20150505,211.03,211.46,208.73,208.9,2263455,-0.011451826613666394
20150506,209.56,209.93,206.76,208.04,2515037,-0.004116802297750133
20150507,207.92,209.38,207.52,208.87,1735495,0.003989617381272792
20150508,210.87,211.86,210.78,211.62,2305067,0.013166084167185232
20150511,211.57,211.89,210.52,210.61,1437940,-0.004772705793403276
20150512,209.61,210.63,208.62,209.98,2185257,-0.0029913109538959315
20150513,210.47,211.22,209.74,210.02,1663160,0.00019049433279372252
20150514,211.24,212.32,210.91,212.21,1684577,0.01042757832587382
20150515,212.44,212.61,211.86,212.44,1304395,0.0010838320531547652
20150518,212.24,213.4,212.16,213.1,1257347,0.003106759555639327
20150519,213.24,213.57,212.69,213.03,1311765,-0.0003284842796809073
20150520,213.15,213.78,212.5,212.88,1507650,-0.0007041261794114018
20150521,212.71,213.75,212.51,213.5,1339617,0.0029124389327321865
20150522,213.04,213.54,212.91,212.99,1083167,-0.00238875878220135
20150526,212.4,212.5,210.2,210.7,2130280,-0.01075167848255798
20150527,211.25,212.98,210.85,212.7,1857087,0.009492168960607561
20150528,212.33,212.59,211.63,212.46,1417592,-0.0011283497884343463
20150529,212.38,212.43,210.82,211.14,2204307,-0.00621293419937885
20150601,211.94,212.34,210.62,211.57,1908180,0.0020365634176375824
20150602,211.04,212.19,210.27,211.36,1891844,-0.000992579288178752
20150603,211.98,212.67,211.33,211.92,1764652,0.0026495079485238104
20150604,211.07,211.86,209.75,210.13,2663372,-0.008446583616459002
20150605,209.95,210.58,208.98,209.77,2075066,-0.0017132251463378712
20150608,209.64,209.82,208.39,208.48,1787994,-0.006149592410735649
20150609,208.45,209.1,207.69,208.45,1954935,-0.00014389869531850064
20150610,209.37,211.41,209.31,210.95,2527563,0.011993283761093876
20150611,211.5,212.09,211.2,211.63,1457178,0.0032235126807300674
20150612,210.64,210.84,209.68,210.01,2090948,-0.0076548693474460805
20150615,208.64,209.45,207.79,209.11,2261880,-0.004285510213799193
20150616,208.93,210.35,208.72,210.25,1526447,0.005451676151307927
20150617,210.62,211.32,209.36,210.59,2422784,0.0016171224732461909
20150618,211.31,213.34,211.17,212.78,2800224,0.010399354195355981
20150619,211.46,211.55,210.44,210.5,1973293,-0.010715292790675846
20150622,211.9,212.59,211.64,211.89,1437691,0.006603325415676986
20150623,212.14,212.44,211.57,212.04,1225309,0.0007079144839303719
20150624,211.72,212.17,210.48,210.5,1644243,-0.007262780607432573
20150625,211.11,211.25,209.77,209.86,1583516,-0.003040380047505842
20150626,210.29,210.58,209.16,209.82,1929732,-0.00019060325931585798
20150629,208.04,208.82,205.33,205.42,3541792,-0.02097035554284632
20150630,207.26,207.32,205.28,205.85,3181674,0.002093272320124573
20150701,207.75,208.03,206.56,207.5,2367819,0.008015545299975724
20150702,208.07,208.27,206.81,207.31,1804466,-0.000915662650602389
20150706,205.77,207.65,205.53,206.72,2270151,-0.002845979451063685
20150707,206.96,208.17,204.11,208.02,3750447,0.006288699690402577
20150708,206.42,206.76,204.25,204.53,3333373,-0.016777232958369415
20150709,207.04,207.35,204.88,204.9,2684153,0.0018090255708209657
20150710,207.29,207.98,206.49,207.48,2391947,0.012591508052708589
20150713,208.99,209.9,208.94,209.77,1975167,0.011037208405629606
20150714,209.72,211.05,209.65,210.68,1607426,0.004338084568813461
20150715,210.73,211.28,210.04,210.61,1859702,-0.000332257452060003
20150716,211.87,212.3,211.58,212.3,1794178,0.008024310336641083
20150717,212.29,212.55,211.8,212.48,1548492,0.0008478568064058667
20150720,212.75,213.18,212.21,212.59,1359330,0.0005176957831325435
20150721,212.43,212.74,211.39,211.75,1566860,-0.003951267698386607
20150722,210.93,211.77,210.89,211.37,1779697,-0.0017945690672963588
20150723,211.53,211.65,209.75,210.18,1828369,-0.005629938023371306
20150724,210.3,210.37,207.6,208.0,2243606,-0.010372062042059205
20150727,206.94,207.55,206.26,206.79,2455240,-0.005817307692307705
20150728,207.78,209.5,206.8,209.33,2449947,0.012282992407756765
20150729,209.48,211.04,209.31,210.77,2197145,0.006879090431376245
20150730,210.16,211.02,209.42,210.82,1774146,0.0002372254115861061
20150731,211.42,211.45,210.16,210.5,1946226,-0.0015178825538373353
20150803,210.46,210.53,208.65,209.79,2259296,-0.0033729216152019736
20150804,209.7,210.25,208.8,209.38,1759104,-0.0019543352876686404
20150805,210.45,211.31,209.73,210.07,1680449,0.0032954436908969598
20150806,210.29,210.42,207.65,208.35,2190771,-0.00818774694149571
20150807,208.16,208.34,206.87,207.95,2191739,-0.0019198464122870407
20150810,209.28,210.67,209.28,210.57,1668894,0.012599182495792283
20150811,208.98,209.47,207.76,208.67,2198052,-0.00902312770100211
20150812,207.11,209.14,205.36,208.92,3403908,0.001198063928691262
20150813,208.73,209.55,208.01,208.66,1929944,-0.001244495500670073
20150814,208.45,209.51,208.26,209.42,1463892,0.003642288891018808
20150817,208.71,210.59,208.16,210.59,1681672,0.005586858943749551
20150818,210.27,210.68,209.69,209.98,1345731,-0.0028966237713092813
20150819,209.1,210.01,207.35,208.32,3444909,-0.007905514810934378
20150820,206.51,207.17,203.91,203.97,3659217,-0.020881336405529916
20150821,201.73,202.92,197.53,197.83,6484667,-0.030102466048928744
20150824,187.33,195.84,182.4,189.55,8845553,-0.04185411717130871
20150825,195.43,195.45,187.06,187.27,6845671,-0.012028488525455017
20150826,192.08,194.79,188.37,194.46,6394038,0.03839376301596631
20150827,197.02,199.41,195.21,199.27,5669693,0.02473516404401943
20150828,198.5,199.84,197.92,199.28,2798992,5.01831685653098e-05
20150831,198.11,199.13,197.01,197.67,2700522,-0.008079084704937789
20150901,193.12,194.77,190.73,191.77,4348899,-0.029847726007993014
20150902,194.65,195.46,192.42,195.41,3025828,0.01898107107472491
20150903,196.26,198.05,194.96,195.55,2929989,0.0007164423519778751
20150904,192.85,193.86,191.61,192.59,3050454,-0.015136793658910852
20150908,195.94,197.61,195.17,197.43,2317891,0.02513110753413983
20150909,199.34,199.47,194.35,194.79,2765988,-0.013371827989667295
20150910,194.54,197.22,194.25,195.85,3001004,0.005441757790441093
20150911,195.38,196.77,194.53,196.74,2050503,0.004544294102629687
20150914,196.97,197.01,195.43,196.01,1421404,-0.0037104808376537957
20150915,196.6,198.99,196.09,198.46,2017803,0.012499362277434978
20150916,198.82,200.41,198.41,200.18,1848254,0.008666733850650088
20150917,200.02,202.89,199.28,199.73,4850210,-0.0022479768208613082
20150918,195.7,197.56,194.96,195.45,3637055,-0.021428929054223222
20150921,196.44,197.68,195.21,196.46,2068090,0.005167562036326512
20150922,193.88,194.46,192.56,193.91,2633375,-0.012979741423190583
20150923,194.11,194.67,192.91,193.6,1824852,-0.0015986797999071323
20150924,192.15,193.45,190.56,192.9,3297315,-0.003615702479338734
20150925,194.64,195.0,191.81,192.85,3059019,-0.00025920165889070645
20150928,191.78,191.91,187.64,188.01,3455267,-0.025097225823178637
20150929,188.26,189.74,186.93,188.12,3322095,0.0005850752619542821
20150930,190.37,191.83,189.44,191.63,3083734,0.018658303210716598
20151001,192.08,192.49,189.82,192.13,2749995,0.002609194802484005
20151002,189.77,195.0,189.12,195.0,3890669,0.014937802529537247
20151005,196.46,198.74,196.33,198.47,2734920,0.017794871794871714
20151006,198.31,198.98,197.0,197.79,2217916,-0.0034262105104045926
20151007,198.9,199.83,197.48,199.41,2657561,0.008190505081146604
20151008,198.95,201.55,198.59,201.21,3149965,0.009026628554235083
20151009,201.37,201.9,200.58,201.33,1860604,0.0005963918294320525
20151012,201.42,201.76,200.91,201.52,1050822,0.0009437242338448115
20151013,200.65,202.16,200.05,200.25,1801932,-0.006302104009527687
20151014,200.18,200.87,198.94,199.29,2071417,-0.0047940074906367425
20151015,200.08,202.35,199.64,202.35,2399677,0.015354508505193376
20151016,202.83,203.29,201.92,203.27,1981819,0.00454657771188538
20151019,202.5,203.37,202.13,203.37,1531438,0.0004919565110443891
20151020,202.85,203.84,202.54,203.09,1502041,-0.0013768009047548935
20151021,203.61,203.79,201.65,201.85,2092595,-0.006105667438081719
20151022,202.98,205.51,202.81,205.26,3041773,0.016893732970027164
20151023,207.25,207.95,206.3,207.51,2578396,0.010961707103186225
20151026,207.3,207.37,206.56,207.0,1287120,-0.002457712881306917
20151027,206.2,207.0,205.79,206.6,1572486,-0.0019323671497585293
20151028,206.97,208.97,206.21,208.95,2887024,0.011374636979670782
20151029,208.34,209.27,208.21,208.83,1601323,-0.0005743000717873814
20151030,209.06,209.44,207.83,207.93,2276610,-0.004309725614135895
20151102,208.32,210.62,208.17,210.39,1752763,0.011830904631366268
20151103,209.97,211.66,209.7,211.0,1739805,0.0028993773468322104
20151104,211.35,211.5,209.72,210.36,1886135,-0.003033175355450224
20151105,210.43,210.98,209.09,210.15,1584299,-0.0009982886480319753
20151106,209.74,210.32,208.46,210.04,2190572,-0.0005234356412087138
20151109,209.31,209.49,206.95,208.08,2415689,-0.009331555894115273
20151110,207.5,208.6,207.19,208.56,1523854,0.0023068050749710522
20151111,208.88,208.94,207.66,207.74,1467226,-0.0039317222861526835
20151112,206.5,207.06,204.82,204.84,2382479,-0.01395975738904398
20151113,204.35,204.67,202.43,202.54,3008398,-0.011228275727397041
20151116,202.32,205.64,202.18,205.62,2264808,0.015206872716500452
20151117,205.99,207.04,204.88,205.47,2512980,-0.0007295010213014264
20151118,206.04,208.9,205.99,208.73,2361200,0.015866063172239153
20151119,208.59,209.05,208.2,208.55,1550460,-0.0008623580702341593
20151120,209.45,210.12,208.86,209.31,1675692,0.003644210021577443
20151123,209.38,209.98,208.52,209.07,1368450,-0.0011466246237638034
20151124,207.87,209.83,207.41,209.35,2043717,0.0013392643612186728
20151125,209.5,209.74,209.01,209.32,1069012,-0.00014330069262002976
20151127,209.43,209.8,208.86,209.56,688929,0.001146569845213108
20151130,209.75,209.89,208.56,208.69,1974788,-0.004151555640389382
20151201,209.44,210.82,209.11,210.68,2010662,0.009535674924529225
20151202,210.61,211.0,208.23,208.53,2209484,-0.010205050313271347
20151203,208.83,209.15,204.75,205.61,3142796,-0.01400278137438249
20151204,206.08,209.97,205.93,209.62,3456519,0.01950294246388795
20151207,209.22,209.25,207.2,208.35,2014309,-0.0060585821963553554
20151208,206.48,208.04,205.78,206.95,2129555,-0.006719462443004587
20151209,206.19,208.68,204.18,205.34,3257060,-0.007779656921961808
20151210,205.44,207.43,205.14,205.87,2175316,0.0025810850297067756
20151211,203.36,204.14,201.51,201.88,3835619,-0.019381162869772206
20151214,202.07,203.05,199.95,202.9,3676354,0.005052506439469084
20151215,204.7,206.11,202.86,205.03,2834369,0.010497782158698898
20151216,206.37,208.39,204.8,208.03,3640042,0.014632005072428456
20151217,208.4,208.48,204.84,204.86,3097665,-0.01523818679998068
20151218,202.75,202.93,199.95,200.02,4306548,-0.02362589085228939
20151221,201.43,201.88,200.09,201.67,2023946,0.008249175082491567
20151222,202.72,203.85,201.55,203.5,2113259,0.009074230178013565
20151223,204.71,206.07,204.58,206.02,1996967,0.012383292383292499
20151224,205.72,206.33,205.42,205.68,799376,-0.0016503252111446098
20151228,204.86,205.26,203.94,205.21,1259126,-0.002285103072734329
20151229,206.51,207.79,206.47,207.4,1591990,0.010671994542176266
20151230,207.11,207.21,205.76,205.93,1137794,-0.007087753134040531
20151231,205.13,205.89,203.87,203.87,1968349,-0.010003399213324937
20160104,200.5,201.03,198.59,201.02,3788951,-0.01397949673811738
20160105,201.4,201.9,200.05,201.36,2252520,0.0016913739926376348
20160106,198.34,200.06,197.6,198.82,2972941,-0.0126142232816846
20160107,195.33,197.44,193.59,194.05,4354581,-0.02399155014586052
20160108,195.19,195.85,191.58,191.93,3942598,-0.010925019324916296
20160111,193.01,193.41,189.82,192.11,3747889,0.0009378419215340106
20160112,193.82,194.55,191.14,193.66,3488063,0.00806829420644406
20160113,194.45,194.86,188.38,188.83,4586651,-0.02494061757719712
20160114,189.56,193.26,187.66,191.93,4672695,0.01641688291055443
20160115,186.77,188.76,185.52,187.81,6021025,-0.02146615953733133
20160119,189.96,190.11,186.2,188.06,3785806,0.0013311325275544572
20160120,185.03,187.5,181.02,185.65,6141720,-0.012815059023715825
20160121,186.21,188.87,184.64,186.69,3872891,0.005601939132776623
20160122,189.78,190.76,188.88,190.52,3310488,0.020515292731265733
20160125,189.93,190.15,187.41,187.64,2480507,-0.015116523199664167
20160126,188.42,190.53,188.02,190.2,2882833,0.013643146450650123
20160127,189.58,191.56,187.06,188.13,3927935,-0.010883280757097769
20160128,189.96,190.2,187.16,189.11,2973738,0.005209163876043199
20160129,190.02,193.75,189.88,193.72,3635280,0.02437734651789958
20160201,192.53,194.58,191.84,193.65,2458320,-0.00036134627297124133
20160202,191.96,191.97,189.54,190.16,3223213,-0.01802220500903695
20160203,191.41,191.78,187.1,191.3,4559958,0.00599495161968866
20160204,190.71,192.75,189.96,191.6,3010696,0.001568217459487542
20160205,190.99,191.08,187.2,187.95,3543390,-0.01905010438413368
20160208,185.77,186.12,182.8,185.42,4130083,-0.013461026868848092
20160209,183.37,186.94,183.2,185.43,3889079,5.393161471256569e-05
20160210,186.41,188.34,185.12,185.27,3125392,-0.000862859300005403
20160211,182.34,184.1,181.09,182.86,4412416,-0.013008042316619006
20160212,184.98,186.65,183.96,186.63,2568958,0.020616865361478665
20160216,188.77,189.78,187.63,189.78,2242433,0.016878315383378917
20160217,191.15,193.32,191.01,192.88,2689403,0.016334703340710188
20160218,193.2,193.27,191.72,192.09,2151371,-0.004095810866860172
20160219,191.17,192.18,190.45,192.0,1989027,-0.000468530376386056
20160222,193.88,194.95,193.79,194.78,1870019,0.014479166666666599
20160223,194.0,194.32,192.18,192.32,2198285,-0.012629633432590603
20160224,190.63,193.53,189.32,193.2,2977761,0.0045757071547420924
20160225,193.73,195.54,192.83,195.54,2159015,0.012111801242236098
20160226,196.57,196.68,194.9,195.09,2350443,-0.002301319423135828
20160229,195.1,196.23,193.44,193.56,2242158,-0.007842534214977714
20160301,195.0,198.18,194.45,198.11,2590523,0.023506922917958306
20160302,197.74,199.06,197.25,199.0,1937589,0.00449245368734541
20160303,198.79,199.8,198.11,199.78,1764094,0.003919597989949786
20160304,200.01,201.35,199.03,200.43,2331428,0.003253578936830648
20160307,199.34,201.07,199.25,200.59,1832364,0.0007982836900664037
20160308,199.33,199.92,198.21,198.4,2371469,-0.010917792512089353
20160309,199.36,199.79,198.43,199.38,1751368,0.0049395161290322065
20160310,199.96,201.07,197.38,199.54,3116591,0.0008024877119068297
20160311,201.26,202.81,201.12,202.76,2284574,0.016137115365340238
20160314,202.16,203.04,201.77,202.5,1513687,-0.0012823042020121411
20160315,201.36,202.2,201.05,202.17,1581233,-0.0016296296296296475
20160316,201.6,203.82,201.55,203.34,2473133,0.005787208784686193
20160317,203.24,205.23,202.77,204.63,2226657,0.00634405429330176
20160318,204.17,204.78,203.8,204.38,2373088,-0.0012217172457605896
20160321,204.07,204.94,203.8,204.67,1378035,0.0014189255308738602
20160322,203.76,205.23,203.57,204.56,1793240,-0.0005374505301215526
20160323,204.11,204.33,203.01,203.21,1678106,-0.006599530700039047
20160324,202.0,203.16,201.74,203.12,1599380,-0.00044289158998078726
20160328,203.61,203.86,202.7,203.24,1276361,0.0005907837731391474
20160329,202.78,205.21,202.4,205.12,1969102,0.009250147608738324
20160330,206.29,206.87,205.59,206.02,1679023,0.004387675507020239
20160331,205.91,206.41,205.33,205.52,1666132,-0.0024269488399184524
20160401,204.34,207.14,203.98,206.92,2070015,0.006811989100817373
20160404,206.83,207.07,205.89,206.25,1183237,-0.003237966363812017
20160405,204.67,205.26,203.89,204.19,1697367,-0.009987878787878768
20160406,204.29,206.49,203.98,206.42,1897734,0.010921200842352707
20160407,205.14,205.56,203.09,203.95,2256016,-0.011965894777637875
20160408,205.34,205.85,203.87,204.5,1810916,0.002696739396911063
20160411,205.25,206.07,203.91,204.02,1646138,-0.002347188264058664
20160412,204.22,206.25,203.7,205.92,2063994,0.00931281246936555
20160413,207.0,208.1,206.84,208.0,1939832,0.010101010101010166
20160414,208.06,208.6,207.6,208.01,1321251,4.807692307684519e-05
20160415,208.01,208.11,207.4,207.78,1233498,-0.0011057160713426883
20160418,207.13,209.28,207.0,209.24,1431012,0.007026662816440599
20160419,209.74,210.2,208.94,209.9,1677526,0.0031542726056204007
20160420,209.95,210.92,209.39,210.1,1392496,0.000952834683182413
20160421,210.12,210.25,208.65,208.97,1451880,-0.005378391242265579
20160422,208.56,209.29,207.91,208.97,1637612,0.0
20160425,208.26,208.62,207.54,208.61,1250552,-0.0017227353208594254
20160426,209.04,209.52,208.36,208.92,1233419,0.001486026556732467
20160427,208.47,209.81,208.05,209.35,1633460,0.002058204097262095
20160428,208.45,209.76,206.96,207.44,1874499,-0.009123477430140858
20160429,206.72,207.13,205.03,206.33,2647620,-0.005350944851523209
20160502,206.92,208.18,206.41,207.97,1303748,0.007948432123297655
20160503,206.52,206.8,205.28,206.16,1984941,-0.008703178343030249
20160504,204.99,205.85,204.42,205.01,1843684,-0.00557819169577034
20160505,205.56,205.98,204.47,204.97,1456770,-0.00019511243353975694
20160506,204.06,205.77,203.88,205.72,1736761,0.0036590720593256965
20160509,205.57,206.4,205.36,205.89,1347214,0.0008263659342795382
20160510,206.72,208.46,206.64,208.45,1397401,0.01243382388654135
20160511,207.91,208.54,206.5,206.5,1605982,-0.009354761333653094
20160512,207.29,207.49,205.37,206.56,1873789,0.00029055690072632423
20160513,206.21,206.86,204.38,204.76,1977872,-0.008714175058094575
20160516,204.96,207.34,204.89,206.78,1521193,0.009865208048446927
20160517,206.46,206.8,204.23,204.85,2344847,-0.009333591256407758
20160518,204.44,206.3,203.63,204.91,2663244,0.00029289724188430455
20160519,204.06,204.54,202.78,204.2,2315567,-0.00346493582548435
20160520,204.92,206.1,204.86,205.49,1722145,0.006317335945151825
20160523,205.5,205.84,204.98,205.21,1132010,-0.0013625967200350253
20160524,206.17,208.24,206.14,207.87,1642591,0.012962331270405913
20160525,208.67,209.77,208.62,209.28,1492038,0.006783085582335202
20160526,209.44,209.71,208.97,209.34,1029709,0.00028669724770646887
20160527,209.53,210.24,209.47,210.24,1221961,0.004299226139294898
20160531,210.55,210.69,209.18,209.84,1858043,-0.0019025875190259445
20160601,209.12,210.48,208.89,210.27,1425982,0.002049180327868827
20160602,209.8,210.91,209.23,210.91,1288650,0.00304370571170387
20160603,210.25,210.69,208.86,210.28,1932074,-0.0029870560902754972
20160606,210.69,211.77,210.51,211.35,1315125,0.005088453490583955
20160607,211.53,212.34,211.5,211.68,1226054,0.0015613910574876488
20160608,211.83,212.52,211.68,212.37,1302412,0.0032596371882085418
20160609,211.51,212.22,211.19,212.08,1367384,-0.001365541272307702
20160610,210.46,210.86,209.43,210.07,2012629,-0.009477555639381463
20160613,209.36,210.37,208.35,208.45,2053894,-0.007711715142571518
20160614,208.0,208.74,206.91,208.04,2553855,-0.001966898536819417
20160615,208.54,209.36,207.53,207.75,2074848,-0.0013939626994807774
20160616,206.73,208.57,205.59,208.37,2788698,0.0029843561973526
20160617,207.17,207.2,205.75,206.52,2161522,-0.00887843739501848
20160620,208.82,209.61,207.75,207.85,1701693,0.00644005423203553
20160621,208.29,208.92,207.78,208.44,1464375,0.0028385855184027697
20160622,208.65,209.5,207.93,208.1,1868943,-0.0016311648436000414
20160623,209.81,210.85,209.27,210.81,1807051,0.01302258529553102
20160624,203.63,206.91,202.72,203.13,6088480,-0.03643090934965143
20160627,201.59,201.6,198.65,199.6,4596170,-0.017378033771476398
20160628,201.5,203.2,201.12,203.2,3090320,0.018036072144288484
20160629,204.82,206.93,204.72,206.66,2677709,0.017027559055118102
20160630,207.21,209.54,206.56,209.47,2924307,0.013597212813316606
20160701,209.36,210.49,209.29,209.92,1974619,0.002148278989831498
20160705,208.96,209.08,207.71,208.41,2110367,-0.007193216463414642
20160706,207.83,209.8,207.06,209.66,2025476,0.005997792812244995
20160707,209.87,210.65,208.63,209.53,1701828,-0.0006200515119717531
20160708,211.05,212.94,210.77,212.65,2245512,0.014890469145229845
20160711,213.19,214.07,212.95,213.4,1459640,0.0035269221725839905
20160712,214.52,215.3,214.25,214.95,1744119,0.007263355201499344
20160713,215.44,215.45,214.35,214.92,1558152,-0.00013956734124220826
20160714,216.4,216.67,215.66,216.12,1692864,0.005583472920156485
20160715,216.78,216.82,215.3,215.83,1546147,-0.0013418471219692751
20160718,215.97,216.6,215.67,216.41,953953,0.0026873001899643256
20160719,215.92,216.23,215.63,216.19,980916,-0.001016588882214342
20160720,216.75,217.37,216.24,217.09,1072048,0.004163004764327738
20160721,216.94,217.22,215.75,216.27,1290910,-0.003777235248053734
20160722,216.41,217.3,216.1,217.24,1155400,0.004485134322837148
20160725,217.0,217.06,215.97,216.65,1071886,-0.0027158902596207124
20160726,216.53,217.17,215.76,216.75,1413620,0.00046157396722823485
20160727,217.19,217.27,215.62,216.52,1583091,-0.0010611303344867373
20160728,216.28,217.11,215.75,216.77,1356986,0.0011546277480141143
20160729,216.46,217.54,216.13,217.12,1514521,0.0016146145684365898
20160801,217.19,217.65,216.4,216.94,1483238,-0.000829034635224768
20160802,216.65,216.83,214.57,215.55,1819912,-0.006407301558034373
20160803,215.48,216.25,215.13,216.18,1046324,0.0029227557411273253
20160804,216.3,216.78,214.25,216.41,959308,0.0010639282079747403
20160805,217.21,218.23,217.07,218.18,1214635,0.008178919643269777
20160808,218.4,218.52,217.74,218.05,835488,-0.0005958382986525068
20160809,218.13,218.76,217.8,218.18,1067218,0.0005961935335931923
20160810,218.3,218.41,217.23,217.64,1140252,-0.0024750206251720197
20160811,218.26,218.94,217.95,218.65,1204703,0.004640691049439427
20160812,218.29,218.71,217.99,218.46,1043453,-0.0008689686713926337
20160815,218.9,219.5,218.88,219.09,973526,0.0028838231255150504
20160816,218.58,218.68,217.96,217.96,1150109,-0.005157697749783141
20160817,218.0,218.53,217.02,218.37,1519038,0.0018810790970820168
20160818,218.33,218.9,218.21,218.86,1071253,0.0022438979713330642
20160819,218.31,218.75,217.74,218.54,1305955,-0.00146212190441386
20160822,218.27,218.8,217.83,218.53,1215722,-4.575821359931176e-05
20160823,219.25,219.6,218.9,218.97,1049517,0.002013453530407716
20160824,218.82,218.91,217.36,217.85,1258787,-0.005114855916335537
20160825,217.4,218.19,217.22,217.7,1218753,-0.0006885471654808351
20160826,217.92,219.12,216.25,217.29,2541311,-0.001883325677537906
20160829,217.44,218.67,217.4,218.36,1210477,0.00492429472134015
20160830,218.26,218.59,217.35,218.0,1084169,-0.0016486535995604568
20160831,217.61,217.75,216.46,217.38,1521438,-0.0028440366972477538
20160901,217.37,217.73,216.03,217.39,1790794,4.600239212426693e-05
20160902,218.39,218.87,217.7,218.37,1601835,0.004508027048162333
20160906,218.7,219.09,217.86,219.03,1066283,0.00302239318587727
20160907,218.84,219.22,218.3,219.01,1158633,-9.131169246223703e-05
20160908,218.62,218.94,218.15,218.51,1383034,-0.0022830007762202342
20160909,216.96,217.03,213.25,213.28,3947132,-0.023934831357832587
20160912,212.39,216.81,212.31,216.34,3320217,0.014347336834208635
20160913,214.84,215.15,212.5,213.23,3420787,-0.014375520014791587
20160914,213.29,214.7,212.5,213.15,2558447,-0.00037518172864969834
20160915,212.96,215.73,212.75,215.28,2438359,0.009992962702322306
20160916,213.48,213.69,212.57,213.37,2287169,-0.008872166480862087
20160919,214.13,214.88,213.03,213.41,1521091,0.00018746777897549194
20160920,214.41,214.59,213.38,213.42,1165405,4.6858160348550726e-05
20160921,214.24,216.03,213.44,215.82,2348819,0.011245431543435602
20160922,217.0,217.53,216.71,217.18,1595949,0.0063015475859513614
20160923,216.71,216.88,215.88,215.99,1309432,-0.005479325904779397
20160926,215.02,215.23,214.01,214.24,1603360,-0.008102226954951663
20160927,214.05,215.68,213.62,215.57,1462724,0.006207991038088112
20160928,215.83,216.82,214.71,216.64,1668531,0.004963584914412955
20160929,216.41,216.87,214.04,214.68,2687365,-0.009047267355982158
20160930,215.65,217.12,215.36,216.3,1984837,0.00754611514812753
20161003,215.82,216.04,215.04,215.78,1396003,-0.00240406842348595
20161004,215.91,216.17,213.99,214.68,2177209,-0.005097784780795256
20161005,215.41,216.13,215.33,215.63,1434167,0.004425190981926619
20161006,215.37,216.04,214.73,215.78,1225104,0.0006956360432222031
20161007,216.1,216.3,214.19,215.04,1833386,-0.0034294188525350044
20161010,216.15,216.7,215.98,216.16,950210,0.005208333333333259
20161011,215.66,215.74,212.58,213.43,2433782,-0.01262953367875641
20161012,213.59,214.32,213.01,213.71,1489873,0.0013119055428010284
20161013,212.16,213.59,211.21,213.01,2067534,-0.0032754667540125793
20161014,214.16,214.69,213.03,213.12,1791636,0.0005164076803907403
20161017,213.09,213.39,212.17,212.38,1206714,-0.00347222222222221
20161018,214.26,214.31,213.27,213.71,1391082,0.006262359920896632
20161019,214.03,214.64,213.6,214.28,1176588,0.0026671657854100417
20161020,213.87,214.53,213.11,213.88,1512560,-0.0018667164457719654
20161021,212.95,214.08,212.76,213.98,1311459,0.00046755189826064303
20161024,214.96,215.32,214.48,214.89,1070143,0.004252733900364403
20161025,214.69,214.98,213.98,214.17,1292602,-0.0033505514449253537
20161026,213.21,214.42,212.93,213.74,1542329,-0.0020077508521266774
20161027,214.58,214.62,213.08,213.17,1506304,-0.002666791428838855
20161028,213.14,213.93,211.71,212.54,2874133,-0.002955387718722169
20161031,212.93,213.19,212.36,212.55,1183190,4.704996706506037e-05
20161101,212.93,212.99,209.6,211.01,2387683,-0.0072453540343450085
20161102,210.67,211.1,209.23,209.74,2014586,-0.006018672100848166
20161103,209.99,210.24,208.46,208.78,1773940,-0.004577095451511415
20161104,208.91,209.89,208.38,208.55,1996146,-0.0011016380879393939
20161107,211.45,213.19,211.3,213.15,1968636,0.022057060656916816
20161108,212.7,214.77,212.38,214.11,2200785,0.0045038705137228074
20161109,212.37,217.1,212.34,216.38,5005363,0.010602026995469638
20161110,217.32,218.31,215.22,216.92,3704222,0.002495609575746238
20161111,216.11,216.7,215.32,216.42,1924700,-0.0023049972340033476
20161114,217.03,217.27,215.72,216.59,1980580,0.0007855096571482978
20161115,217.04,218.28,216.8,218.28,1618364,0.007802760976961087
20161116,217.56,218.14,217.42,217.87,1198565,-0.0018783214220267075
20161117,218.05,219.06,217.92,218.99,1330383,0.005140680222150751
20161118,219.07,219.27,218.29,218.5,1231164,-0.002237545093383253
20161121,219.17,220.18,219.0,220.15,1299112,0.007551487414187763
20161122,220.51,220.79,219.73,220.58,1291581,0.0019532137179196774
20161123,219.98,220.76,219.75,220.7,1065638,0.0005440203100914864
20161125,221.1,221.55,221.01,221.52,610643,0.003715450838241985
20161128,221.17,221.48,220.36,220.48,1305830,-0.0046948356807512415
20161129,220.53,221.44,220.17,220.91,1147410,0.00195029027576199
20161130,221.63,221.82,220.31,220.38,1848415,-0.0023991670816169153
20161201,220.71,220.73,219.15,219.57,1603208,-0.00367546964334331
20161202,219.67,220.25,219.26,219.68,1364118,0.0005009791865919766
20161205,220.65,221.4,220.42,221.0,1238388,0.006008739985433387
20161206,221.22,221.75,220.66,221.7,1097087,0.0031674208144796268
20161207,221.52,224.67,221.38,224.6,2062590,0.013080739738385194
20161208,224.58,225.7,224.26,225.15,1749490,0.0024487978628673357
20161209,225.41,226.51,225.37,226.51,1498262,0.006040417499444839
20161212,226.4,226.96,225.76,226.25,1544583,-0.0011478521919561224
20161213,227.01,228.34,227.0,227.76,1742680,0.0066740331491712546
20161214,227.41,228.23,225.36,225.88,2592756,-0.00825430277485073
20161215,226.15,227.81,226.01,226.81,1935088,0.004117230387816528
20161216,226.01,226.08,224.67,225.04,1845226,-0.007803888717428764
20161219,225.25,226.02,225.08,225.53,1242435,0.0021773906861002335
20161220,226.15,226.57,225.88,226.4,966862,0.0038575799228484087
20161221,226.25,226.45,225.77,225.77,873079,-0.0027826855123674887
20161222,225.6,225.74,224.92,225.38,909161,-0.001727421712362176
20161223,225.43,225.72,225.21,225.71,607489,0.0014641938060164783
20161227,226.02,226.73,226.0,226.27,1407966,0.0024810597669575607
20161228,226.57,226.59,224.27,224.4,1065844,-0.008264462809917328
20161229,224.48,224.89,223.84,224.35,847099,-0.00022281639928700692
20161230,224.73,224.83,222.73,223.53,1818380,-0.003655003342990848
20170103,225.04,225.83,223.88,225.24,1645424,0.007649979868474155
20170104,225.62,226.75,225.61,226.58,1342069,0.005949209731841654
20170105,226.27,226.58,225.48,226.4,1090792,-0.0007944213964162783
20170106,226.53,227.75,225.9,227.21,1332414,0.003577738515901041
20170109,226.91,227.08,226.41,226.46,858594,-0.0033009110514502504
20170110,226.48,227.45,226.01,226.46,1134148,0.0
20170111,226.36,227.1,225.59,227.1,1502660,0.0028261061556125178
20170112,226.5,226.75,224.95,226.53,1485817,-0.002509907529722577
20170113,226.73,227.4,226.69,227.05,1072075,0.002295501699554281
20170117,226.31,226.78,225.8,226.25,1109942,-0.0035234529839243134
20170118,226.54,226.8,225.9,226.75,1062163,0.0022099447513812542
20170119,226.84,227.0,225.41,225.91,1185673,-0.003704520396912936
20170120,226.7,227.31,226.05,226.74,1713817,0.003674029480766672
20170123,226.35,226.81,225.27,226.15,1234870,-0.0026020993208080156
20170124,226.4,228.08,226.27,227.6,1251834,0.006411673667919393
20170125,228.7,229.57,228.51,229.57,1398431,0.008655536028119526
20170126,229.4,229.71,229.01,229.33,990865,-0.0010454327656052032
20170127,229.42,229.59,228.76,228.97,867295,-0.0015697902585793955
20170130,228.17,228.2,226.41,227.55,1553312,-0.006201685810368063
20170131,226.98,227.6,226.32,227.53,1351998,-8.789277081966418e-05
20170201,228.25,228.59,226.94,227.62,1501491,0.0003955522348702001
20170202,227.2,228.1,226.82,227.77,1275192,0.0006589930586065051
20170203,228.81,229.55,228.46,229.34,1362180,0.006892918294771011
20170206,228.87,229.33,228.54,228.93,935974,-0.0017877387285253343
20170207,229.38,229.66,228.72,228.94,924083,4.368147468647443e-05
20170208,228.61,229.39,228.31,229.24,945927,0.0013103870009609775
20170209,229.56,230.95,229.52,230.6,1138033,0.005932647007502956
20170210,231.02,231.77,230.88,231.51,1111534,0.0039462272333044
20170213,232.08,233.07,232.05,232.77,1058552,0.005442529480368163
20170214,232.56,233.71,232.16,233.7,1271252,0.003995360226833222
20170215,233.45,235.14,233.39,234.92,1536841,0.005220367993153507
20170216,234.96,235.16,233.85,234.72,1669655,-0.0008513536523071519
20170217,233.95,235.09,233.93,235.09,1208246,0.0015763462849351928
20170221,235.52,236.69,235.51,236.49,1320961,0.00595516610659752
20170222,236.02,236.54,235.83,236.28,981656,-0.0008879868070531538
20170223,236.88,236.9,235.56,236.44,1561052,0.0006771626883359527
20170224,235.46,236.8,235.41,236.74,1449118,0.0012688208424971315
20170227,236.63,237.31,236.35,237.11,1041478,0.0015628960040550144
20170228,236.67,236.95,236.01,236.47,1476483,-0.0026991691619924207
20170301,238.38,240.32,238.37,239.78,1997474,0.013997547257580178
20170302,239.56,239.57,238.21,238.27,1379468,-0.006297439319376097
20170303,238.17,238.61,237.73,238.42,1126789,0.0006295379191672001
20170306,237.5,238.12,237.01,237.71,963093,-0.0029779380924418453
20170307,237.35,237.77,236.76,237.0,993147,-0.0029868326953009783
20170308,237.32,237.64,236.4,236.56,1363077,-0.0018565400843881807
20170309,236.68,237.24,235.74,236.86,1465083,0.001268177206628307
20170310,237.97,238.02,236.59,237.69,1426863,0.0035041796842014694
20170313,237.62,237.86,237.24,237.81,968991,0.0005048592704783861
20170314,237.2,237.24,236.19,236.9,1136722,-0.0038265842479290324
20170315,237.56,239.44,237.29,238.95,1704895,0.008653440270156132
20170316,239.11,239.2,238.1,238.48,1309986,-0.00196693869010256
20170317,237.75,237.97,237.03,237.03,1255186,-0.0060801744381079326
20170320,237.03,237.36,236.32,236.77,943407,-0.0010969075644432502
20170321,237.47,237.61,233.58,233.73,2572116,-0.012839464459179828
20170322,233.77,234.61,233.05,234.28,1756308,0.0023531425148677343
20170323,233.99,235.34,233.6,234.03,1913389,-0.0010670991975414434
20170324,234.38,235.04,232.96,233.86,2054553,-0.0007264025979574207
20170327,231.93,233.92,231.61,233.62,1679535,-0.0010262550243735902
20170328,233.27,235.81,233.14,235.32,1613861,0.007276774248780038
20170329,235.01,235.81,234.72,235.54,1016600,0.0009348971613123425
20170330,235.49,236.52,235.27,236.29,1015123,0.0031841725396959397
20170331,235.91,236.51,235.68,235.74,1190302,-0.0023276482288712153
20170403,235.8,236.03,233.91,235.33,1465700,-0.0017392042080257575
20170404,235.0,235.58,234.55,235.48,1078269,0.0006374027960736051
20170405,236.26,237.39,234.54,234.78,2120492,-0.0029726516052318575
20170406,234.95,236.04,234.42,235.44,1339310,0.0028111423460259743
20170407,235.15,236.0,234.64,235.2,1332350,-0.0010193679918450993
20170410,235.36,236.26,234.73,235.34,1165263,0.0005952380952380931
20170411,234.87,235.18,233.34,235.06,1598805,-0.0011897679952409534
20170412,234.74,234.96,233.77,234.03,1385696,-0.004381859950650879
20170413,233.63,234.49,232.51,232.51,1580442,-0.006494893817032055
20170417,233.11,234.57,232.88,234.57,1170501,0.008859833985634946
20170418,233.71,234.49,233.08,233.87,1319851,-0.0029841838257236297
20170419,234.52,234.95,233.18,233.44,1343982,-0.0018386282977722601
20170420,234.15,235.85,233.78,235.34,1636574,0.008139136394790913
20170421,235.25,235.31,234.13,234.59,1351732,-0.00318687855868105
20170424,237.18,237.41,236.61,237.17,1824549,0.01099791124941385
20170425,237.91,238.95,237.81,238.55,1393809,0.005818611122823336
20170426,238.53,239.53,238.35,238.4,1448754,-0.0006287989939216532
20170427,238.78,238.95,237.98,238.6,989444,0.0008389261744965459
20170428,238.9,238.93,237.93,238.08,1056617,-0.0021793797150041483
20170501,238.69,239.17,238.19,238.68,968767,0.002520161290322509
20170502,238.84,238.98,238.3,238.77,989096,0.00037707390648566985
20170503,238.32,238.88,237.7,238.48,1182329,-0.0012145579427902398
20170504,238.83,238.93,237.78,238.76,1154264,0.0011741026501175256
20170505,239.18,239.72,238.68,239.7,1093323,0.003937007874015741
20170508,239.76,239.92,239.17,239.66,802197,-0.00016687526074254944
20170509,239.96,240.19,239.04,239.44,993097,-0.0009179671200867379
20170510,239.38,239.87,239.15,239.87,855575,0.0017958569996658902
20170511,239.35,239.57,238.13,239.38,1135892,-0.0020427731687997497
20170512,239.09,239.21,238.67,238.98,882089,-0.0016709833737154067
20170515,239.47,240.44,239.45,240.3,1058278,0.005523474767763048
20170516,240.62,240.67,239.63,240.08,930154,-0.0009155222638368432
20170517,238.1,238.64,235.75,235.82,2965392,-0.01774408530489846
20170518,235.7,237.75,235.43,236.77,2074137,0.004028496310745533
20170519,237.33,239.08,237.27,238.31,1734234,0.006504202390505531
20170522,238.9,239.71,238.82,239.52,940777,0.0050774201670094055
20170523,239.95,240.24,239.51,240.05,919290,0.0022127588510354457
20170524,240.32,240.73,239.93,240.61,935624,0.002332847323474274
20170525,241.2,242.08,240.96,241.76,1131968,0.004779518723244891
20170526,241.55,241.9,241.45,241.71,750052,-0.00020681667769684164
20170530,241.33,241.79,241.16,241.5,710933,-0.0008688097306690512
20170531,241.84,241.88,240.64,241.44,1478762,-0.0002484472049689712
20170601,241.96,243.36,241.64,243.36,1272316,0.007952286282306265
20170602,243.41,244.35,243.08,244.17,1257471,0.003328402366863825
20170605,243.98,244.3,243.76,243.99,689910,-0.0007371913011425812
20170606,243.31,243.98,243.12,243.21,914134,-0.0031968523300135443
20170607,243.6,243.92,242.83,243.66,965065,0.0018502528678918662
20170608,243.77,244.33,243.17,243.78,1201283,0.0004924895345974623
20170609,244.09,245.01,241.95,243.41,2589456,-0.0015177619164821188
20170612,243.14,243.42,242.38,243.36,1427414,-0.00020541473234458874
20170613,243.99,244.61,243.57,244.55,1086763,0.00488987508218286
20170614,244.86,244.87,243.29,244.24,1377538,-0.0012676344305867504
20170615,242.68,243.91,242.36,243.77,1287981,-0.0019243367179823112
20170616,242.77,242.83,241.63,242.64,1224686,-0.004635517085777696
20170619,243.59,244.73,243.48,244.66,1062591,0.008325090669304425
20170620,244.25,244.26,242.99,243.01,980171,-0.0067440529714706265
20170621,243.43,243.59,242.41,242.95,1068745,-0.0002469034196124209
20170622,242.97,243.53,242.64,242.84,824783,-0.0004527680592714134
20170623,242.91,243.51,242.47,243.13,1144816,0.0011942019436665952
20170626,243.89,244.38,243.04,243.29,1078845,0.000658084152511007
20170627,243.04,243.38,241.31,241.33,1521457,-0.00805622919149973
20170628,242.5,243.72,242.23,243.49,1251934,0.008950399867401426
20170629,243.66,243.72,239.95,241.35,2194989,-0.008788861965583816
20170630,242.26,242.71,241.57,241.8,1258685,0.0018645121193288094
20170703,242.91,243.38,242.21,242.21,681804,0.0016956162117451878
20170705,242.62,243.01,241.7,242.77,1026717,0.0023120432682384173
20170706,241.88,242.03,240.34,240.55,1309751,-0.009144457717180865
20170707,241.21,242.28,241.02,242.11,920830,0.006485138224901377
20170710,241.95,242.8,241.76,242.37,697936,0.0010738920325470414
20170711,242.16,242.55,240.85,242.19,1023006,-0.0007426661715559391
20170712,243.3,244.2,243.3,244.01,970114,0.007514761137949577
20170713,244.02,244.55,243.76,244.42,747722,0.001680259005778506
20170714,244.42,245.97,244.31,245.56,1020354,0.004664102773913825
20170717,245.47,245.91,245.33,245.53,559992,-0.00012216973448442303
20170718,245.06,245.72,244.67,245.66,792632,0.0005294668675925873
20170719,246.02,247.0,246.01,246.99,775193,0.005413986811039662
20170720,247.28,247.42,246.47,247.1,841515,0.00044536216041124455
20170721,246.45,246.91,246.18,246.88,969346,-0.0008903278025090833
20170724,246.79,246.98,246.28,246.82,716552,-0.00024303305249517848
20170725,247.68,247.8,247.16,247.42,892848,0.0024309213191799905
20170726,247.75,247.79,247.13,247.43,866828,4.041710451874181e-05
20170727,247.96,248.0,245.68,247.2,1416263,-0.0009295558339733612
20170728,246.65,247.06,246.13,246.91,904121,-0.0011731391585759754
20170731,247.37,247.48,246.53,246.77,905989,-0.0005670082216191474
20170801,247.46,247.5,246.71,247.32,830301,0.0022287960449001165
20170802,247.48,247.6,246.37,247.44,928570,0.00048520135856389146
20170803,247.31,247.34,246.64,246.96,730056,-0.0019398642095053154
20170804,247.52,247.79,246.97,247.41,978791,0.0018221574344023939
20170807,247.49,247.87,247.37,247.87,522549,0.0018592619538417843
20170808,247.51,248.91,246.83,247.26,1116561,-0.0024609674426111505
20170809,246.47,247.31,246.06,247.25,1213991,-4.044325810881322e-05
20170810,246.28,246.44,243.7,243.76,2198181,-0.014115267947421684
20170811,244.02,244.8,243.75,244.12,1413925,0.0014768624876928538
20170814,245.59,246.79,245.55,246.54,1227183,0.009913157463542488
20170815,246.98,247.0,246.16,246.51,882082,-0.00012168410805546426
20170816,247.11,247.57,246.45,246.94,1125801,0.0017443511419414914
20170817,246.24,246.6,243.09,243.09,2237407,-0.015590831780999403
20170818,242.9,244.19,242.2,242.71,2157139,-0.0015632070426591094
20170821,242.64,243.2,241.83,242.9,1196626,0.0007828272423879845
20170822,243.58,245.62,243.55,245.44,1236196,0.010456978180320986
20170823,244.35,245.05,244.16,244.56,844794,-0.003585397653194211
20170824,245.0,245.18,243.75,243.99,1017311,-0.0023307163886162607
20170825,244.9,245.61,244.39,244.56,1113802,0.0023361613180867824
20170828,245.13,245.2,244.09,244.57,620713,4.0889761203866115e-05
20170829,243.11,245.15,242.93,244.85,1011388,0.001144866500388364
20170830,244.83,246.32,244.62,246.01,1004781,0.004737594445578974
20170831,246.73,247.77,246.61,247.49,1315253,0.006016015609121572
20170901,247.92,248.33,247.67,247.84,990338,0.0014141985534767976
20170905,247.24,247.52,244.95,246.06,1665812,-0.007182052937378947
20170906,246.84,247.28,246.23,246.9,1114494,0.003413801511826353
20170907,247.26,247.27,246.4,246.87,964282,-0.00012150668286758926
20170908,246.53,247.11,246.3,246.58,983227,-0.0011747073358447935
20170911,248.04,249.3,248.02,249.21,1219720,0.010665909643928995
20170912,249.63,250.07,249.42,250.05,1069212,0.003370651257975199
20170913,249.73,250.21,249.59,250.17,771655,0.0004799040191960646
20170914,249.79,250.32,249.6,250.09,1021117,-0.00031978254786735327
20170915,248.69,249.29,248.57,249.19,1042543,-0.0035987044663920997
20170918,249.61,250.12,249.28,249.72,780745,0.002126891127252284
20170919,250.0,250.07,249.6,249.97,637287,0.0010011212558065363
20170920,250.06,250.19,248.92,250.06,1069748,0.00036004320518467914
20170921,249.89,249.98,249.18,249.39,730521,-0.002679356954330969
20170922,249.05,249.63,249.02,249.44,776966,0.0002004891936324693
20170925,249.14,249.56,248.08,248.93,1070812,-0.0020445798588838437
20170926,249.42,249.7,248.8,249.08,919104,0.0006025790382839791
20170927,249.88,250.49,248.87,250.05,1286502,0.003894331138589946
20170928,249.73,250.44,249.63,250.35,639430,0.0011997600479902726
20170929,250.34,251.32,250.13,251.23,1035724,0.0035150788895546015
20171002,251.49,252.32,251.29,252.32,936759,0.004338653823189986
20171003,252.46,252.89,252.23,252.86,846899,0.0021401395053901595
20171004,252.7,253.44,252.56,253.16,755653,0.0011864272720081281
20171005,253.51,254.68,253.4,254.66,1133869,0.005925106651919698
20171006,254.15,254.46,253.85,254.37,1017852,-0.00113877326631584
20171009,254.63,254.7,253.65,253.95,589050,-0.0016511381059087782
20171010,254.62,255.05,253.98,254.62,706337,0.0026383146288639914
20171011,254.51,255.02,254.32,255.02,617619,0.0015709685020814934
20171012,254.66,255.06,254.36,254.64,805086,-0.0014900792094738602
20171013,255.14,255.27,254.64,254.95,839110,0.001217404963870461
20171016,255.21,255.51,254.82,255.29,633179,0.0013335948225141614
20171017,255.24,255.52,254.98,255.47,590284,0.000705080496690158
20171018,255.9,255.95,255.5,255.72,629345,0.0009785884839708103
20171019,254.82,255.82,254.35,255.79,1035997,0.00027373689973408943
20171020,256.7,257.14,256.42,257.11,1028926,0.005160483208882294
20171023,257.48,257.51,256.02,256.11,908736,-0.0038893858659717617
20171024,256.59,256.83,256.15,256.56,1111471,0.0017570575143492917
20171025,256.19,256.31,254.0,255.29,1805947,-0.00495010913626448
20171026,255.99,256.3,255.56,255.62,943129,0.0012926475772652157
20171027,256.5,257.89,256.16,257.71,1247856,0.008176199045458077
20171030,257.07,257.6,256.41,256.75,928399,-0.0037251173800006976
20171031,257.18,257.44,256.8,257.15,892836,0.0015579357351507284
20171101,258.04,258.43,257.07,257.49,1011362,0.0013221854948475276
20171102,257.41,257.75,256.19,257.59,1060368,0.0003883645966833438
20171103,257.78,258.5,257.3,258.45,950350,0.0033386389223184487
20171106,258.29,259.0,258.22,258.85,567097,0.0015476881408398313
20171107,258.97,259.35,258.09,258.67,1004383,-0.000695383426695062
20171108,258.46,259.22,258.15,259.11,804969,0.001701009007615939
20171109,257.73,258.39,256.36,258.17,1882772,-0.0036278028636486104
20171110,257.73,258.21,257.37,258.09,893880,-0.00030987333927268157
20171113,257.32,258.59,257.27,258.33,810640,0.0009299081715681279
20171114,257.4,257.85,256.52,257.73,1023397,-0.002322610614330367
20171115,256.62,257.22,255.63,256.44,1387812,-0.005005238039809234
20171116,257.52,259.04,257.47,258.62,1448178,0.008501013882389774
20171117,258.22,258.44,257.77,257.86,1052218,-0.0029386745031320105
20171120,258.14,258.53,257.86,258.3,733662,0.001706352284185142
20171121,259.18,260.2,259.09,259.99,1057955,0.00654277971351136
20171122,260.03,260.15,259.57,259.76,690037,-0.0008846494095927637
20171124,260.28,260.48,260.16,260.36,408088,0.0023098244533417134
20171127,260.41,260.75,260.0,260.23,743325,-0.0004993086495621579
20171128,260.76,262.9,260.65,262.87,1445501,0.010144871844137926
20171129,263.02,263.63,262.2,262.71,1280797,-0.0006086658804733691
20171130,263.76,266.05,263.67,265.01,2071180,0.00875490084123176
20171201,264.77,265.31,260.76,264.46,3245602,-0.0020753933813818515
20171204,266.31,266.8,264.12,264.14,1646151,-0.0012100128563865553
20171205,264.43,265.15,263.04,263.19,1504387,-0.0035965775724994264
20171206,262.87,263.73,262.71,263.24,1021195,0.00018997682282773098
20171207,263.09,264.43,262.94,264.07,1003679,0.003153016258927055
20171208,265.01,265.52,264.72,265.51,1024363,0.0054530995569357366
20171211,265.57,266.38,265.49,266.31,953032,0.0030130691876013582
20171212,266.59,267.32,266.34,266.78,1162195,0.0017648605009199514
20171213,267.06,267.56,266.65,266.75,1224041,-0.00011245220781153087
20171214,267.12,267.22,265.6,265.66,1433582,-0.004086223055295157
20171215,265.45,267.04,265.39,266.51,1481901,0.003199578408491943
20171218,268.08,268.6,267.98,268.2,1141888,0.0063412254699635184
20171219,268.48,268.53,267.09,267.17,1175403,-0.0038404175988067113
20171220,268.25,268.33,266.69,267.03,1053707,-0.0005240109293709327
20171221,267.73,268.39,267.3,267.58,875524,0.0020596936673782373
20171222,267.59,267.64,266.9,267.51,915109,-0.0002616040062785041
20171226,267.06,267.39,266.88,267.19,622211,-0.0011962169638517484
20171227,267.36,267.73,267.01,267.32,814350,0.00048654515513302243
20171228,267.85,267.92,267.45,267.87,589594,0.002057459224898972
20171229,268.55,268.55,266.64,266.86,1096894,-0.003770485683353808
20180102,267.84,268.81,267.4,268.77,1271196,0.007157310949561513
20180103,268.95,270.64,268.95,270.47,1318652,0.006325110689437308
20180104,271.21,272.16,271.1,271.61,1196353,0.00421488519983737
20180105,272.5,273.56,271.95,273.42,1144640,0.006663966716983882
20180108,273.31,274.1,272.98,273.92,840827,0.0018286884646332435
20180109,274.4,275.25,274.09,274.54,1011496,0.0022634345794392274
20180110,273.69,274.42,272.92,274.12,1041225,-0.0015298317185110655
20180111,274.75,276.12,274.56,276.12,980842,0.007296074711805156
20180112,276.42,278.11,276.27,277.92,1352080,0.006518904823989535
20180116,279.35,280.09,276.18,276.97,1756571,-0.0034182498560736407
20180117,278.04,280.05,277.19,279.61,1554515,0.009531718236632125
20180118,279.5,279.96,278.58,279.14,1435263,-0.00168091269983206
20180119,279.8,280.41,279.14,280.41,1372785,0.004549688328437496
20180122,280.17,282.69,280.11,282.69,1195517,0.008130951107307105
20180123,282.74,283.62,282.37,283.29,1336551,0.002122466305847448
20180124,283.99,284.7,281.84,283.18,1936808,-0.0003882946803629439
20180125,284.16,284.27,282.4,283.3,1298255,0.00042375874002398284
20180126,284.27,286.58,283.96,286.58,1416277,0.011577832686198386
20180129,285.97,286.43,284.5,284.68,1534482,-0.006629911368553176
20180130,282.59,283.29,281.22,281.76,2147177,-0.010257130813545068
20180131,282.72,283.3,280.68,281.9,1924833,0.0004968767745598957
20180201,281.04,283.06,280.68,281.58,1627339,-0.001135154310038966
20180202,280.08,280.23,275.41,275.45,3060143,-0.02177001207472118
20180205,273.47,275.85,263.31,263.93,5104124,-0.04182247231802494
20180206,259.99,269.7,258.7,269.13,5802703,0.0197021937634978
20180207,268.5,272.36,267.63,267.67,2843302,-0.005424887600787631
20180208,267.97,268.17,257.59,257.63,3922001,-0.03750887286584237
20180209,260.8,263.61,252.92,261.5,5198569,0.015021542522221765
20180212,263.87,267.01,261.88,265.34,2502481,0.014684512428298158
20180213,263.94,266.62,263.31,266.0,1430426,0.0024873746890783366
20180214,264.48,270.0,263.97,269.59,2188389,0.013496240601503562
20180215,271.59,273.03,268.77,273.03,1809163,0.012760117215030231
20180216,272.31,275.32,272.27,273.11,1881606,0.00029300809434884556
20180220,272.03,273.67,270.5,271.4,1380632,-0.006261213430486023
20180221,271.9,274.72,269.98,270.05,1711257,-0.004974207811348386
20180222,271.09,273.05,269.64,270.4,1656280,0.0012960562858728153
20180223,271.81,274.71,271.25,274.71,1377150,0.015939349112426004
20180226,275.93,278.01,275.26,277.9,1333485,0.01161224564085761
20180227,278.11,278.92,274.36,274.43,1768268,-0.012486505937387427
20180228,275.68,276.19,271.31,271.65,2038688,-0.010130087818387312
20180301,271.41,273.17,266.0,267.7,3318186,-0.014540769372354045
20180302,265.8,269.72,264.82,269.08,2372115,0.005155024280911524
20180305,267.73,272.89,267.61,272.19,1649765,0.011557900995986303
20180306,273.27,273.39,271.18,272.88,1306626,0.0025349939380578945
20180307,270.44,273.18,270.2,272.78,1601861,-0.00036646144825569493
20180308,273.54,274.24,272.42,274.1,1203157,0.004839064447540231
20180309,275.7,278.87,275.34,278.87,1549538,0.017402407880335646
20180312,279.2,279.91,278.08,278.52,1104278,-0.0012550650840894573
20180313,279.87,280.41,276.03,276.72,1479704,-0.006462731581214798
20180314,277.81,278.02,274.67,275.3,1691506,-0.005131540907776899
20180315,275.88,276.61,274.43,275.0,1279088,-0.0010897203051217774
20180316,274.48,275.39,274.16,274.2,1096560,-0.0029090909090909722
20180319,273.33,273.38,268.62,270.49,1946307,-0.01353026987600281
20180320,270.93,271.67,270.18,270.95,959994,0.0017006173980553818
20180321,270.9,273.27,270.19,270.43,1495797,-0.0019191732792027683
20180322,267.91,268.87,263.36,263.67,2625335,-0.024997226639056236
20180323,264.16,265.02,257.83,258.05,2933722,-0.021314521940304143
20180326,262.13,265.43,259.41,265.11,2206926,0.027359038945940606
20180327,266.17,266.77,258.84,260.6,2558777,-0.01701180641997657
20180328,260.75,262.64,258.58,259.83,2647079,-0.002954719877206635
20180329,261.1,265.26,260.28,263.15,2070862,0.012777585344263542
20180402,262.56,263.13,254.67,257.47,3168626,-0.021584647539426016
20180403,258.87,261.31,256.84,260.77,2221494,0.01281702722647271
20180404,256.73,264.36,256.6,263.56,2378657,0.010699083483529659
20180405,265.54,266.64,264.32,265.64,1570001,0.00789194111397773
20180406,263.42,265.11,258.0,259.72,3147327,-0.02228580033127525
20180409,261.38,264.84,260.54,261.0,1707411,0.004928384413984244
20180410,264.27,266.04,262.98,265.15,2063700,0.015900383141762342
20180411,263.48,265.64,263.39,263.76,1640993,-0.005242315670375253
20180412,265.26,267.0,265.06,265.93,1404000,0.00822717622080682
20180413,267.41,267.54,264.01,265.15,1615230,-0.0029331026961983975
20180416,267.0,268.2,266.07,267.33,1177352,0.008221761267207306
20180417,269.34,270.87,268.75,270.19,1081151,0.010698387760445849
20180418,270.69,271.3,269.87,270.39,950322,0.0007402198452939324
20180419,269.65,269.88,267.72,268.89,1442173,-0.005547542438699704
20180420,268.81,269.06,265.61,266.61,1478892,-0.008479303804529659
20180423,267.26,267.89,265.35,266.57,1153975,-0.00015003188177498128
20180424,267.72,267.98,261.28,262.98,2298590,-0.013467381925948096
20180425,262.91,264.13,260.85,263.63,1746756,0.0024716708494940676
20180426,264.79,267.25,264.29,266.31,1254160,0.010165762621856311
20180427,267.02,267.34,265.5,266.56,1068660,0.0009387555855957519
20180430,267.24,267.89,264.43,264.51,1360244,-0.007690576230492185
20180501,263.9,265.1,262.11,264.98,1367490,0.0017768704396809998
20180502,264.76,265.68,262.76,263.2,1440731,-0.006717488112310432
20180503,262.26,263.36,259.05,262.62,2511975,-0.0022036474164133235
20180504,261.48,266.79,261.15,266.02,1503671,0.012946462569491946
20180507,266.9,268.02,266.11,266.92,1041783,0.0033832042703556553
20180508,266.5,267.33,265.15,266.92,1238270,0.0
20180509,267.68,269.87,267.09,269.5,1155550,0.009665817473400118
20180510,270.35,272.39,270.22,272.02,1179615,0.00935064935064922
20180511,272.16,273.15,271.58,272.85,978869,0.0030512462318947886
20180514,273.34,274.08,272.36,272.98,991759,0.000476452263148186
20180515,271.56,271.61,270.03,271.1,1515332,-0.006886951425012833
20180516,271.11,272.76,271.1,272.24,893429,0.0042050903725561195
20180517,271.94,273.23,271.13,272.01,1073525,-0.0008448427857773444
20180518,271.62,272.03,270.93,271.33,908829,-0.002499908091614267
20180521,272.97,273.98,272.6,273.37,956845,0.0075185198835368006
20180522,273.96,274.25,272.24,272.61,983911,-0.0027801148626402927
20180523,271.18,273.39,270.99,273.36,1128475,0.002751183008693703
20180524,272.92,273.22,270.78,272.8,1286719,-0.0020485806262803274
20180525,272.15,272.86,271.58,272.15,887620,-0.0023826979472142407
20180529,270.31,271.17,267.76,269.02,2011467,-0.011501010472166118
20180530,270.53,273.11,270.42,272.61,1305513,0.013344732733625797
20180531,272.16,272.49,270.25,270.94,1577648,-0.00612596749935812
20180601,272.4,273.94,272.33,273.6,1195443,0.009817671809256856
20180604,274.52,275.19,274.26,274.9,852518,0.004751461988304007
20180605,275.04,275.53,274.18,275.1,901545,0.0007275372862860507
20180606,275.81,277.52,275.09,277.4,1067302,0.008360596146855581
20180607,277.95,278.28,276.34,277.37,1300070,-0.00010814708002870876
20180608,276.85,278.25,276.66,278.19,1092813,0.0029563399069834073
20180611,278.44,279.37,278.31,278.56,912303,0.0013300262410582686
20180612,279.03,279.33,278.19,278.92,1153190,0.001292360712234375
20180613,279.17,279.48,277.8,278.03,1266017,-0.003190879105119948
20180614,279.01,279.33,278.05,278.73,1119571,0.002517713915764608
20180615,276.6,277.51,275.35,277.13,1487583,-0.00574032217558218
20180618,275.49,276.7,274.95,276.56,930326,-0.0020567964493197755
20180619,274.0,275.75,273.53,275.5,1504339,-0.00383280300838873
20180620,276.27,276.72,275.59,275.97,875412,0.0017059891107078506
20180621,275.96,275.98,273.68,274.24,1318779,-0.00626879733304353
20180622,275.66,275.79,274.49,274.74,973995,0.0018232205367560983
20180625,273.44,273.62,269.1,271.0,2453253,-0.013612870350149242
20180626,271.64,272.56,270.79,271.6,1380786,0.0022140221402215943
20180627,272.26,273.87,269.18,269.35,1929804,-0.008284241531664183
20180628,269.29,271.75,268.49,270.89,1512355,0.005717467978466617
20180629,272.12,273.66,271.19,271.28,1499384,0.0014396987707185893
20180702,269.51,272.04,269.24,271.86,1203738,0.002138012385727084
20180703,272.87,272.98,270.42,270.9,748750,-0.003531229309203354
20180705,272.16,273.18,270.96,273.11,1037828,0.0081579918789223
20180706,273.14,275.84,272.71,275.42,1175240,0.008458130423638854
20180709,276.55,277.96,276.5,277.9,815087,0.009004429598431285
20180710,278.41,279.01,278.08,278.9,951821,0.003598416696653395
20180711,277.14,278.04,276.52,276.86,1408821,-0.007314449623520791
20180712,278.27,279.43,277.6,279.37,1069737,0.009065953911724378
20180713,279.19,279.93,278.66,279.59,925369,0.0007874861295056323
20180716,279.64,279.81,278.84,279.34,758526,-0.0008941664580278674
20180717,278.47,280.91,278.41,280.47,999979,0.004045249516718252
20180718,280.59,281.18,280.06,281.06,750567,0.002103611794487703
20180719,280.31,280.74,279.46,280.0,1108565,-0.003771436703906672
20180720,279.76,280.48,279.5,279.68,1082186,-0.0011428571428571122
20180723,279.45,280.43,279.06,280.2,850787,0.0018592677345536934
20180724,281.79,282.56,280.63,281.61,1167108,0.005032119914347044
20180725,281.33,284.37,281.28,284.01,1271551,0.008522424629807013
20180726,283.21,284.11,283.09,283.34,957986,-0.002359071863666795
20180727,283.71,283.82,280.38,281.42,1446521,-0.00677631114561994
20180730,281.49,281.69,279.36,279.95,1174057,-0.0052235093454623405
20180731,280.81,282.02,280.38,281.33,1216140,0.004929451687801345
20180801,281.56,282.13,280.13,280.86,1015688,-0.001670635908008311
20180802,279.38,282.58,279.16,282.39,1062278,0.005447553941465344
20180803,282.53,283.65,282.33,283.6,862134,0.004284854279542616
20180806,283.56,284.99,283.2,284.64,747658,0.0036671368124117087
20180807,285.39,286.01,285.24,285.58,811385,0.003302417088251852
20180808,285.39,285.91,284.94,285.46,725300,-0.0004201974928216279
20180809,285.53,285.97,284.91,285.07,608470,-0.0013662159321795597
20180810,283.45,284.06,282.36,283.16,1416820,-0.006700108745220312
20180813,283.47,284.16,281.77,282.1,1231198,-0.0037434665913265164
20180814,282.92,284.17,282.05,283.9,822804,0.006380716058135283
20180815,282.38,282.54,280.16,281.78,1909615,-0.007467418104966539
20180816,283.4,285.04,283.36,284.06,1205128,0.008091418837391062
20180817,283.83,285.57,283.37,285.06,1090730,0.003520383017672213
20180820,285.57,285.97,285.06,285.67,696980,0.002139900371851633
20180821,286.24,287.31,286.1,286.34,1192958,0.0023453635313472887
20180822,285.88,286.76,285.57,286.17,815063,-0.0005936997974435032
20180823,285.97,286.94,285.43,285.79,893313,-0.0013278820281650283
20180824,286.44,287.67,286.38,287.51,1023626,0.006018405122642401
20180827,288.86,289.9,288.68,289.78,920116,0.007895377552085137
20180828,290.3,290.42,289.4,289.92,784225,0.0004831251294086236
20180829,290.16,291.74,289.88,291.48,975334,0.005380794701986824
20180830,290.94,291.36,289.63,290.3,1158979,-0.004048305201042934
20180831,289.84,290.81,289.29,290.31,1039368,3.444712366507119e-05
20180904,289.84,290.21,288.68,289.84,1093908,-0.0016189590437808432
20180905,289.41,289.64,287.89,289.03,1235817,-0.00279464532155671
20180906,289.15,289.49,287.0,288.16,1269650,-0.0030100681590145006
20180907,286.98,288.7,286.71,287.6,1279002,-0.0019433647973348123
20180910,288.76,289.04,287.88,288.1,808822,0.00173852573018074
20180911,287.37,289.55,286.97,289.05,908399,0.0032974661575841946
20180912,289.06,289.8,288.23,289.12,1159341,0.0002421726344923325
20180913,290.32,291.04,289.99,290.83,960508,0.005914499169894727
20180914,291.06,291.27,290.0,290.88,924473,0.0001719217412234908
20180917,290.82,290.86,289.03,289.34,1089556,-0.005294279427942916
20180918,289.57,291.58,289.55,290.91,964338,0.005426142254786992
20180919,290.97,291.69,290.82,291.22,864913,0.001065621669932293
20180920,292.64,293.94,292.51,293.58,1346539,0.008103839022045145
20180921,293.09,293.22,291.81,291.99,1143617,-0.005415900265685614
20180924,291.34,291.5,290.37,291.02,939626,-0.003322031576423967
20180925,291.53,291.65,290.48,290.75,753696,-0.000927771287196677
20180926,290.92,292.24,289.41,289.88,1338402,-0.0029922613929492803
20180927,290.44,291.91,290.1,290.69,1051382,0.002794259693666312
20180928,289.99,291.28,289.95,290.72,1234979,0.00010320272455199841
20181001,292.13,292.93,290.98,291.73,1142101,0.0034741331865713043
20181002,291.56,292.36,291.14,291.56,901093,-0.0005827306070682603
20181003,292.72,293.21,291.32,291.72,1121877,0.000548772122376251
20181004,291.18,291.24,287.66,289.44,2130004,-0.007815713698066773
20181005,289.69,290.27,286.22,287.82,1927988,-0.005597014925373123
20181008,287.04,288.22,285.5,287.82,1687076,0.0
20181009,287.39,288.86,286.77,287.4,1439239,-0.0014592453616844026
20181010,286.83,286.91,277.88,278.3,3735078,-0.03166318719554617
20181011,277.08,278.9,270.36,272.17,5062529,-0.022026590010779667
20181012,276.77,277.09,272.37,275.95,3256094,0.013888378586912387
20181015,275.55,277.04,274.3,274.4,1884060,-0.005616959594129445
20181016,276.57,280.82,276.07,280.4,1870868,0.02186588921282806
20181017,280.44,281.15,277.56,280.45,2043157,0.00017831669044232612
20181018,279.4,280.07,274.97,276.4,2656403,-0.014441076840791656
20181019,277.12,279.3,275.47,276.25,2170400,-0.0005426917510853446
20181022,277.0,277.36,274.41,275.01,1624800,-0.004488687782805423
20181023,270.94,274.87,268.61,273.61,2844736,-0.005090723973673605
20181024,273.33,273.76,264.7,265.32,3228733,-0.030298600197361303
20181025,267.37,271.81,266.23,270.08,2431250,0.0179406000301523
20181026,265.92,271.0,262.29,265.33,4000498,-0.017587381516587675
20181029,268.78,270.25,259.85,263.86,2988469,-0.005540270606414488
20181030,263.67,268.12,263.12,267.77,3065286,0.014818464337148285
20181031,270.65,273.23,270.12,270.63,2417687,0.010680808156253496
20181101,271.62,273.73,270.38,273.51,1803043,0.010641835716661108
20181102,274.74,275.23,269.59,271.89,2338494,-0.005923000987166804
20181105,272.44,274.01,271.35,273.39,1170375,0.005516936996579513
20181106,273.32,275.3,273.25,275.12,1119209,0.0063279563992830745
20181107,277.56,281.1,277.08,281.01,1820124,0.02140883977900554
20181108,280.14,281.22,279.22,280.5,1234807,-0.001814882032667886
20181109,279.03,279.24,276.18,277.76,1764455,-0.00976827094474153
20181112,277.15,277.46,271.99,272.57,1966956,-0.018685195852534586
20181113,273.06,275.33,271.25,272.06,1971265,-0.001871078988883501
20181114,274.14,274.61,268.45,270.2,2389012,-0.006836727192531145
20181115,268.78,273.54,267.01,273.02,2550343,0.010436713545521892
20181116,271.79,274.75,271.21,273.73,1970364,0.0026005420848291827
20181119,273.05,273.38,266.74,269.1,1939350,-0.016914477770065384
20181120,265.39,267.0,263.15,264.12,2569740,-0.018506131549609894
20181121,265.86,267.15,265.01,265.02,1305390,0.0034075420263515177
20181123,263.18,264.83,263.07,263.25,731730,-0.006678741227077123
20181126,265.78,267.75,265.34,267.5,1403071,0.01614434947768273
20181127,266.34,268.4,265.66,268.4,1414588,0.0033644859813082295
20181128,269.6,274.58,268.53,274.58,2412585,0.023025335320417284
20181129,273.71,275.55,272.43,273.98,1615919,-0.002185155510233683
20181130,273.81,276.28,273.45,275.65,1474683,0.006095335425943427
20181203,280.26,280.4,277.5,279.3,1958183,0.013241429348812117
20181204,278.37,278.85,269.9,270.25,3456181,-0.0324024346580738
20181206,265.92,269.97,262.44,269.84,3973622,-0.0015171137835338078
20181207,269.46,271.22,262.63,263.57,3198775,-0.02323599169878443
20181210,263.37,265.17,258.62,264.07,3273913,0.0018970292521911514
20181211,267.66,267.87,262.48,264.13,2545385,0.00022721248153900753
20181212,267.47,269.0,265.37,265.46,1908044,0.005035399235225002
20181213,266.51,267.49,264.12,265.37,1835216,-0.0003390341294355892
20181214,262.96,264.03,259.85,260.47,2358251,-0.01846478501714577
20181217,259.43,260.65,253.52,255.36,3130101,-0.019618382155334624
20181218,257.19,257.95,253.28,255.08,2561724,-0.0010964912280702066
20181219,255.17,259.4,249.35,251.26,4350218,-0.014975693899953013
20181220,249.86,251.62,244.65,247.17,4865843,-0.01627795908620555
20181221,246.72,249.71,239.98,240.7,4462700,-0.02617631589594205
20181224,239.03,240.29,234.31,234.34,2652171,-0.026422933111757363
20181226,235.97,246.18,233.76,246.18,3743274,0.05052487838183839
20181227,242.57,248.2,238.96,248.07,3569269,0.00767730928588839
20181228,249.58,251.4,246.45,247.75,2945638,-0.0012899584794614505
20181231,249.56,250.16,247.47,249.92,2233057,0.00875882946518658
20190102,245.98,251.21,245.95,250.18,2154753,0.0010403329065302724
20190103,248.26,248.57,243.67,244.21,2656151,-0.02386281877048524
20190104,247.59,253.11,247.17,252.39,2617572,0.03349576184431413
20190107,252.69,255.95,251.69,254.38,1815208,0.007884623004080993
20190108,256.82,257.31,254.0,256.77,1848158,0.009395392719553364
20190109,257.55,258.91,256.19,257.97,1771111,0.00467344315924767
20190110,256.3,259.16,255.5,258.88,1762159,0.0035275419622435855
20190111,257.68,258.98,257.03,258.98,1268301,0.000386279357231345
20190114,256.86,258.3,256.41,257.4,1113741,-0.006100857209051069
20190115,257.82,260.7,257.81,260.35,1631579,0.011460761460761582
20190116,260.83,261.97,260.6,260.98,1346219,0.002419819473785223
20190117,260.01,263.92,259.96,262.96,1615579,0.0075867882596365455
20190118,264.98,266.98,264.1,266.46,1880846,0.01331000912686342
20190122,264.82,265.06,261.06,262.86,2086808,-0.013510470614726322
20190123,264.01,264.79,260.66,263.41,1713243,0.0020923685612113108
20190124,263.21,264.2,262.08,263.55,1158853,0.0005314908317830547
20190125,265.61,266.7,265.11,265.78,1841938,0.008461392525137335
20190128,263.39,263.83,261.79,263.76,1473340,-0.007600270900744888
20190129,263.9,264.55,262.48,263.41,1102738,-0.001326963906581602
20190130,265.1,268.52,264.25,267.58,1853542,0.015830834060969412
20190131,267.51,270.47,267.27,269.93,1698830,0.008782420210778241
20190201,270.15,271.2,269.18,270.06,1571583,0.00048160634238514355
20190204,270.11,272.02,269.36,271.96,1050790,0.007035473598459463
20190205,272.47,273.44,271.88,273.1,1307625,0.004191792910722247
20190206,272.79,273.34,271.92,272.74,1033955,-0.001318198462101794
20190207,270.94,271.55,268.29,270.14,1872449,-0.009532888465205058
20190208,268.75,270.51,267.83,270.47,1465524,0.0012215888058044744
20190211,271.2,271.49,270.03,270.62,1097214,0.0005545901578731804
20190212,272.42,274.52,272.34,274.1,1361891,0.012859359988175445
20190213,275.03,275.93,274.56,274.99,1260618,0.0032469901495804088
20190214,273.78,275.64,272.87,274.38,1585598,-0.002218262482272082
20190215,276.34,277.41,276.13,277.37,1535842,0.010897295721262523
20190219,276.49,278.58,276.47,277.85,1067370,0.001730540433356298
20190220,277.81,278.92,277.25,278.41,1432771,0.002015475976246295
20190221,277.73,278.1,276.34,277.42,1208049,-0.0035559067562228597
20190222,278.11,279.36,277.82,279.14,1359088,0.0061999855814287574
20190225,280.73,281.31,279.43,279.52,1203575,0.0013613240667764703
20190226,279.13,280.3,278.9,279.32,1126178,-0.0007155123068116609
20190227,278.55,279.59,277.48,279.2,1100408,-0.0004296147787483662
20190228,278.96,279.45,278.32,278.68,1181932,-0.0018624641833809852
20190301,280.44,280.88,278.82,280.42,1398029,0.006243720396153396
20190304,281.6,281.87,276.84,279.4,1895041,-0.003637401041295285
20190305,279.55,279.76,278.41,279.02,980339,-0.0013600572655690923
20190306,279.15,279.16,276.97,277.33,1320252,-0.006056913482904491
20190307,276.83,276.99,274.07,275.01,1895969,-0.008365485162081243
20190308,272.93,274.65,272.42,274.46,1582121,-0.0019999272753717934
20190311,275.26,278.62,275.23,278.44,1183044,0.014501202360999832
20190312,279.04,280.07,278.85,279.49,1255259,0.0037710099123688945
20190313,280.48,282.38,280.3,281.34,1306937,0.006619199255787134
20190314,281.37,281.84,280.66,281.16,974004,-0.0006397952655148309
20190315,280.54,282.21,280.33,281.31,1264955,0.0005335040546308178
20190318,281.55,282.66,281.3,282.33,1101669,0.003625893142796155
20190319,283.51,284.36,281.41,282.4,1576015,0.00024793681153267855
20190320,282.17,283.5,280.32,281.55,1704825,-0.003009915014164144
20190321,280.63,285.18,280.59,284.73,1576106,0.011294619072988787
20190322,283.22,283.81,279.18,279.25,2457699,-0.019246303515611296
20190325,278.88,280.19,277.64,279.04,1515246,-0.0007520143240823396
20190326,280.99,282.18,279.56,281.12,1204934,0.007454128440366858
20190327,281.11,281.76,277.93,279.65,1461823,-0.005229083665338696
20190328,280.35,281.21,279.07,280.71,1164417,0.003790452351153162
20190329,282.39,282.84,281.14,282.48,1239806,0.006305439777706701
20190401,284.71,286.16,284.4,285.83,1280566,0.011859246672330626
20190402,286.04,286.23,285.09,285.97,831571,0.0004898016303398478
20190403,287.32,287.76,285.75,286.42,1205407,0.0015735916354862045
20190404,286.78,287.46,286.01,287.18,982306,0.0026534459884086647
20190405,287.92,288.63,287.6,288.57,960913,0.004840169928267857
20190408,288.1,288.91,287.37,288.79,894863,0.0007623800117824153
20190409,287.72,288.08,286.7,287.31,1191659,-0.005124831192215851
20190410,287.77,288.39,287.31,288.29,887729,0.003410949845115141
20190411,288.83,288.84,287.57,288.21,916795,-0.0002774983523536889
20190412,290.0,290.47,289.26,290.16,1017494,0.006765899864682234
20190415,290.24,290.35,289.07,289.97,812385,-0.0006548111386820432
20190416,290.95,291.01,289.5,290.16,857647,0.0006552401972617083
20190417,291.4,291.43,288.99,289.45,1018859,-0.0024469258340227285
20190418,290.1,290.32,288.66,290.02,957294,0.0019692520297114324
20190422,289.17,290.44,289.07,290.27,692744,0.0008620095165849939
20190423,290.68,293.14,290.42,292.88,936387,0.008991628483825398
20190424,292.77,293.16,292.07,292.23,793125,-0.0022193389784210815
20190425,292.13,292.78,290.73,292.05,913114,-0.000615953187557805
20190426,292.1,293.49,291.24,293.41,877965,0.004656736860126687
20190429,293.51,294.45,293.41,293.87,684123,0.0015677720595752564
20190430,293.49,294.34,291.92,294.02,1095433,0.0005104297818763204
20190501,294.72,294.95,291.8,291.81,1359945,-0.007516495476498131
20190502,291.68,292.7,289.52,291.18,1334376,-0.002158939035673879
20190503,292.82,294.34,292.56,294.03,948805,0.009787760148361802
20190506,289.25,293.31,288.9,292.82,1498621,-0.004115226337448541
20190507,290.15,290.81,285.81,287.93,2506726,-0.01669967898367597
20190508,287.54,289.43,286.87,287.53,1610938,-0.00138922654811946
20190509,285.24,287.33,283.3,286.66,2051862,-0.0030257712238721535
20190510,285.62,288.94,282.3,288.1,2283187,0.005023372636572931
20190513,282.42,283.49,279.93,280.86,2438644,-0.025130163137799366
20190514,282.02,285.1,281.85,283.4,1516601,0.009043651641386985
20190515,281.59,285.77,281.36,285.06,1340833,0.0058574453069866195
20190516,285.84,289.21,285.76,287.7,1357830,0.009261208166701618
20190517,285.14,288.6,285.13,285.84,1549228,-0.006465067778936406
20190520,284.06,285.43,283.12,283.95,1228545,-0.006612090680100713
20190521,285.83,286.93,285.55,286.51,890534,0.009015671773199507
20190522,285.45,286.67,285.1,285.63,916460,-0.003071446022826385
20190523,283.16,283.21,280.57,282.14,1858726,-0.012218604488324125
20190524,283.74,284.2,282.09,282.78,938163,0.002268377401290156
20190528,283.09,284.15,280.15,280.15,1296046,-0.009300516302425899
20190529,278.91,279.36,276.71,278.27,1972863,-0.006710690701409949
20190530,279.11,280.04,277.8,279.03,1137599,0.0027311603837998355
20190531,276.2,277.12,275.24,275.27,1549820,-0.013475253556965217
20190603,275.31,276.56,273.09,274.57,1948520,-0.002542957823228109
20190604,277.12,280.68,276.62,280.53,1483253,0.021706668609097868
20190605,282.33,282.99,280.32,282.96,1352509,0.008662175168431263
20190606,283.29,285.55,282.57,284.8,1205340,0.006502685891998983
20190607,285.93,288.85,285.74,287.65,1352529,0.010007022471909988
20190610,289.36,290.82,288.87,288.97,1158845,0.004588910133843438
20190611,290.99,291.4,288.18,288.9,1061652,-0.00024223967885961262
20190612,288.64,289.26,287.81,288.39,851495,-0.0017653167185877061
20190613,289.4,289.98,288.62,289.58,882963,0.004126356669787334
20190614,289.26,289.93,288.41,289.26,868627,-0.001105048691207977
20190617,289.52,290.22,289.18,289.37,727344,0.00038028071631068805
20190618,291.39,293.57,290.99,292.4,1520782,0.01047102325742122
20190619,292.55,293.65,291.47,293.06,1335254,0.0022571819425445394
20190620,296.04,296.31,293.12,295.86,1561885,0.009554357469460317
20190621,294.14,295.52,293.76,294.0,1214386,-0.0062867572500507896
20190624,294.23,294.58,293.47,293.64,775687,-0.001224489795918382
20190625,293.69,293.73,290.64,290.76,1261377,-0.00980792807519415
20190626,291.75,292.31,290.34,290.47,822106,-0.000997386160407121
20190627,291.31,292.06,290.89,291.5,728695,0.0035459772093502373
20190628,292.58,293.55,292.01,293.0,1037767,0.005145797598627766
20190701,296.68,296.92,294.33,295.66,1315169,0.00907849829351548
20190702,295.61,296.49,294.68,296.43,1072123,0.0026043428262192414
20190703,297.18,298.82,297.02,298.8,660098,0.007995142192085858
20190705,297.45,298.64,296.01,298.46,892263,-0.0011378848728247348
20190708,297.01,297.35,296.22,296.82,754680,-0.0054948736849158575
20190709,295.54,297.52,295.48,297.19,696730,0.0012465467286570941
20190710,298.37,299.66,297.78,298.61,1013726,0.004778088091793142
20190711,299.32,299.58,298.2,299.31,953033,0.0023441947690967524
20190712,299.85,300.73,299.51,300.65,771574,0.00447696368313788
20190715,301.13,301.13,300.19,300.75,557371,0.00033261267254292015
20190716,300.65,300.88,299.44,299.71,725468,-0.003458021612635198
20190718,297.19,299.25,296.7,298.83,988659,-0.0029361716325780884
20190719,300.02,300.07,296.96,297.17,1087628,-0.005554997824850139
20190722,297.61,298.5,297.04,297.9,669955,0.002456506376821155
20190723,299.14,300.03,298.22,300.03,810116,0.0071500503524672965
20190724,299.18,301.44,299.09,301.44,743609,0.004699530046995415
20190725,300.95,301.0,299.11,300.0,942736,-0.004777070063694211
20190726,300.76,302.23,300.62,302.01,685841,0.006699999999999928
20190729,301.88,301.93,300.85,301.46,678813,-0.0018211317506042768
20190730,299.9,301.17,299.49,300.72,775653,-0.002454720360910101
20190731,300.99,301.2,295.2,297.43,2055960,-0.010940409683426466
20190801,297.6,300.87,293.96,294.84,2804413,-0.008707931277947889
20190802,293.85,294.12,290.9,292.62,2078316,-0.007529507529507429
20190805,288.09,288.21,281.72,283.82,3302569,-0.03007313239013054
20190806,285.91,288.04,284.28,287.8,2025154,0.01402297230639138
20190807,284.41,288.82,282.04,287.97,2364291,0.0005906879777624052
20190808,289.61,293.62,289.01,293.62,1446025,0.019620099315900807
20190809,292.56,293.24,289.65,291.62,1680992,-0.006811525100470006
20190812,289.96,290.57,287.02,288.07,1198570,-0.012173376311638506
20190813,287.74,294.15,287.36,292.55,1865493,0.015551775610094909
20190814,288.07,288.74,283.76,283.9,2549737,-0.029567595282857795
20190815,284.9,285.64,282.39,284.65,1803982,0.002641775272983482
20190816,286.48,289.33,284.71,288.85,1303621,0.014754962234323044
20190819,292.18,293.08,291.44,292.33,928116,0.01204777566210824
20190820,291.77,292.36,289.95,290.09,912981,-0.007662573119419869
20190821,292.47,292.86,291.72,292.45,811696,0.008135406253231725
20190822,293.23,293.93,290.4,292.36,1027362,-0.00030774491366036827
20190823,290.92,292.76,283.47,284.85,2583795,-0.025687508551101357
20190826,287.27,288.0,285.58,288.0,1199767,0.011058451816745585
20190827,289.54,289.95,286.03,286.87,1153433,-0.003923611111111058
20190828,286.14,289.07,285.25,288.89,1106720,0.007041517063478109
20190829,291.72,293.16,290.61,292.58,1089563,0.012773027796046943
20190830,294.22,294.24,291.42,292.45,1100053,-0.0004443229202268917
20190903,290.57,291.58,289.27,290.74,1179781,-0.005847153359548551
20190904,293.14,294.06,292.31,294.04,884971,0.01135034738942009
20190905,296.79,298.83,296.64,297.82,1475188,0.012855393823969496
20190906,298.17,298.76,297.42,298.05,905812,0.0007722785575179358
20190909,299.15,299.24,297.16,298.2,890376,0.0005032712632107028
20190910,297.36,298.2,295.97,298.13,1026627,-0.00023474178403748436
20190911,298.47,300.34,297.75,300.25,1046521,0.007110991849193393
20190912,301.25,302.46,300.41,301.29,1311416,0.0034637801831807202
20190913,301.78,302.17,300.68,301.09,919886,-0.0006638122738891195
20190916,299.84,300.65,299.45,300.16,940143,-0.0030887774419606773
20190917,299.93,301.02,299.75,300.92,706869,0.0025319829424306217
20190918,300.49,301.22,298.24,301.1,1343681,0.000598165625415481
20190919,301.53,302.63,300.71,301.08,1022518,-6.64231152441852e-05
20190920,300.36,300.67,297.41,298.28,1356160,-0.009299853859439433
20190923,297.55,299.0,297.27,298.21,708156,-0.00023467882526484463
20190924,299.41,299.84,294.81,295.87,1890413,-0.0078468193554877
20190925,295.95,298.11,294.33,297.62,1216446,0.00591475986074963
20190926,297.63,297.86,295.45,297.0,1090002,-0.0020831933337813746
20190927,297.83,297.95,293.69,295.4,1522578,-0.005387205387205496
20190930,295.96,297.55,295.92,296.77,912250,0.004637779282329113
20191001,297.74,298.46,293.0,293.24,1528228,-0.011894733295144344
20191002,291.51,291.51,286.64,288.06,2223244,-0.017664711499113417
20191003,287.82,290.42,284.82,290.42,1794094,0.008192737624106217
20191004,291.14,294.63,291.08,294.35,1109795,0.013532125886646984
20191007,293.47,295.26,292.77,293.08,1111244,-0.004314591472736717
20191008,291.04,291.85,288.49,288.53,1766610,-0.015524771393476189
20191009,290.75,292.3,290.06,291.27,1033481,0.009496412851349945
20191010,291.18,294.21,291.0,293.24,1129801,0.006763484052597413
20191011,296.25,298.74,296.14,296.28,1741642,0.010366934933842442
20191014,295.92,296.67,295.57,295.95,676191,-0.0011138112596191796
20191015,297.09,299.7,296.97,298.88,895458,0.00990032100016891
20191016,298.35,299.16,297.92,298.4,791187,-0.0016059957173447659
20191017,299.67,300.24,298.51,299.28,872423,0.0029490616621983268
20191018,298.68,299.4,296.99,297.97,1023589,-0.004377171879176522
20191021,299.42,300.21,298.93,299.99,656910,0.006779205960331547
20191022,300.58,300.9,298.91,299.01,753321,-0.0032667755591854197
20191023,298.73,299.94,298.49,299.88,613330,0.002909601685562313
20191024,300.91,301.07,299.46,300.37,691889,0.0016339869281045694
20191025,299.74,302.2,299.69,301.6,795713,0.0040949495622066845
20191028,302.94,303.85,302.91,303.3,705608,0.005636604774535758
20191029,303.0,304.23,302.86,303.21,780446,-0.00029673590504464276
20191030,303.43,304.55,301.99,304.14,931432,0.0030671811615712308
20191031,304.11,304.13,301.73,303.33,1268552,-0.0026632471887946263
20191101,304.91,306.19,304.74,306.14,1187335,0.00926383806415454
20191104,307.85,308.0,306.96,307.37,767429,0.0040177696478735925
20191105,307.59,307.92,306.71,307.03,763139,-0.0011061587012396457
20191106,307.03,307.4,306.06,307.1,825511,0.0002279907500897238
20191107,308.58,309.46,307.66,308.18,921301,0.0035167697818299093
20191108,307.8,308.97,307.03,308.94,784277,0.002466091245376001
20191111,307.42,308.54,307.27,308.35,530804,-0.0019097559396645813
20191112,308.74,309.99,308.15,309.0,818089,0.0021079941624775334
20191113,307.91,309.54,307.66,309.1,957843,0.00032362459546941835
20191114,308.79,309.64,308.09,309.55,840271,0.001455839534131309
20191115,311.01,311.83,310.26,311.79,800264,0.007236310773703902
20191118,311.53,312.28,311.03,312.02,699287,0.0007376759998716231
20191119,312.67,312.69,311.22,311.93,1037884,-0.0002884430485224909
20191120,311.28,311.85,309.06,310.77,1349367,-0.0037187830603020444
20191121,310.88,311.01,309.39,310.27,897654,-0.0016089069086462349
20191122,311.09,311.24,309.85,310.96,669621,0.002223869532987477
20191125,311.98,313.37,311.98,313.37,733693,0.007750192950861878
20191126,313.41,314.28,313.06,314.08,663006,0.0022656923126016526
20191127,314.61,315.48,314.37,315.48,580482,0.004457463066734668
20191129,314.86,315.13,314.06,314.31,452075,-0.0037086344617726086
20191202,314.59,314.66,311.17,311.64,1275542,-0.008494798129235481
20191203,308.65,309.64,307.13,309.55,1416111,-0.006706456167372532
20191204,310.69,312.12,310.32,311.46,810709,0.006170247132934792
20191205,312.24,312.25,310.58,312.02,703167,0.0017979836897192847
20191206,314.1,315.31,314.1,314.87,745301,0.0091340298698801
20191209,314.42,315.18,313.8,313.88,562411,-0.0031441547305237627
20191210,313.83,314.55,312.81,313.53,770253,-0.001115075825156131
20191211,314.05,314.7,313.59,314.42,718370,0.0028386438299365935
20191212,314.43,317.99,314.17,317.13,1754208,0.008619044590038705
20191213,316.87,318.67,316.02,317.32,1534756,0.0005991233878850366
20191216,319.18,320.15,319.17,319.5,1058103,0.00687003655615781
20191217,319.92,320.25,319.48,319.57,725791,0.00021909233176842235
20191218,320.01,320.25,319.53,319.59,690549,6.258409738069126e-05
20191219,319.79,320.98,319.75,320.9,861733,0.0040990018461153355
20191220,320.46,321.45,320.37,320.73,1304530,-0.0005297600498596067
20191223,321.59,321.65,321.06,321.22,642868,0.0015277647865805655
20191224,321.47,321.52,320.9,321.23,305544,3.1131311873489054e-05
20191226,321.66,322.94,321.64,322.94,463883,0.0053232886094074505
20191227,323.74,323.8,322.28,322.86,670745,-0.0002477240354245014
20191230,322.96,323.1,320.55,321.08,883866,-0.005513225546676659
20191231,320.52,322.13,320.15,321.86,776082,0.002429301108757942
20200102,323.54,324.87,322.53,324.87,1007833,0.009351892127011707
20200103,321.14,323.64,321.1,322.41,1183943,-0.007572259673099935
20200106,320.49,323.73,320.36,323.64,893272,0.003815018144598392
20200107,323.02,323.54,322.24,322.73,696991,-0.0028117661599307286
20200108,322.94,325.78,322.67,324.45,1154426,0.005329532426486372
20200109,326.15,326.73,325.52,326.65,808203,0.006780705809831922
20200110,327.29,327.46,325.2,325.71,796745,-0.0028776978417266452
20200113,326.4,327.96,325.92,327.95,693168,0.006877283473028184
20200114,327.48,328.62,326.84,327.45,1110680,-0.0015246226558927045
20200115,327.34,329.02,327.26,328.19,1056016,0.00225988700564983
20200116,329.7,330.92,329.45,330.92,825135,0.008318352174045529
20200117,331.69,332.18,331.07,331.95,985444,0.003112534751601448
20200121,330.9,332.18,330.82,331.3,1021793,-0.001958126223828849
20200122,332.24,332.95,331.17,331.34,752218,0.00012073649260480046
20200123,330.63,331.92,329.41,331.72,923380,0.0011468582121085813
20200124,332.44,332.53,327.36,328.77,1528106,-0.00889304232485244
20200127,323.03,325.12,322.66,323.5,1500664,-0.016029443075706418
20200128,325.06,327.85,324.55,326.89,1143685,0.010479134466769624
20200129,328.38,328.63,326.4,326.62,955684,-0.0008259659212578319
20200130,324.36,327.91,323.54,327.68,1425534,0.003245361582266959
20200131,327.0,327.17,320.73,321.73,2115250,-0.018157958984375
20200203,323.35,326.16,323.22,324.12,1232752,0.0074285891896932466
20200204,328.07,330.01,327.72,329.06,1002999,0.015241268665926233
20200205,332.27,333.09,330.67,332.86,1080565,0.01154804594906711
20200206,333.92,334.19,332.8,333.98,750584,0.003364777984738332
20200207,332.82,333.62,331.6,332.2,955439,-0.005329660458710195
20200210,331.23,334.72,331.19,334.68,725474,0.007465382299819412
20200211,336.17,337.02,334.75,335.26,951492,0.0017329986853114043
20200212,336.83,337.65,336.43,337.42,686012,0.006442760842331419
20200213,335.86,338.12,335.56,337.06,948263,-0.001066919566119373
20200214,337.46,337.73,336.2,337.6,982101,0.0016020886489052089
20200218,336.52,337.17,335.21,336.73,995049,-0.002577014218009488
20200219,337.77,339.08,337.48,338.34,708734,0.004781278769340203
20200220,337.75,338.64,333.68,336.95,1399849,-0.00410829343264163
20200221,335.47,335.81,332.58,333.48,1783469,-0.01029826383736454
20200224,323.14,325.85,321.24,322.42,2780510,-0.03316540722082284
20200225,323.93,324.61,311.69,312.65,4143426,-0.03030209044103971
20200226,314.2,318.11,310.7,311.5,3528897,-0.0036782344474651785
20200227,305.46,309.65,297.51,297.51,4860330,-0.04491171749598721
20200228,288.7,296.26,285.54,296.26,6074925,-0.004201539444052327
20200302,298.2,309.16,294.46,309.09,3941156,0.043306555052993856
20200303,309.5,313.84,297.57,300.24,5269792,-0.02863243715422681
20200304,306.12,313.1,303.33,312.86,3038398,0.04203304023447907
20200305,304.98,308.47,300.01,302.46,3070571,-0.03324170555520056
20200306,293.18,298.78,290.23,297.46,4047095,-0.016531111551940758
20200309,275.29,284.19,273.45,274.23,5133875,-0.07809453371881925
20200310,284.62,288.51,273.5,288.42,4705133,0.05174488567990365
20200311,280.7,281.94,270.88,274.36,4232748,-0.0487483530961792
20200312,256.0,266.66,247.68,248.11,6677708,-0.09567721242163585
20200313,263.09,271.05,249.58,269.32,5536986,0.08548627624843808
20200316,241.18,256.9,237.36,239.85,5172545,-0.10942373384821036
20200317,245.04,256.17,237.07,252.8,4460689,0.05399207838232245
20200318,236.25,248.37,228.02,240.0,5713442,-0.05063291139240511
20200319,239.25,247.38,232.22,240.51,5056683,0.0021249999999999325
20200320,242.53,244.47,228.5,228.8,4905254,-0.04868820423267217
20200323,228.19,229.39,218.26,222.95,4986217,-0.02556818181818188
20200324,234.42,244.1,233.8,243.15,4328812,0.09060327427674375
20200325,244.87,256.35,239.75,246.79,4872390,0.01497018301460007
20200326,249.52,262.8,249.05,261.2,4048417,0.05838972405689047
20200327,253.29,260.81,251.05,253.42,3505681,-0.02978560490045945
20200330,255.7,262.43,253.53,261.65,2538078,0.03247573198642573
20200331,260.58,263.33,256.22,257.75,2907945,-0.014905407987769848
20200401,247.98,251.44,243.9,246.15,2950087,-0.04500484966052376
20200402,245.2,252.68,244.59,251.83,3147169,0.023075360552508695
20200403,250.76,253.32,245.22,248.19,2523613,-0.01445419529047376
20200406,257.84,267.0,256.72,264.86,3163669,0.0671662838954028
20200407,274.21,275.03,264.89,265.13,3718038,0.0010194064788944246
20200408,267.94,275.41,265.56,274.03,2772821,0.033568438124693456
20200409,277.58,281.2,275.47,278.2,3291182,0.015217311973141578
20200413,277.15,277.51,271.41,275.66,2140026,-0.00913012221423426
20200414,280.94,284.84,279.91,283.79,2402190,0.029492853515199924
20200415,277.57,279.59,275.46,277.76,2117059,-0.021248105993868838
20200416,279.15,280.03,275.76,279.1,2162072,0.004824308755760454
20200417,285.37,287.3,282.4,286.64,2218575,0.02701540666427782
20200420,282.61,286.29,281.35,281.59,1801716,-0.017617917945855432
20200421,276.73,278.04,272.02,273.04,2379779,-0.03036329415107053
20200422,278.35,281.0,276.91,279.1,1563974,0.022194550249047706
20200423,280.49,283.94,278.75,279.08,2199187,-7.16589036189319e-05
20200424,280.74,283.7,278.5,282.97,1443978,0.013938655582628856
20200427,285.09,288.27,284.62,287.05,1392366,0.014418489592536332
20200428,291.02,291.4,285.4,285.73,1989334,-0.004598502003135274
20200429,291.54,294.88,290.41,293.21,2170630,0.026178560179189958
20200430,291.71,292.24,288.59,290.48,2143980,-0.009310732921796516
20200501,285.31,286.04,281.52,282.79,2186914,-0.026473423299366527
20200504,280.74,283.9,279.13,283.57,1499551,0.0027582304890554354
20200505,286.64,289.25,285.75,286.19,1535673,0.009239341256127354
20200506,288.03,288.46,283.78,284.25,1428805,-0.006778713442118889
20200507,287.75,289.78,287.13,287.68,1404412,0.012066842568161817
20200508,291.08,292.95,289.86,292.44,1259752,0.016546162402669706
20200511,290.34,294.0,289.88,292.5,1359139,0.00020517029134192732
20200512,293.78,294.24,286.55,286.67,1684809,-0.019931623931623843
20200513,286.05,287.19,278.96,281.6,2688722,-0.017685840862315505
20200514,278.94,285.11,272.99,284.97,2463717,0.011967329545454541
20200515,282.37,286.33,281.34,286.28,1764291,0.004596975120187974
20200518,293.05,296.75,292.7,295.0,1979663,0.030459689814168023
20200519,294.34,296.21,291.95,291.97,1650928,-0.010271186440677926
20200520,295.82,297.87,295.57,296.93,1432733,0.01698804671712839
20200521,296.78,297.67,293.68,294.88,1501865,-0.006903984103997618
20200522,294.57,295.63,293.22,295.44,1073498,0.0018990775908844792
20200526,301.93,302.19,298.69,299.08,1495827,0.012320606552937985
20200527,302.1,303.57,296.87,303.53,1897710,0.014878962150595143
20200528,304.65,306.84,302.24,302.97,1694590,-0.0018449576648105204
20200529,302.46,304.96,299.55,304.32,2045513,0.004455886721457469
20200601,303.61,306.21,303.06,305.55,965439,0.004041798107255579
20200602,306.55,308.13,305.1,308.08,1343916,0.008280150548191756
20200603,310.23,313.22,309.94,312.18,1526420,0.013308231628148537
20200604,311.11,313.0,309.08,311.36,1461669,-0.0026266897302837933
20200605,317.27,321.28,317.16,319.34,2328417,0.025629496402877594
20200608,320.22,323.41,319.63,323.2,1380272,0.012087430325045556
20200609,320.29,322.37,319.36,320.79,1392345,-0.007456683168316713
20200610,321.42,322.39,318.22,319.0,1775123,-0.0055799744381059835
20200611,311.46,312.15,300.01,300.61,3993824,-0.05764890282131652
20200612,308.24,309.08,298.6,304.21,3540740,0.011975649512657505
20200615,298.02,308.28,296.74,307.05,2510897,0.009335656290062833
20200616,315.47,315.64,307.67,312.96,2708293,0.0192476795310208
20200617,314.06,314.39,310.86,311.66,1418499,-0.0041538854805724945
20200618,310.0,312.3,309.51,311.78,1352084,0.0003850349740099901
20200619,314.17,314.38,306.53,308.64,2079202,-0.010071204054140748
20200622,307.99,311.05,306.75,310.62,1326527,0.006415241057542875
20200623,313.49,314.5,311.61,312.05,1236114,0.004603695834138222
20200624,309.84,310.51,302.1,304.09,2521505,-0.025508732574907933
20200625,303.48,307.64,301.28,307.35,1679741,0.010720510375217929
20200626,306.16,306.39,299.42,300.05,2280300,-0.02375142345859771
20200629,301.42,304.46,298.93,304.46,1404050,0.014697550408265148
20200630,303.98,310.2,303.82,308.36,1830159,0.012809564474808077
20200701,309.56,311.89,309.07,310.52,1276003,0.007004799584900745
20200702,314.23,315.7,311.51,312.23,1286273,0.005506891665593372
20200706,316.37,317.68,315.56,317.05,1037518,0.01543733785991086
20200707,315.38,317.52,313.37,313.78,1498104,-0.010313830626084375
20200708,314.61,316.3,312.7,316.18,1060332,0.007648671043406274
20200709,316.84,317.1,310.68,314.38,1619402,-0.005692959706496303
20200710,314.25,317.88,312.76,317.59,1092180,0.01021057319167884
20200713,320.13,322.71,314.13,314.84,1820329,-0.008658962813690607
20200714,313.28,319.76,312.0,318.92,1759731,0.012958963282937441
20200715,322.41,323.04,319.26,321.85,1569648,0.009187256992349235
20200716,319.79,321.28,319.09,320.79,1052035,-0.003293459686189215
20200717,321.85,322.57,319.73,321.72,963860,0.0028990928644907488
20200720,321.43,325.13,320.62,324.32,965019,0.00808156160636564
20200721,326.45,326.93,323.94,325.01,1058006,0.002127528367044995
20200722,324.61,327.2,324.5,326.86,954582,0.005692132549767859
20200723,326.46,327.23,321.48,322.96,1436827,-0.011931713883620021
20200724,320.95,321.99,319.24,320.88,1203569,-0.006440426058954674
20200727,321.63,323.41,320.77,323.22,794688,0.007292445774121248
20200728,322.43,323.64,320.85,321.17,894061,-0.006342429305117303
20200729,322.12,325.73,322.07,325.12,850226,0.012298782576205758
20200730,321.9,324.41,319.64,323.96,1102813,-0.0035679133858268486
20200731,325.9,326.61,321.33,326.52,1408990,0.007902210149401068
20200803,328.32,329.62,327.73,328.79,859031,0.006952100943280692
20200804,327.86,330.06,327.86,330.06,739646,0.003862647890750859
20200805,331.47,332.39,331.18,332.11,697714,0.006210991940859278
20200806,331.48,334.46,331.13,334.33,813994,0.006684532233296014
20200807,333.28,334.88,332.3,334.57,1046700,0.0007178536176830619
20200810,335.06,335.77,332.95,335.57,771959,0.0029889111396719237
20200811,336.86,337.54,332.01,332.8,1227973,-0.008254611556456126
20200812,335.45,338.28,335.43,337.44,938645,0.013942307692307754
20200813,336.61,338.26,335.83,336.83,759220,-0.0018077287814129983
20200814,336.41,337.42,335.62,336.84,687931,2.9688566932861704e-05
20200817,337.93,338.34,337.48,337.91,573951,0.003176582353639823
20200818,338.34,339.1,336.61,338.64,639741,0.0021603385516852924
20200819,339.06,339.61,336.62,337.23,1121153,-0.004163713678242309
20200820,335.36,338.8,335.22,338.28,782961,0.0031136019927051617
20200821,337.92,339.72,337.55,339.48,795115,0.003547357218872005
20200824,342.12,343.0,341.06,342.92,741556,0.01013314480970906
20200825,343.54,344.21,342.27,344.12,690350,0.003499358450950618
20200826,344.74,347.86,344.17,347.57,899637,0.010025572474718025
20200827,348.53,349.9,346.53,348.33,1084813,0.0021866098915326315
20200828,349.45,350.72,348.15,350.58,798940,0.006459391955903948
20200831,350.35,351.3,349.09,349.31,968397,-0.003622568315363006
20200901,350.21,352.69,349.24,352.6,897425,0.009418568034124553
20200902,354.67,358.75,353.43,357.7,1340006,0.014463981849120788
20200903,355.86,356.38,342.59,345.39,2784699,-0.03441431367067371
20200904,346.13,347.83,334.87,342.57,2402561,-0.00816468340137233
20200908,336.71,338.06,332.88,333.21,1955133,-0.02732288291444085
20200909,337.55,342.46,336.61,339.79,1571239,0.019747306503406392
20200910,341.82,342.53,332.85,333.89,1708241,-0.01736366579357851
20200911,335.82,336.97,331.0,334.06,1471346,0.0005091497199676276
20200914,337.49,340.38,336.93,338.46,1079714,0.013171286595222265
20200915,341.12,342.02,339.02,340.17,932374,0.005052295692253184
20200916,341.53,343.06,338.52,338.82,1351059,-0.003968603933327541
20200917,333.56,337.7,332.99,335.84,1571684,-0.008795230505873386
20200918,335.37,335.49,327.97,330.65,1568958,-0.015453787517865636
20200921,325.7,327.09,321.73,326.97,1754320,-0.011129593225464807
20200922,328.57,330.9,325.86,330.3,1097285,0.010184420589044896
20200923,330.9,331.2,322.1,322.64,1575920,-0.02319103844989412
20200924,321.21,326.8,319.8,323.5,1540970,0.0026655095462435607
20200925,322.57,329.58,321.64,328.73,1264000,0.01616692426584243
20200928,333.22,334.96,332.15,334.19,1066367,0.016609375475314048
20200929,333.97,334.77,331.62,332.37,918228,-0.005446003770310237
20200930,333.1,338.29,332.88,334.89,1633455,0.00758191172488476
20201001,337.69,338.74,335.01,337.04,1285608,0.006420018513541903
20201002,331.7,335.92,331.19,333.84,1628549,-0.00949442202705919
20201005,336.06,339.96,336.01,339.76,867218,0.017733045770429
20201006,339.91,342.17,334.38,334.93,1765607,-0.014215917117965549
20201007,338.1,341.63,338.09,340.76,898139,0.017406622279282136
20201008,342.85,343.85,341.86,343.78,795149,0.008862542551942632
20201009,345.57,347.35,344.89,346.85,985835,0.00893012973413243
20201012,349.57,354.02,349.06,352.43,1157375,0.01608764595646539
20201013,352.26,352.44,349.09,350.13,1115338,-0.006526118661861924
20201014,350.74,351.93,347.14,347.93,1045674,-0.006283380458686705
20201015,343.7,348.02,343.13,347.5,1151901,-0.0012358807806167604
20201016,348.96,350.75,347.1,347.29,1016552,-0.0006043165467625178
20201019,348.65,349.33,341.04,342.01,1235926,-0.015203432290017083
20201020,343.46,346.88,342.64,343.38,1153177,0.004005730826583953
20201021,343.32,345.67,342.4,342.73,1208733,-0.0018929465897838949
20201022,342.96,345.24,340.65,344.61,1016708,0.0054853674904442595
20201023,345.93,345.99,343.13,345.78,836252,0.003395142334813084
20201026,342.13,342.98,335.62,339.39,1708207,-0.018479958355023363
20201027,339.75,340.12,337.99,338.22,1101759,-0.0034473614425880594
20201028,332.11,332.84,326.13,326.66,2288383,-0.034178936786706915
20201029,326.91,333.4,325.09,329.98,1567285,0.010163472723933031
20201030,328.28,329.69,322.6,326.54,2054899,-0.010424874234802095
20201102,330.2,332.36,327.24,330.2,1493858,0.011208427757701811
20201103,333.7,338.25,333.17,336.03,1608548,0.01765596608116282
20201104,340.85,347.94,339.59,343.54,2166878,0.02234919501235022
20201105,349.24,352.19,348.86,350.24,1497370,0.019502823543109837
20201106,349.93,351.51,347.65,350.16,1073132,-0.00022841480127910874
20201109,363.97,364.38,354.06,354.56,2537708,0.012565684258624588
20201110,353.48,355.18,350.51,354.04,1483626,-0.0014666064981948557
20201111,356.4,357.56,355.06,356.67,925682,0.007428539148118807
20201112,355.58,356.42,351.26,353.21,1281582,-0.009700843917346713
20201113,355.27,358.9,354.71,358.1,1074589,0.013844455140001877
20201116,360.98,362.59,359.59,362.57,1291423,0.012482546774643888
20201117,359.96,361.92,358.34,360.62,1050901,-0.0053782717820006765
20201118,360.9,361.5,356.24,356.28,1123029,-0.012034828905773454
20201119,355.59,358.18,354.15,357.78,951984,0.004210171775008487
20201120,357.48,357.72,355.25,355.33,837562,-0.006847783554139397
20201123,357.28,358.82,354.86,357.46,968122,0.0059944277150818515
20201124,360.21,363.81,359.29,363.22,1138711,0.016113691042354494
20201125,363.13,363.16,361.48,362.66,704982,-0.0015417653212929094
20201127,363.83,364.18,362.58,363.67,404395,0.002784977665030608
20201130,362.83,363.12,359.17,362.06,1238297,-0.004427090494129371
20201201,365.54,367.68,364.93,366.02,1126224,0.010937413688338893
20201202,364.82,366.96,364.2,366.79,751540,0.002103710179771623
20201203,366.69,368.19,365.5,366.69,1086734,-0.0002726355680362502
20201204,367.3,369.85,367.22,369.85,825297,0.008617633423327664
20201207,368.4,369.62,367.72,369.09,732725,-0.0020548871163986737
20201208,367.69,370.78,367.67,370.17,674603,0.002926115581565636
20201209,370.88,371.05,365.95,366.85,1248191,-0.008968852149012552
20201210,365.37,367.86,364.43,366.73,861465,-0.0003271091726864128
20201211,364.9,366.58,363.26,366.3,913468,-0.0011725247457257115
20201214,368.62,369.8,364.47,364.66,1093391,-0.004477204477204455
20201215,367.4,369.59,365.92,369.59,872106,0.013519442768606282
20201216,369.82,371.16,368.86,370.17,827423,0.0015693065288564512
20201217,371.94,372.46,371.05,372.24,719651,0.0055920252856795916
20201218,370.97,371.15,367.02,369.18,1355468,-0.00822050290135401
20201221,364.97,373.0,362.03,367.86,1571922,-0.0035754916300990702
20201222,368.21,368.34,366.03,367.24,793684,-0.0016854238025335588
20201223,368.26,369.62,367.39,367.57,705082,0.0008985949243001112
20201224,368.08,369.01,367.45,369.0,380183,0.003890415431074379
20201228,371.75,372.59,371.07,372.17,581844,0.008590785907859111
20201229,373.81,374.0,370.83,371.46,881990,-0.0019077303382863953
20201230,372.34,373.1,371.57,371.99,715993,0.0014268023474937053
20201231,371.78,374.66,371.23,373.88,1032574,0.005080781741444662
20210104,375.31,375.45,364.82,368.79,1891182,-0.013613993794800439
20210105,368.1,372.5,368.05,371.33,1009879,0.006887388486672474
20210106,369.71,376.98,369.12,373.55,1858640,0.005978509681415556
20210107,376.1,379.9,375.91,379.1,1120630,0.014857448802034545
20210108,380.59,381.49,377.1,381.26,1195198,0.005697705091004979
20210111,377.87,380.58,377.71,378.69,902947,-0.0067408067985101905
20210112,378.89,379.86,376.36,378.77,909307,0.00021125458818560539
20210113,378.69,380.86,377.85,379.79,775339,0.0026929271061595372
20210114,380.59,381.13,378.1,378.46,796587,-0.003501935280023294
20210115,376.72,377.58,373.7,375.7,1217764,-0.007292712572002258
20210119,378.34,379.23,376.75,378.65,787554,0.007852009582113295
20210120,381.11,384.79,380.69,383.89,899691,0.01383863726396406
20210121,384.49,384.95,383.25,384.24,708970,0.000911719502982633
20210122,382.25,384.08,381.83,382.88,733249,-0.0035394545075994044
20210125,383.67,384.77,378.46,384.39,1263780,0.003943794400334211
20210126,385.41,385.85,383.54,383.79,754616,-0.001560914696011828
20210127,380.22,380.32,372.01,374.41,2060034,-0.0244404492039918
20210128,376.35,381.93,375.89,377.63,1415457,0.008600197644293539
20210129,375.61,376.67,368.27,370.07,2228137,-0.02001959590074942
20210201,373.72,377.34,371.42,376.23,1189760,0.01664549950009464
20210202,379.61,383.22,379.6,381.55,1070693,0.014140286526858503
20210203,382.44,383.7,380.48,381.85,857348,0.0007862665443585382
20210204,382.96,386.24,382.78,386.19,731705,0.011365719523372952
20210205,388.21,388.47,386.48,387.71,709669,0.003935886480747719
20210208,389.27,390.54,388.35,390.51,633925,0.007221892651724238
20210209,389.61,390.89,389.17,390.25,616386,-0.000665796010345443
20210210,392.12,392.28,387.5,390.08,1059229,-0.0004356181934657144
20210211,391.25,391.69,388.1,390.71,778066,0.00161505332239531
20210212,389.85,392.9,389.77,392.64,752929,0.004939725115814753
20210216,393.97,394.17,391.53,392.3,885154,-0.0008659331703341211
20210217,390.42,392.66,389.33,392.39,914444,0.00022941626306383078
20210218,389.57,391.52,387.74,390.72,1062250,-0.004255969825938344
20210219,392.07,392.38,389.55,390.03,1103605,-0.0017659705159706052
20210222,387.06,389.62,386.74,387.03,1104221,-0.007691716021844486
20210223,384.65,388.95,380.2,387.5,2047936,0.0012143761465519542
20210224,386.33,392.23,385.27,391.77,1325034,0.011019354838709638
20210225,390.41,391.88,380.77,382.33,2960511,-0.02409577047757616
20210226,384.36,385.58,378.25,380.36,2760772,-0.005152616849318559
20210301,385.59,390.92,385.54,389.58,1878153,0.024240193500893792
20210302,389.82,390.07,386.0,386.54,1402349,-0.007803275322141756
20210303,385.79,386.83,381.31,381.42,2302188,-0.01324571842500133
20210304,381.22,384.0,371.88,376.7,3588147,-0.012374809920822294
20210305,380.42,384.76,372.64,383.63,2594588,0.01839660207061322
20210308,384.66,387.68,381.42,381.72,2337138,-0.004978755571774851
20210309,385.85,389.91,385.31,387.17,1890114,0.014277480876034865
20210310,389.68,391.4,388.17,389.58,2049832,0.006224655835937565
20210311,392.22,395.65,391.74,393.53,1460911,0.010139124185019721
20210312,392.08,394.21,391.2,394.06,1070784,0.0013467842350012305
20210315,394.33,396.69,392.03,396.41,1268076,0.005963558848906425
20210316,397.07,397.83,395.08,395.91,1374923,-0.0012613203501424808
20210317,394.53,398.12,393.3,397.26,1584413,0.0034098658786085867
20210318,394.47,396.72,390.75,391.48,1843658,-0.014549665206665563
20210319,389.89,391.57,387.15,389.48,1695146,-0.0051088178195565215
20210322,390.03,394.07,389.97,392.59,1104046,0.007985005648556864
20210323,391.9,393.46,388.66,389.5,1601440,-0.007870806694006416
20210324,391.0,392.75,387.48,387.52,1711675,-0.0050834403080873836
20210325,385.99,390.55,383.9,389.7,2090875,0.005625516102394812
20210326,390.93,396.41,390.29,395.98,1841633,0.016114960225814823
20210329,394.4,396.75,392.81,395.78,1786326,-0.000505076013940231
20210330,394.4,395.45,393.02,394.73,1349896,-0.002652989034311881
20210331,395.33,398.0,395.31,396.33,1678734,0.004053403592328753
20210401,398.4,400.67,398.18,400.61,1207271,0.010799081573436453
20210405,403.46,406.94,403.38,406.36,1453161,0.014353111504954885
20210406,405.76,407.24,405.4,406.12,1064874,-0.0005906093119402156
20210407,405.94,406.96,405.45,406.59,1000639,0.0011572934108143862
20210408,407.93,408.58,406.93,408.52,924882,0.004746796527214103
20210409,408.39,411.67,408.26,411.49,1102390,0.0072701458924899764
20210412,410.84,411.93,410.2,411.64,1015339,0.0003645289071423363
20210413,411.54,413.53,411.12,412.86,1059415,0.002963754737149049
20210414,412.83,413.96,410.87,411.45,1171823,-0.0034152012788839503
20210415,413.74,416.16,413.69,415.87,1139987,0.010742496050552885
20210416,417.25,417.91,415.73,417.26,1202591,0.003342390650924454
20210419,416.24,416.74,413.79,415.21,1339959,-0.004913003882471401
20210420,413.91,414.68,410.59,412.17,1334339,-0.007321596300667088
20210421,411.51,416.29,411.36,416.07,1202051,0.00946211514666273
20210422,415.88,416.78,411.13,412.27,1873776,-0.009133078568510089
20210423,412.87,418.25,412.79,416.74,1176027,0.010842409100832118
20210426,417.44,418.22,416.97,417.61,836320,0.0020876325766665538
20210427,417.93,418.14,416.3,417.52,786639,-0.00021551208064951588
20210428,417.83,419.01,416.9,417.4,957987,-0.00028741138149068757
20210429,420.33,420.72,416.44,420.06,1446855,0.006372783900335577
20210430,417.63,418.54,416.34,417.3,1463158,-0.006570489930009971
20210503,419.43,419.84,417.66,418.2,1070321,0.0021567217828899476
20210504,416.08,416.6,411.67,415.62,1843140,-0.006169296987087458
20210505,417.38,417.63,414.94,415.75,1137186,0.00031278571772297425
20210506,415.83,419.21,413.67,419.07,1461867,0.007985568250150399
20210507,419.91,422.82,419.16,422.12,1197387,0.00727802037845704
20210510,422.5,422.74,417.81,417.94,1516884,-0.009902397422533848
20210511,413.1,415.27,410.06,414.21,2297504,-0.008924726037230268
20210512,411.23,412.59,404.0,405.41,2444297,-0.021245262065135884
20210513,407.07,412.35,407.02,410.28,2162161,0.012012530524653897
20210514,413.2,417.49,413.18,416.58,1411009,0.015355367066393733
20210517,415.39,416.39,413.36,415.52,1237109,-0.0025445292620864812
20210518,415.8,416.06,411.77,411.94,1118707,-0.00861571043511744
20210519,406.92,411.05,405.33,410.86,2012658,-0.002621741030247038
20210520,411.8,416.63,411.67,415.28,1442712,0.010757922406659182
20210521,416.87,418.2,414.45,414.94,1267332,-0.0008187247158543132
20210524,417.34,420.32,417.08,419.17,944699,0.010194244951077236
20210525,420.33,420.71,417.62,418.24,1026481,-0.002218670229262587
20210526,418.87,419.61,417.76,419.07,828096,0.001984506503442951
20210527,420.17,420.72,419.12,419.29,1064334,0.0005249719617248516
20210528,420.97,421.25,419.79,420.04,947643,0.0017887381048915518
20210601,422.57,422.72,419.2,419.67,949799,-0.0008808684887153806
20210602,420.37,421.23,419.29,420.33,803683,0.001572664236185517
20210603,417.87,419.99,416.28,418.77,1082976,-0.0037113696381414485
20210604,420.75,422.92,420.68,422.6,857963,0.00914583184086748
20210607,422.59,422.78,421.19,422.19,805925,-0.000970184571699062
20210608,423.24,423.25,420.32,422.28,841222,0.00021317416329136307
20210609,423.18,423.26,421.41,421.65,740086,-0.0014919011082693556
20210610,422.96,424.63,421.55,423.61,883991,0.004648405075299511
20210611,424.19,424.42,422.82,424.31,687955,0.0016524633507235542
20210614,424.43,425.29,423.1,425.26,687742,0.002238929084867225
20210615,425.43,425.46,423.54,424.48,808665,-0.0018341720359309477
20210616,424.63,424.87,419.94,422.11,1363330,-0.005583301922352013
20210617,421.67,423.02,419.32,421.97,1290759,-0.00033166710099263863
20210618,417.08,417.83,414.7,414.92,1515129,-0.01670734886366332
20210621,416.8,421.06,415.93,420.86,1248990,0.014316012725344551
20210622,420.85,424.0,420.08,423.11,995858,0.005346195884617266
20210623,423.18,424.05,422.51,422.6,819626,-0.00120536030819407
20210624,424.89,425.55,424.62,425.1,778786,0.005915759583530633
20210625,425.9,427.1,425.55,426.61,956081,0.0035521053869678187
20210628,427.17,427.65,425.89,427.47,774916,0.002015892735754088
20210629,427.89,428.56,427.13,427.7,659401,0.00053804945376279
20210630,427.2,428.78,427.18,428.06,898637,0.0008417114800094438
20210701,428.83,430.6,428.8,430.43,938159,0.005536607017707862
20210702,431.67,434.1,431.33,433.72,982632,0.007643519271426369
20210706,433.78,434.01,430.01,432.93,1230241,-0.0018214516277783588
20210707,433.66,434.76,431.51,434.46,1145432,0.003534058623795966
20210708,428.78,431.73,427.52,430.92,1781268,-0.008148045850020602
20210709,432.53,435.84,432.31,435.52,1217313,0.010674835236238689
20210712,435.42,437.35,434.97,437.08,858236,0.0035819250551065718
20210713,436.26,437.84,435.31,435.59,983256,-0.0034089869131509465
20210714,437.39,437.92,434.91,436.24,1086161,0.0014922289308754166
20210715,434.81,435.53,432.72,434.75,1092786,-0.0034155510728040017
20210716,436.03,436.06,430.92,431.34,1312405,-0.007843588269120239
20210719,426.19,426.71,421.97,424.97,2722940,-0.014767932489451407
20210720,425.68,432.42,424.83,431.06,1801174,0.014330423323999364
20210721,432.36,434.7,432.14,434.55,1074057,0.00809632069781463
20210722,434.74,435.72,433.69,435.46,825816,0.002094120354389606
20210723,437.53,440.3,436.79,439.94,1069412,0.010287971340651403
20210726,439.34,441.03,439.26,441.02,721572,0.002454880210937871
20210727,439.91,439.94,435.99,439.01,1267004,-0.0045576164346288195
20210728,439.68,440.3,437.31,438.83,951924,-0.00041001343932944856
20210729,439.83,441.8,439.81,440.65,830737,0.004147391928537303
20210730,437.91,440.06,437.77,438.51,1125963,-0.004856462044706689
20210802,440.34,440.93,437.21,437.59,1082057,-0.002098013728307313
20210803,438.41,441.28,436.1,441.15,1122135,0.00813546927489206
20210804,439.77,440.41,438.73,438.98,853525,-0.0049189618043747885
20210805,440.22,441.85,439.88,441.76,685149,0.006332862544990547
20210806,442.1,442.94,441.8,442.49,762776,0.001652480985150362
20210809,442.46,442.8,441.31,442.13,610596,-0.0008135777079708584
20210810,442.61,443.44,441.88,442.68,769513,0.0012439780155157898
20210811,443.8,443.89,442.62,443.78,746071,0.002484864913707252
20210812,443.62,445.26,442.66,445.11,715743,0.002996980485826306
20210813,445.59,445.93,445.07,445.92,629592,0.0018197748871064956
20210816,444.54,447.11,442.87,446.97,1118257,0.002354682454251966
20210817,444.24,444.96,440.85,444.04,1732602,-0.006555249793050999
20210818,442.96,444.63,438.92,439.18,1484034,-0.01094495991352129
20210819,436.27,441.14,436.12,439.86,1867793,0.0015483400883464782
20210820,440.23,443.71,439.71,443.36,1166861,0.007957077251852906
20210823,445.16,448.23,445.14,447.26,948882,0.008796463370624341
20210824,447.97,448.54,447.42,447.97,642602,0.0015874435451415092
20210825,448.17,449.46,447.77,448.91,707055,0.002098354800544655
20210826,448.61,448.86,446.16,446.26,1169047,-0.005903187721369663
20210827,447.12,450.65,447.06,450.25,1150491,0.008940976112580046
20210830,450.99,453.07,450.71,452.23,807917,0.004397556912826284
20210831,452.13,452.49,450.92,451.56,951556,-0.0014815470004201359
20210901,452.58,453.11,451.54,451.8,896297,0.0005314908317832767
20210902,453.32,454.05,451.91,453.19,784550,0.003076582558654284
20210903,451.98,453.63,451.55,453.08,779773,-0.00024272380237877478
20210907,452.71,452.81,450.74,451.46,891368,-0.0035755275006621456
20210908,450.89,451.67,448.86,450.91,1040522,-0.0012182696141407323
20210909,450.7,452.57,448.72,448.98,1087968,-0.0042802333059812625
20210910,451.04,451.49,445.31,445.44,1521214,-0.007884538286783371
20210913,448.65,448.92,444.11,446.58,1466535,0.002559267241379226
20210914,448.12,448.34,443.22,444.17,1366002,-0.005396569483631097
20210915,444.62,448.41,443.44,447.88,1365836,0.008352657766170557
20210916,447.32,448.36,444.02,447.17,1271646,-0.0015852460480485497
20210917,444.92,445.37,441.02,441.4,1801520,-0.01290337008296627
20210920,434.88,436.56,428.86,434.04,3048900,-0.016674218396012574
20210921,436.53,437.91,433.07,433.63,1709816,-0.0009446133996867667
20210922,436.05,440.03,435.07,437.86,1859316,0.009754860134215892
20210923,439.84,444.89,439.6,443.18,1414936,0.012150002283835004
20210924,441.44,444.67,441.21,443.91,1052391,0.0016471862448665942
20210927,442.81,444.05,441.9,442.64,1050990,-0.0028609402806876183
20210928,439.69,440.04,432.94,433.72,2404757,-0.02015181637448027
20210929,435.19,437.04,433.85,434.45,1555149,0.0016831135294659294
20210930,436.02,436.77,428.78,429.14,2384636,-0.012222350097824797
20211001,430.98,436.04,427.23,434.24,2231320,0.011884233583445925
20211004,433.0,433.96,426.36,428.64,2329106,-0.012896094325718588
20211005,430.24,435.49,429.39,433.1,1663342,0.010405001866368169
20211006,429.27,435.12,427.54,434.9,2127194,0.004156084045255026
20211007,438.39,441.68,438.2,438.66,1343815,0.008645665670269143
20211008,439.48,439.89,437.19,437.86,1238406,-0.0018237359230384165
20211011,437.16,440.26,434.62,434.69,1140175,-0.007239756999954383
20211012,435.67,436.1,432.78,433.62,1254740,-0.002461524304676832
20211013,434.71,436.05,431.54,435.18,1287607,0.00359762003597619
20211014,439.08,442.66,438.58,442.5,1212740,0.016820625947883583
20211015,444.76,446.26,444.09,445.87,1059109,0.007615819209039643
20211018,443.97,447.55,443.27,447.19,960285,0.0029605041828335565
20211019,448.92,450.7,448.27,450.64,883937,0.007714841566224706
20211020,451.13,452.74,451.01,452.41,846349,0.003927747203976706
20211021,451.76,453.83,451.31,453.59,720781,0.002608253575296704
20211022,453.13,454.67,451.05,453.12,1075455,-0.0010361780462531112
20211025,454.28,455.9,452.39,455.55,768186,0.005362817796610075
20211026,457.2,458.49,455.56,455.96,1033927,0.0009000109757435482
20211027,456.45,457.16,453.86,453.94,994712,-0.004430213176594422
20211028,455.46,458.4,455.45,458.32,818258,0.00964885227122525
20211029,455.87,459.56,455.56,459.25,1046724,0.0020291499389073486
20211101,460.3,460.71,458.2,460.04,799841,0.0017201959716930393
20211102,460.21,462.23,460.08,461.9,777474,0.0040431266846361336
20211103,461.3,465.15,460.83,464.72,902784,0.006105217579562838
20211104,465.36,467.0,464.99,466.91,850126,0.004712515062833544
20211105,469.28,470.65,466.92,468.53,1119675,0.0034696194127346036
20211108,469.7,470.23,468.2,468.93,693812,0.0008537340191663301
20211109,469.32,469.57,465.88,467.38,919806,-0.003305397394067322
20211110,465.58,467.38,462.04,463.62,1255388,-0.008044845735803774
20211111,465.21,465.29,463.75,463.77,626802,0.000323540830852842
20211112,465.12,467.86,464.11,467.27,855994,0.007546844340944769
20211115,468.64,468.81,466.23,467.43,781088,0.0003424144498898052
20211116,467.16,470.49,467.07,469.28,767392,0.00395781186487798
20211117,469.0,469.19,467.48,468.14,737447,-0.002429253324241376
20211118,469.24,470.01,466.34,469.73,876066,0.003396419874396539
20211119,469.61,470.94,468.5,468.89,802887,-0.0017882613416217996
20211122,470.81,473.54,467.35,467.57,1314207,-0.0028151592057839014
20211123,467.22,469.1,464.45,468.19,1319515,0.0013260046624035127
20211124,466.06,469.57,465.19,469.44,1061946,0.002669856254939207
20211126,462.38,463.9,457.77,458.97,1765593,-0.02230316973415125
20211129,464.07,466.56,461.73,464.6,1358079,0.012266596945334163
20211130,462.0,464.03,455.3,455.56,2427086,-0.019457597933706494
20211201,461.64,464.67,450.29,450.5,2300774,-0.011107208710158911
20211202,450.72,459.07,450.31,457.4,2178378,0.01531631520532728
20211203,459.17,460.3,448.92,453.42,2472685,-0.008701355487538143
20211206,456.14,460.79,453.56,458.79,1661689,0.011843324070398342
20211207,464.41,468.88,464.34,468.28,1600993,0.020684844918154255
20211208,468.7,470.0,466.83,469.52,1041309,0.002647988383018829
20211209,468.15,469.11,466.14,466.35,1035960,-0.006751576077696275
20211210,469.23,470.9,466.51,470.74,1217127,0.009413530610056897
20211213,470.19,470.56,466.27,466.57,1401282,-0.008858393168203249
20211214,463.05,465.74,460.25,463.36,1475942,-0.006879996570718139
20211215,463.42,470.86,460.74,470.6,1797074,0.015625
20211216,472.57,472.87,464.8,466.45,1800223,-0.008818529536761655
20211217,461.52,464.74,458.06,459.87,1985527,-0.01410654946939649
20211220,454.48,455.4,451.14,454.98,1743412,-0.010633439885184948
20211221,458.57,463.21,456.31,463.06,1224791,0.0177590223746098
20211222,462.79,467.81,462.58,467.69,961303,0.009998704271584558
20211223,468.75,472.19,468.64,470.6,861012,0.006222070174688454
20211227,472.03,477.31,472.01,477.26,911583,0.014152146196344972
20211228,477.72,478.81,476.06,476.87,722700,-0.0008171646482001416
20211229,477.0,478.56,475.92,477.48,780704,0.0012791746178204555
20211230,477.93,479.0,475.67,476.16,780101,-0.002764513696908777
20211231,475.64,476.86,474.67,474.96,947702,-0.002520161290322731
20220103,476.32,477.85,473.85,477.71,1102890,0.005789961259895504
20220104,479.22,479.98,475.58,477.55,1124269,-0.0003349312344308464
20220105,477.16,477.98,468.28,468.38,1653950,-0.019202177782431162
20220106,467.89,470.82,465.43,467.94,1524998,-0.0009394081728510972
20220107,467.95,469.2,464.65,466.09,1331569,-0.003953498311749404
20220110,462.7,465.74,456.59,465.51,2055629,-0.001244394859361897
20220111,465.22,469.85,462.05,469.75,1375420,0.009108289832656657
20220112,471.59,473.2,468.94,471.02,1178328,0.002703565726450252
20220113,472.21,472.88,463.44,464.53,1541128,-0.013778608127043457
20220114,461.19,465.09,459.9,464.72,1731340,0.0004090155641187643
20220118,459.73,459.96,455.31,456.49,1873212,-0.017709588569461254
20220119,458.17,459.62,451.46,451.75,1813799,-0.010383579048829139
20220120,453.75,458.74,444.5,446.75,2253013,-0.011068068622025473
20220121,445.56,448.06,437.98,437.98,3125640,-0.019630665920537194
20220124,432.03,440.38,420.76,439.84,4159406,0.004246769258870131
20220125,433.06,439.72,427.15,434.47,2746487,-0.012208985085485513
20220126,440.72,444.04,428.86,433.38,3371458,-0.0025088038299537763
20220127,438.26,441.59,429.45,431.24,2543239,-0.004937929761410276
20220128,432.7,442.0,427.82,441.95,2851856,0.02483535850106655
20220131,441.24,450.28,439.81,449.91,2232490,0.018011087227062017
20220201,450.72,453.63,446.93,452.95,1797689,0.006756906936942864
20220202,455.5,458.12,453.05,457.35,1781619,0.009714096478640188
20220203,450.95,452.97,445.71,446.6,1990404,-0.023504974308516502
20220204,446.35,452.78,443.83,448.7,1931562,0.004702194357366629
20220207,449.51,450.99,445.85,447.26,1521402,-0.003209271227991972
20220208,446.73,451.92,445.22,450.94,1455799,0.008227876402987055
20220209,455.22,457.88,455.0,457.54,1526958,0.014636093493591185
20220210,451.34,457.71,447.2,449.32,2332840,-0.017965642348210076
20220211,449.41,451.61,438.94,440.46,2793139,-0.019718686014421838
20220214,439.92,441.6,435.34,439.02,2215327,-0.003269309358398087
20220215,443.73,446.28,443.18,446.1,1562971,0.01612682793494602
20220216,443.93,448.06,441.94,446.6,1499347,0.00112082492714638
20220217,443.22,443.8,436.42,437.06,1739506,-0.021361397223466194
20220218,437.33,438.66,431.82,434.23,2029371,-0.006475083512561208
20220222,431.89,435.5,425.86,429.57,2196646,-0.010731639914331126
20220223,432.69,433.26,421.35,421.95,2299446,-0.017738668901459587
20220224,411.02,428.76,410.64,428.3,3516947,0.015049176442706536
20220225,429.61,437.84,427.86,437.75,2204619,0.022063973850104945
20220228,432.02,438.2,430.7,436.63,2553574,-0.002558537978298081
20220301,435.04,437.17,427.11,429.98,2336372,-0.015230286512607827
20220302,432.41,439.56,431.57,437.89,2059686,0.018396204474626643
20220303,440.47,441.11,433.84,435.71,1950143,-0.004978419237708143
20220304,431.75,433.37,427.88,432.17,2052615,-0.008124670078721974
20220307,431.55,431.84,419.36,419.43,2227074,-0.029479140153180428
20220308,419.7,427.21,415.12,416.25,2930390,-0.00758171804591945
20220309,425.14,429.51,422.82,427.41,1902542,0.026810810810810937
20220310,422.52,426.43,420.44,425.48,1609405,-0.00451557052946816
20220311,428.12,428.77,419.53,420.07,1681115,-0.01271505123625083
20220314,420.89,424.55,415.79,417.0,1767793,-0.007308305758564004
20220315,419.77,426.84,418.42,426.17,1743629,0.021990407673860846
20220316,429.89,435.68,424.8,435.62,2459299,0.022174249712556104
20220317,433.59,441.07,433.19,441.07,1531139,0.012510903998898204
20220318,438.0,444.86,437.22,444.52,1517792,0.007821887682227358
20220321,444.34,446.46,440.68,444.39,1547201,-0.00029245028345181723
20220322,445.86,450.58,445.86,449.59,1328223,0.01170143342559471
20220323,446.91,448.49,443.79,443.8,1298416,-0.01287840032029175
20220324,445.93,450.49,444.76,450.49,1089360,0.015074357818837258
20220325,451.16,452.98,448.43,452.69,1250339,0.004883571222446648
20220328,452.06,455.91,450.06,455.91,1142023,0.007113035410545976
20220329,460.02,462.07,457.18,461.55,1515998,0.012370862670263882
20220330,460.34,461.2,456.46,458.7,1277219,-0.006174845628859282
20220331,457.89,458.76,451.16,451.64,1636784,-0.015391323304992377
20220401,453.32,453.46,449.14,452.92,1401029,0.0028341156673457046
20220404,453.13,456.83,452.26,456.8,1002107,0.008566634284200347
20220405,455.22,457.83,449.82,451.03,1416451,-0.012631348511383589
20220406,446.89,448.93,443.47,446.52,1940205,-0.009999334855774533
20220407,445.61,450.69,443.53,448.77,1474790,0.0050389680193496655
20220408,447.97,450.63,445.94,447.57,1281226,-0.0026739755331238735
20220411,444.11,445.0,439.39,439.92,1494058,-0.01709229841142168
20220412,443.08,445.75,436.65,438.29,1611347,-0.0037052191307510585
20220413,438.03,444.11,437.84,443.31,1235337,0.011453603778320165
20220414,443.55,444.74,437.68,437.79,1438064,-0.012451783176558151
20220418,436.81,439.75,435.61,437.97,1124057,0.0004111560337147768
20220419,437.86,445.8,437.68,445.04,1389649,0.016142658172934254
20220420,446.91,447.57,443.48,444.71,1268978,-0.0007415063814489864
20220421,448.54,450.01,437.1,438.06,1667321,-0.01495356524476621
20220422,436.9,437.23,425.44,426.04,2186450,-0.027439163584896953
20220425,423.66,428.69,418.84,428.51,2144473,0.005797577692235434
20220426,425.82,426.04,416.07,416.1,1871146,-0.028960817717206044
20220427,417.24,422.92,415.01,417.27,2147310,0.0028118240807497585
20220428,422.29,429.64,417.6,427.81,1914209,0.02525942435353623
20220429,423.59,425.87,411.21,412.0,2408644,-0.03695565788550992
20220502,412.07,415.92,405.02,414.48,2664387,0.006019417475728206
20220503,415.01,418.93,413.36,416.38,1913741,0.004584057131827857
20220504,417.07,429.66,413.7,429.06,2622258,0.030452951630721925
20220505,424.52,425.0,409.44,413.81,3271083,-0.035542814524775035
20220506,411.1,414.8,405.73,411.34,2624168,-0.005968922935646881
20220509,405.1,406.41,396.5,398.17,2680681,-0.032017309281859196
20220510,404.49,406.08,394.82,399.09,2337246,0.002310570861692174
20220511,398.05,404.04,391.96,392.75,2414559,-0.015886140970708285
20220512,389.37,395.8,385.15,392.34,2202129,-0.0010439210693826695
20220513,396.71,403.18,395.61,401.72,1832724,0.023907835041035996
20220516,399.98,403.97,397.6,400.09,1379550,-0.004057552524146302
20220517,406.53,408.57,402.58,408.32,1449591,0.02057037166637521
20220518,403.5,403.8,390.55,391.86,1933237,-0.04031152037617547
20220519,388.56,394.14,387.11,389.46,1742586,-0.006124636349716828
20220520,393.25,397.03,380.54,389.63,2113960,0.00043650182303700547
20220523,392.83,397.73,390.38,396.92,1427551,0.018710058260400952
20220524,392.56,395.15,386.96,393.89,1639587,-0.007633780106822585
20220525,392.31,399.45,391.89,397.37,1495109,0.008834953921145638
20220526,398.67,407.04,398.45,405.31,1386150,0.019981377557440227
20220527,407.93,415.39,407.7,415.26,1439587,0.024549110557351206
20220531,413.55,416.46,410.03,412.93,1560536,-0.0056109425420218795
20220601,415.15,416.24,406.93,409.59,1535681,-0.008088538008863555
20220602,409.42,417.44,407.04,417.39,1409909,0.01904343367757999
20220603,412.36,414.04,409.51,410.54,1266344,-0.016411509619300824
20220606,414.78,416.61,410.55,411.79,1101994,0.0030447703025284767
20220607,408.1,416.22,407.61,415.74,1048011,0.00959226790354295
20220608,413.93,415.82,410.38,411.22,1111725,-0.01087217972771437
20220609,409.33,411.74,401.44,401.44,1448771,-0.023782889937259966
20220610,394.88,395.78,389.75,389.8,2088069,-0.02899561578318055
20220613,379.85,381.81,373.3,375.0,2518475,-0.037968188814776815
20220614,376.85,377.94,370.59,373.87,1738970,-0.0030133333333333123
20220615,377.36,383.9,372.12,379.2,2202622,0.01425629229411296
20220616,370.51,370.94,364.07,366.65,2230634,-0.03309599156118148
20220617,365.49,369.38,362.17,365.86,1735516,-0.0021546433928814057
20220621,371.88,376.53,371.81,375.07,1313860,0.02517356365822976
20220622,370.65,378.72,370.18,374.39,1459467,-0.0018129949076172158
20220623,376.64,378.83,372.89,378.06,1373661,0.009802612249258935
20220624,381.4,390.08,381.36,390.08,1553508,0.03179389514891806
20220627,391.05,391.36,387.44,388.59,1183159,-0.003819729286300255
20220628,390.22,393.16,380.53,380.65,1485493,-0.0204328469595203
20220629,381.23,382.27,378.42,380.34,1246636,-0.0008143964271640769
20220630,376.24,380.66,372.56,377.25,1869958,-0.00812430982804857
20220701,376.53,381.7,373.8,381.24,1360567,0.010576540755467212
20220705,375.85,381.98,372.9,381.96,1498393,0.0018885741265344258
20220706,382.11,385.87,379.6,383.25,1270482,0.0033773169965440886
20220707,385.12,389.83,385.12,388.99,1090579,0.014977168949771746
20220708,387.27,390.64,385.66,388.67,1164271,-0.0008226432556106555
20220711,385.85,386.87,383.5,384.23,1038895,-0.011423572696632078
20220712,383.65,386.16,378.99,380.83,1087001,-0.008848866564297508
20220713,375.1,381.92,374.65,378.83,1407738,-0.005251687104482317
20220714,373.66,378.57,371.04,377.91,1420362,-0.002428529947469782
20220715,382.55,385.25,380.54,385.13,1127394,0.019105077928607272
20220718,388.38,389.09,380.66,381.95,1084914,-0.008256952197959189
20220719,386.08,392.87,385.39,392.27,1329772,0.02701924335646022
20220720,392.41,396.26,391.03,394.77,1219229,0.006373161342952516
20220721,394.16,398.84,391.63,398.79,1121966,0.010183144615852457
20220722,398.92,400.16,392.75,395.09,1184714,-0.00927806615010418
20220725,395.75,396.47,393.21,395.57,921566,0.001214913057784317
20220726,393.84,394.06,389.95,390.89,936770,-0.011831028642212527
20220727,394.36,402.88,394.05,401.04,1419320,0.02596638440481991
20220728,401.89,406.8,398.15,406.07,1245171,0.012542389786554864
20220729,407.58,413.03,406.77,411.99,1307772,0.014578767207624299
20220801,409.15,413.41,408.4,410.77,1221309,-0.0029612369232263624
20220802,409.12,413.0,406.82,408.06,1138995,-0.006597365922535681
20220803,410.32,415.68,410.0,414.45,1126908,0.015659461843846367
20220804,414.36,415.09,412.44,414.17,756969,-0.0006755941609360994
20220805,409.7,414.15,409.6,413.47,996899,-0.0016901272424366676
20220808,415.25,417.62,411.83,412.99,945996,-0.0011609064744722009
20220809,412.23,412.75,410.22,411.35,838771,-0.00397104046102803
20220810,418.79,420.14,416.72,419.99,1100134,0.021004011182691018
20220811,422.99,424.95,419.21,419.99,1027491,0.0
20220812,422.03,427.21,421.03,427.1,1009850,0.01692897449939279
20220815,424.77,429.41,424.71,428.86,899393,0.004120814797471395
20220816,427.73,431.73,426.88,429.7,1003536,0.0019586811546892235
20220817,425.95,429.5,424.54,426.65,1064139,-0.007097975331626705
20220818,426.86,428.61,425.5,427.89,816374,0.0029063635298254287
20220819,424.98,425.26,421.22,422.14,1128689,-0.013438033139358208
20220822,417.05,417.23,412.4,413.35,1201794,-0.020822475955843966
20220823,412.9,415.42,411.77,412.35,931139,-0.0024192572880126217
20220824,412.14,415.12,411.39,413.67,835766,0.0032011640596580904
20220825,415.25,419.56,414.09,419.51,868678,0.014117533299489837
20220826,419.39,419.96,405.25,405.31,1719884,-0.03384901432623777
20220829,402.2,405.84,401.19,402.63,1167972,-0.006612222743085594
20220830,403.85,404.1,396.0,398.21,1510899,-0.01097782082805554
20220831,399.93,401.24,395.04,395.18,1227371,-0.007609050500991921
20220901,392.89,396.78,390.04,396.42,1459492,0.0031378106179462684
20220902,400.29,401.56,390.33,392.24,1692694,-0.01054437213056858
20220906,393.1,394.12,388.42,390.76,1415563,-0.0037732000815827726
20220907,390.43,398.59,390.2,397.78,1284648,0.01796499129900697
20220908,395.3,400.86,394.12,400.38,1418003,0.006536276333651836
20220909,402.74,407.51,402.46,406.6,1295048,0.015535241520555632
20220912,408.78,411.73,408.46,410.97,1196529,0.010747663551401887
20220913,401.82,403.1,391.92,393.1,1824773,-0.04348249263936543
20220914,394.46,396.2,391.12,394.6,1256623,0.0038158229458153947
20220915,392.96,395.96,388.78,390.12,1442763,-0.011353269133299593
20220916,384.14,386.25,382.11,385.56,1568290,-0.011688711165795174
20220919,382.26,388.55,382.17,388.55,1196262,0.007754953833385203
20220920,385.05,386.12,381.19,384.09,1375232,-0.011478574186076562
20220921,386.11,389.31,377.39,377.39,1951533,-0.01744382826941604
20220922,376.58,377.66,373.44,374.22,1480391,-0.00839979861681539
20220923,370.58,370.62,363.29,367.95,2022256,-0.01675485008818356
20220926,366.43,370.21,363.02,364.31,1632282,-0.009892648457670794
20220927,368.02,370.4,360.87,363.38,1888650,-0.002552770991737785
20220928,364.38,372.3,362.6,370.53,1738335,0.019676371842148654
20220929,366.81,367.11,359.7,362.79,2021748,-0.020888996842360785
20220930,361.8,365.91,357.11,357.18,2151992,-0.015463491275944818
20221003,361.08,368.55,359.21,366.61,1582949,0.026401254269555974
20221004,372.4,377.99,372.31,377.97,1752509,0.030986607021085133
20221005,373.39,379.46,370.95,377.09,1591843,-0.0023282271079716477
20221006,375.62,378.72,372.68,373.2,1491158,-0.010315839719960751
20221007,368.97,369.37,360.94,362.79,1765454,-0.027893890675241062
20221010,363.97,364.21,357.67,360.02,1354605,-0.007635271093470175
20221011,358.26,363.03,355.71,357.74,1739522,-0.006332981501027679
20221012,358.17,359.82,356.3,356.56,1309914,-0.0032984849331917365
20221013,349.23,367.51,348.11,365.97,2627079,0.026391070226609914
20221014,368.53,370.26,356.96,357.63,2096631,-0.022788753176489984
20221017,364.0,367.98,363.97,366.82,1605500,0.025696949361071475
20221018,375.13,375.45,367.52,371.13,1779367,0.011749631972084451
20221019,368.98,371.85,365.55,368.5,1388794,-0.007086465658933561
20221020,368.01,372.67,364.61,365.41,1551818,-0.008385345997286242
20221021,365.12,374.8,363.54,374.29,1829694,0.024301469582113322
20221024,375.9,380.06,373.11,378.87,1453617,0.012236501108765951
20221025,378.79,385.25,378.71,384.92,1423915,0.0159685380209571
20221026,381.61,387.58,381.35,382.02,1621428,-0.0075340330458277815
20221027,383.08,385.0,379.33,379.98,1358491,-0.005340034553164674
20221028,379.88,389.52,379.68,389.02,1532443,0.023790725827675052
20221031,386.44,388.4,385.26,386.21,1491556,-0.007223279008791383
20221101,390.14,390.39,383.29,384.52,1457051,-0.004375857694000618
20221102,383.9,388.63,374.84,374.87,2189793,-0.025096223863518063
20221103,371.47,374.2,368.79,371.01,1401690,-0.010296902926347884
20221104,377.0,378.87,370.0,376.35,1681221,0.014393143041966594
20221107,377.71,380.57,375.53,379.95,1146579,0.009565563969708979
20221108,381.11,385.12,377.72,382.0,1540806,0.005395446769311807
20221109,379.85,381.14,373.61,374.13,1348066,-0.0206020942408377
20221110,388.03,395.04,385.64,394.69,2210348,0.054954160318605894
20221111,395.59,399.35,393.61,398.51,1486917,0.009678481846512543
20221114,396.66,400.18,394.83,395.12,1174407,-0.008506687410604452
20221115,401.15,402.31,394.49,398.49,1575893,0.008529054464466501
20221116,396.78,397.78,394.79,395.45,1135227,-0.007628798715149765
20221117,390.46,394.95,390.14,394.24,1237142,-0.003059805285118178
20221118,397.73,397.81,393.04,396.03,1315585,0.004540381493506329
20221121,394.64,395.82,392.66,394.59,882516,-0.0036360881751382745
20221122,396.63,400.07,395.15,399.9,989028,0.013457006006234229
20221123,399.55,402.93,399.31,402.42,1170658,0.0063015753938484576
20221125,401.83,402.91,401.53,402.33,396379,-0.00022364693603704744
20221128,399.09,400.81,395.11,395.91,1081395,-0.015957050182685784
20221129,396.05,397.3,393.3,395.23,970189,-0.0017175620721880946
20221130,395.46,407.68,393.48,407.68,2149393,0.03150064519393769
20221201,408.8,410.0,404.75,407.38,1325815,-0.0007358712715855864
20221202,402.24,407.86,402.14,406.91,1284883,-0.0011537139771220506
20221205,403.95,404.93,398.17,399.59,1253120,-0.017989235948981497
20221206,399.42,399.99,391.64,393.83,1405016,-0.014414775144523162
20221207,392.9,395.64,391.97,393.16,1068329,-0.0017012416524895269
20221208,395.14,397.36,393.45,396.24,1011541,0.007833960728456546
20221209,394.94,397.62,393.15,393.28,1145594,-0.0074702200686453946
20221212,394.1,398.95,393.41,398.95,1076553,0.014417209113100071
20221213,410.2,410.49,399.07,401.97,2009629,0.007569870911141807
20221214,401.61,405.5,396.31,399.4,1775146,-0.006393511953628472
20221215,394.31,395.25,387.88,389.63,1891220,-0.024461692538808144
20221216,385.19,386.58,381.04,383.27,1695511,-0.01632317840002062
20221219,383.47,383.82,378.28,380.02,1284641,-0.008479661857176413
20221220,379.23,382.23,377.85,380.54,1177633,0.001368349034261529
20221221,383.25,387.41,382.69,386.23,1134846,0.014952436011983039
20221222,383.05,383.38,374.77,380.72,1664498,-0.014266110866582027
20221223,379.65,383.06,378.03,382.91,922320,0.005752258877915528
20221227,382.79,383.15,379.65,381.4,887309,-0.003943485414327208
20221228,381.34,383.39,376.42,376.66,1138546,-0.012427897220765427
20221229,379.63,384.35,379.08,383.44,1081920,0.01800031858970952
20221230,380.64,382.53,378.43,382.43,1268378,-0.002634049655747983
20230103,384.37,386.43,377.83,380.82,1225710,-0.0042099207698140795
20230104,383.18,385.88,380.0,383.76,1487730,0.007720182763510275
20230105,381.72,381.84,378.76,379.38,1264806,-0.011413383364602847
20230106,382.61,389.25,379.45,388.08,1694716,0.0229321524592756
20230109,390.37,393.7,387.67,387.86,1340406,-0.0005668934240361523
20230110,387.25,390.65,386.27,390.58,1053247,0.007012839684422234
20230111,392.23,395.6,391.38,395.52,1113660,0.012647857033130316
20230112,396.67,398.49,392.42,396.96,1521854,0.00364077669902918
20230113,393.62,399.1,393.34,398.5,1100146,0.003879484079000406
20230117,398.48,400.23,397.06,397.77,1091710,-0.0018318695106650518
20230118,399.03,400.12,391.28,391.49,1645514,-0.01578801820147313
20230119,389.35,391.08,387.26,388.64,1493398,-0.007279879434979208
20230120,390.09,396.04,388.38,395.88,1363979,0.018629065459036642
20230123,396.72,402.65,395.72,400.63,1425194,0.011998585429928266
20230124,398.88,401.15,397.64,400.2,1008591,-0.0010733095374785284
20230125,395.95,400.7,393.56,400.35,1492906,0.0003748125937033109
20230126,403.12,404.92,400.03,404.75,1185216,0.010990383414512195
20230127,403.65,408.16,403.44,405.68,1169419,0.002297714638665793
20230130,402.8,405.13,400.28,400.59,1242225,-0.012546834943798157
20230131,401.11,406.53,400.77,406.48,1288671,0.014703312613894681
20230201,405.21,413.67,402.35,410.8,1853861,0.010627829167486613
20230202,414.86,418.31,412.88,416.78,1753429,0.014556962025316311
20230203,411.59,416.97,411.09,412.35,1475607,-0.010629108882383886
20230206,409.79,411.29,408.1,409.83,1047811,-0.006111313204801849
20230207,408.87,416.49,407.57,415.19,1638179,0.013078593563184748
20230208,413.13,414.53,409.93,410.65,1328033,-0.010934752763794964
20230209,414.41,414.57,405.81,407.09,1454655,-0.008669183002556924
20230210,405.88,408.44,405.01,408.04,1269825,0.002333636296642183
20230213,408.72,412.97,408.24,412.83,1128002,0.011739045191647701
20230214,411.24,415.05,408.51,412.64,1602716,-0.0004602378703097987
20230215,410.36,414.0,409.47,413.98,1048171,0.003247382706475399
20230216,408.79,412.91,408.14,408.28,1473626,-0.013768781100536365
20230217,406.06,407.51,404.05,407.26,1462206,-0.0024982854903496943
20230221,403.06,404.16,398.82,399.09,1395917,-0.020060894760104198
20230222,399.51,401.13,397.02,398.54,1505503,-0.0013781352577111328
20230223,401.56,402.2,396.25,400.66,1843323,0.005319415867917954
20230224,395.41,397.25,393.64,396.38,1992169,-0.010682374082763513
20230227,399.86,401.29,396.75,397.73,1505374,0.003405822695393468
20230228,397.23,399.28,396.18,396.26,1534595,-0.0036959746561738838
20230301,395.41,396.69,393.38,394.74,1744091,-0.0038358653409377164
20230302,392.69,398.69,392.33,397.81,1582829,0.0077772711151644636
20230303,399.71,404.45,399.03,404.19,1594711,0.016037806993288273
20230306,405.04,407.45,404.03,404.47,1341618,0.0006927435117147773
20230307,404.42,404.67,397.62,398.27,1986691,-0.015328701757856056
20230308,398.39,399.71,396.59,398.92,1425866,0.0016320586536773263
20230309,399.76,401.48,390.53,391.56,2115677,-0.018449814499147732
20230310,390.99,393.16,384.32,385.91,3235142,-0.01442946164061698
20230313,381.81,390.39,380.65,385.36,2626173,-0.0014252027674847012
20230314,390.5,393.45,387.05,391.73,2552382,0.016529997924019213
20230315,385.87,389.49,383.71,389.28,2921848,-0.006254307814055671
20230316,386.82,396.47,386.29,396.11,2498600,0.017545211672832073
20230317,393.22,394.4,388.55,389.99,2127727,-0.015450253717401718
20230320,390.79,394.17,390.07,393.74,1676967,0.009615631170029948
20230321,397.26,399.41,395.58,398.91,1492289,0.013130492202976685
20230322,398.73,402.49,392.07,392.11,2021324,-0.017046451580557065
20230323,395.08,399.29,390.35,393.17,2181550,0.002703323047104078
20230324,391.84,395.84,389.4,395.75,1882746,0.006562046951700262
20230327,398.11,398.92,395.56,396.49,1325675,0.0018698673404926591
20230328,395.77,396.49,393.69,395.6,1141752,-0.0022446972180887315
20230329,399.92,401.6,398.68,401.35,1354056,0.014534883720930258
20230330,404.09,404.35,401.76,403.7,1272825,0.005855238569826726
20230331,404.65,409.7,404.55,409.39,1725854,0.014094624721327609
20230403,408.86,411.37,408.44,410.95,1233657,0.003810547399790032
20230404,411.61,411.92,407.24,408.67,1248266,-0.00554812020927109
20230405,407.89,408.7,405.88,407.6,1206153,-0.002618249443316123
20230406,406.77,409.48,405.67,409.19,1132244,0.003900883218841855
20230410,406.6,409.69,405.97,409.61,1131671,0.0010264180454067073
20230411,410.27,411.18,408.92,409.72,973151,0.00026854813114907117
20230412,411.87,412.17,407.44,408.05,1557403,-0.004075954310260754
20230413,409.24,413.84,408.7,413.47,1439030,0.01328268594534987
20230414,412.82,415.09,410.06,412.46,1427139,-0.002442740706701918
20230417,412.37,413.96,411.08,413.94,1179112,0.0035882267371381005
20230418,415.58,415.72,412.78,414.21,1179243,0.0006522684447021199
20230419,412.22,415.08,412.16,414.14,1049924,-0.00016899640279088857
20230420,411.21,413.7,410.27,411.88,1407194,-0.005457091804703662
20230421,412.2,412.68,410.17,412.2,1237396,0.0007769253180538449
20230424,411.99,413.07,410.6,412.63,1109297,0.0010431829209121002
20230425,410.59,411.16,406.02,406.08,1545417,-0.015873785231321103
20230426,406.72,407.84,403.78,404.36,1420730,-0.0042356185973206895
20230427,406.99,412.69,406.74,412.41,1605669,0.019908002769809086
20230428,411.49,415.94,411.43,415.93,1540694,0.008535195557818565
20230501,415.47,417.62,415.26,415.51,1159453,-0.0010097853004111812
20230502,414.77,414.83,407.82,410.84,1917200,-0.011239200019253492
20230503,411.36,413.87,407.77,408.02,1731283,-0.006863985979943532
20230504,406.93,407.27,403.74,405.13,1695332,-0.007082986128130964
20230505,408.91,413.72,408.64,412.63,1467612,0.01851257621010549
20230508,412.96,413.24,411.28,412.74,961770,0.0002665826527397108
20230509,411.13,412.09,410.68,410.93,857994,-0.004385327324708088
20230510,413.89,414.54,408.87,412.85,1691020,0.00467232862044642
20230511,411.94,412.43,409.97,412.13,1250606,-0.001743974809252813
20230512,413.41,413.64,409.07,411.59,1226039,-0.0013102661781476677
20230515,412.22,413.43,410.23,413.01,1002466,0.0034500352292330394
20230516,411.86,412.82,410.24,410.25,1039250,-0.00668264690927578
20230517,412.35,415.86,410.63,415.23,1473369,0.01213893967093238
20230518,414.9,419.67,414.67,419.23,1605121,0.009633215326445566
20230519,420.17,420.72,417.35,418.62,1523503,-0.0014550485413734604
20230522,418.64,420.39,417.35,418.79,1137404,0.00040609622091647424
20230523,417.08,418.13,413.68,414.09,1471253,-0.011222808567539877
20230524,412.42,412.82,409.87,411.09,1541883,-0.007244801854669247
20230525,414.73,416.16,412.41,414.65,1533106,0.008659904157240605
20230526,415.33,420.77,415.25,420.02,1483416,0.012950681297479782
20230530,422.03,422.58,418.73,420.18,1330251,0.0003809342412266492
20230531,418.28,419.22,416.22,417.85,1607220,-0.0055452425151125695
20230601,418.09,422.92,416.79,421.82,1620811,0.009501017111403609
20230602,424.5,428.74,423.95,427.92,1594297,0.014461144564032136
20230605,428.29,429.67,426.37,427.1,1217103,-0.0019162460272947879
20230606,426.67,428.58,425.99,428.03,1150912,0.00217747600093654
20230607,428.44,429.62,426.11,426.55,1472094,-0.0034577015629744245
20230608,426.62,429.6,425.82,429.13,1124944,0.006048528894619487
20230609,429.96,431.99,428.87,429.9,1387492,0.001794328059096184
20230612,430.92,433.88,430.17,433.8,1263182,0.009071877180739873
20230613,435.32,437.33,434.63,436.66,1535629,0.006592899953895781
20230614,437.01,439.07,433.59,437.18,1693692,0.0011908578756927302
20230615,436.32,443.9,436.23,442.6,1840269,0.012397639416258821
20230616,443.01,443.18,438.97,439.46,1549553,-0.007094441934026308
20230620,437.46,438.37,435.03,437.18,1322123,-0.005188185500386799
20230621,436.19,436.99,434.33,434.94,1339730,-0.0051237476554280015
20230622,433.95,436.62,433.6,436.51,1141289,0.0036096932910285595
20230623,432.93,435.06,432.47,433.21,1423904,-0.007559964261987129
20230626,432.63,434.61,431.19,431.44,1248525,-0.004085778259966255
20230627,432.35,436.81,431.88,436.17,1247525,0.010963285740775097
20230628,435.05,437.44,434.41,436.39,1362163,0.000504390489946438
20230629,435.95,438.28,435.54,438.11,1182789,0.003941428538692504
20230630,441.44,444.3,441.11,443.28,1655796,0.011800689324598768
20230703,442.92,444.08,442.63,443.79,560212,0.0011505143475907254
20230705,441.9,443.89,441.9,443.13,923427,-0.0014871898871088307
20230706,439.41,440.1,437.06,439.66,1409856,-0.007830659174508536
20230707,438.63,442.64,438.3,438.55,1407570,-0.0025246781603966983
20230710,438.18,439.84,437.58,439.66,1014140,0.002531068293239125
20230711,440.45,442.97,439.44,442.46,1133702,0.006368557521721163
20230712,446.39,447.48,444.91,446.02,1466992,0.00804592505537216
20230713,447.89,450.38,447.45,449.56,1114577,0.007936863817766149
20230714,450.48,451.36,448.49,449.28,1172864,-0.0006228312127414259
20230718,450.5,454.86,450.04,454.19,1338719,0.010928596866096818
20230719,455.02,456.43,454.37,455.2,1158375,0.002223738963869737
20230720,454.16,455.1,451.44,452.18,1280772,-0.006634446397188021
20230721,453.96,454.17,452.17,452.18,1129222,0.0
20230724,453.37,455.04,452.75,454.2,911997,0.004467247556282805
20230725,453.92,456.74,453.87,455.44,918472,0.0027300748568912514
20230726,454.47,456.99,453.38,455.51,1279458,0.0001536975232740989
20230727,459.02,459.44,451.55,452.49,1635829,-0.006629931285811463
20230728,455.88,457.78,455.06,456.92,1371950,0.009790271608212331
20230731,457.41,458.16,456.04,457.79,1013764,0.001904053225947555
20230801,456.27,457.25,455.49,456.48,924163,-0.0028615740841870796
20230802,453.25,453.52,449.34,450.13,1556683,-0.013910795653697905
20230803,448.04,450.79,447.37,448.84,1164565,-0.0028658387576923072
20230804,450.72,452.9,446.27,446.81,1652773,-0.004522769806612592
20230807,448.71,450.87,447.99,450.71,1028678,0.008728542333430234
20230808,448.08,449.23,445.27,448.75,1261888,-0.004348694282354515
20230809,449.03,449.2,444.97,445.75,1440785,-0.006685236768802283
20230810,448.19,451.7,444.7,445.91,1755317,0.00035894559730786924
20230811,443.97,446.71,443.34,445.65,1262549,-0.00058307730259477
20230814,444.7,448.11,444.38,448.11,904436,0.005520026926960631
20230815,446.27,446.64,442.3,442.89,1330633,-0.011648925487045658
20230816,442.46,444.18,439.53,439.64,1388209,-0.007338165232902094
20230817,441.16,441.43,435.75,436.29,1476374,-0.007619870803384554
20230818,433.37,437.57,433.01,436.5,1575382,0.0004813312246441104
20230821,437.55,440.11,435.32,439.34,1277223,0.0065063001145475585
20230822,441.17,441.18,437.57,438.15,1176955,-0.002708608367096077
20230823,439.25,443.67,439.1,443.03,1163561,0.011137738217505522
20230824,444.69,445.22,436.85,436.89,1708602,-0.013859106606776028
20230825,438.68,441.3,435.0,439.97,1951661,0.007049829476527325
20230828,442.24,443.4,440.86,442.76,1191178,0.006341341455099236
20230829,442.65,449.45,442.46,449.16,1583919,0.014454783629957557
20230830,449.53,451.67,448.78,451.01,1278957,0.004118799536913187
20230831,451.65,452.83,450.16,450.35,1155779,-0.0014633821866476548
20230901,453.17,453.67,449.68,451.19,1057503,0.0018652159431553628
20230905,450.74,451.06,449.17,449.24,1026869,-0.004321904297524326
20230906,448.4,448.51,443.81,446.22,1347246,-0.006722464606891632
20230907,443.11,445.55,442.75,444.85,1239495,-0.003070234413518058
20230908,444.9,447.11,444.53,445.52,1048846,0.0015061256603348117
20230911,448.24,448.77,446.46,448.45,1084420,0.006576584665110463
20230912,446.95,448.53,445.39,445.99,1155949,-0.005485561378079984
20230913,446.22,447.71,445.07,446.51,1117595,0.0011659454247852086
20230914,449.07,451.08,447.71,450.36,1318894,0.008622427269266097
20230915,447.15,447.48,442.92,443.37,1816437,-0.01552091660005328
20230918,443.05,444.97,442.56,443.63,968702,0.0005864176647043529
20230919,442.68,443.29,439.94,442.71,1148628,-0.002073800238937884
20230920,444.01,444.44,438.43,438.64,1371513,-0.009193377154344762
20230921,435.7,435.97,431.23,431.39,1821372,-0.01652836038664962
20230922,432.46,434.1,429.99,430.42,1754597,-0.002248545399754165
20230925,429.16,432.27,428.72,432.23,1249023,0.004205194925886335
20230926,429.09,429.82,425.02,425.88,1710072,-0.014691252342502903
20230927,427.09,427.67,422.29,426.05,1914682,0.000399173476096637
20230928,425.48,430.25,424.87,428.52,1677904,0.005797441614833865
20230929,431.69,431.85,425.91,427.48,2085006,-0.0024269579016147347
20231002,426.62,428.6,424.46,427.31,1703578,-0.0003976794235988068
20231003,425.06,426.65,420.18,421.59,2021904,-0.013386066321874113
20231004,422.07,425.43,420.56,424.66,1707192,0.007281956403140555
20231005,424.36,425.37,421.17,424.5,1344339,-0.00037677200584007586
20231006,421.97,431.13,420.6,429.54,2104054,0.011872791519434767
20231009,427.58,432.88,427.01,432.29,1396081,0.006402197699864942
20231010,432.94,437.22,432.53,434.54,1541223,0.005204839343958989
20231011,435.65,436.58,433.18,436.32,1184181,0.004096285727435811
20231012,436.95,437.34,431.23,433.66,1601578,-0.006096442977631011
20231013,435.21,436.45,429.88,431.5,1736032,-0.00498086058202285
20231016,433.81,437.14,433.57,436.04,1438692,0.010521436848204058
20231017,432.81,438.14,432.45,436.02,1506601,-4.586735161915545e-05
20231018,434.19,435.18,429.09,430.21,1839154,-0.01332507683133799
20231019,430.95,432.82,425.72,426.43,2408511,-0.008786406638618294
20231020,425.98,426.54,421.08,421.19,2067992,-0.012288066036629686
20231023,419.61,424.45,417.8,420.46,1772690,-0.0017331845485411002
20231024,422.64,424.82,420.74,423.63,1459909,0.007539361651524468
20231025,421.89,421.92,417.01,417.55,1790018,-0.01435214692066189
20231026,416.45,417.33,411.6,412.55,2160005,-0.01197461381870435
20231027,414.19,414.6,409.21,410.68,2001341,-0.004532783904981241
20231030,413.54,416.68,412.22,415.59,1605205,0.01195578065647207
20231031,416.18,418.53,414.21,418.2,1442681,0.006280228109434738
20231101,419.2,423.5,418.64,422.66,1884293,0.010664753706360663
20231102,426.58,430.92,426.56,430.76,1623436,0.019164340131547775
20231103,433.11,436.29,433.01,434.69,1679068,0.00912340978735271
20231106,435.47,436.15,433.68,435.69,1225507,0.0023004900043708254
20231107,435.69,437.59,434.51,436.93,1181120,0.0028460602722120143
20231108,437.53,438.09,434.87,437.25,1147171,0.0007323827615406397
20231109,438.42,438.47,433.4,433.84,1511592,-0.007798742138364845
20231110,435.98,440.93,434.43,440.61,1559126,0.015604831274202535
20231113,439.22,441.33,438.42,440.19,920213,-0.0009532239395384501
20231114,446.33,450.06,446.09,448.73,1708252,0.019400713328335595
20231115,450.09,451.38,448.8,449.68,1369354,0.0021170859982617696
20231116,449.22,450.56,448.12,450.23,1201842,0.0012230919765165993
20231117,450.24,451.42,449.29,450.79,1021177,0.001243808719987527
20231120,450.52,455.13,450.52,454.26,1236010,0.0076975975509661065
20231121,453.18,453.65,451.95,453.27,922880,-0.002179368643508095
20231122,454.98,456.38,453.88,455.02,1117406,0.0038608334987977333
20231124,455.07,455.5,454.73,455.3,354127,0.0006153575667005029
20231127,454.65,455.5,454.07,454.48,870788,-0.0018010103228640606
20231128,454.08,456.27,453.5,454.93,1114347,0.00099014258053165
20231129,457.15,458.32,454.2,454.61,1122645,-0.0007034049194380998
20231130,455.49,456.76,453.34,456.4,1360320,0.0039374408833945385
20231201,455.75,459.65,455.16,459.1,1463810,0.005915863277826672
20231204,455.6,456.94,454.34,456.69,1330878,-0.005249401001960363
20231205,455.26,457.59,454.87,456.6,1217005,-0.00019707022268933283
20231206,458.81,458.84,454.31,454.76,1177250,-0.004029785370127104
20231207,456.91,458.9,456.29,458.23,1153812,0.007630398451930809
20231208,457.46,460.75,457.21,460.2,1333093,0.004299151081334607
20231211,459.69,462.17,459.47,461.99,1089482,0.003889613211647047
20231212,461.64,464.2,460.6,464.1,1034638,0.004567198424208385
20231213,464.49,470.76,464.12,470.5,1653835,0.013790131437190212
20231214,472.51,473.73,469.25,472.01,1728215,0.0032093517534537153
20231215,469.48,470.59,468.44,469.33,1700650,-0.0056778458083515115
20231218,470.99,472.98,470.8,471.97,1055925,0.005625039950567956
20231219,472.54,474.92,472.45,474.84,937223,0.00608089497213804
20231220,473.96,475.9,467.82,468.26,1684482,-0.013857299300817139
20231221,471.32,472.98,468.84,472.7,1444151,0.009481911758424832
20231222,473.86,475.38,471.7,473.65,1108600,0.002009731330653741
20231226,474.08,476.58,473.99,475.65,785265,0.004222527182518698
20231227,475.44,476.66,474.89,476.51,987279,0.0018080521391778959
20231228,476.85,477.55,476.26,476.69,864994,0.0003777465320768947
20231229,476.5,477.03,473.3,475.31,1705940,-0.0028949631836203693
20240102,472.16,473.67,470.49,472.65,1736444,-0.005596347646798949
20240103,470.42,471.19,468.17,468.79,1693629,-0.008166719559927982
20240104,468.3,470.96,467.05,467.28,1331169,-0.0032210584696773514
20240105,467.49,470.44,466.43,467.92,1442919,0.0013696284882727117
20240108,468.43,474.75,468.3,474.6,1378511,0.014275944605915525
20240109,471.87,474.93,471.35,473.88,1113971,-0.001517067003792727
20240110,474.16,477.45,473.87,476.56,1142543,0.005655440195830197
20240111,477.58,478.12,472.26,476.35,1381336,-0.0004406580493536705
20240112,477.84,478.6,475.23,476.68,1083435,0.0006927679227457517
20240116,475.25,476.61,473.06,474.93,1463550,-0.003671225979692827
20240117,471.82,472.79,469.87,472.29,1282142,-0.005558713915734925
20240118,474.0,477.06,472.42,476.49,1468123,0.008892841262783335
20240119,477.65,482.72,476.94,482.43,1590865,0.012466158786123449
20240122,484.01,485.22,482.78,483.45,1279911,0.002114296374603475
20240123,484.02,485.11,482.89,484.86,849232,0.002916537387527285
20240124,487.81,488.77,485.01,485.39,1488293,0.0010930990388977602
20240125,487.56,488.31,485.39,488.03,1304610,0.005438925400193639
20240126,487.59,489.12,486.54,487.41,1157432,-0.0012704137040754349
20240129,487.73,491.42,487.17,491.27,984733,0.007919410763012502
20240130,490.56,491.62,490.11,490.89,1008404,-0.0007735054043601641
20240131,488.62,489.09,482.88,482.88,2076866,-0.016317301228381043
20240201,484.63,489.23,483.8,489.2,1574787,0.01308813783962881
20240202,489.66,496.05,489.3,494.35,1650397,0.010527391659852947
20240205,493.71,494.17,490.23,492.55,1226667,-0.003641144937797103
20240206,493.52,494.32,492.05,493.98,1012162,0.0029032585524313426
20240207,496.28,498.53,495.36,498.1,1205638,0.00834041864043078
20240208,498.1,498.71,497.26,498.32,907023,0.0004416783778358191
20240209,498.86,501.65,498.49,501.2,1084039,0.0057794188473270225
20240212,501.17,503.5,500.24,500.98,931079,-0.0004389465283319849
20240213,494.51,495.85,490.71,494.08,1904851,-0.013773004910375697
20240214,496.79,499.07,494.4,498.57,1269925,0.009087597150259086
20240215,499.3,502.2,498.79,502.01,1115453,0.006899733237057948
20240216,501.71,502.87,498.75,499.51,1176320,-0.004979980478476476
20240220,497.72,498.41,494.45,496.76,1313672,-0.005505395287381587
20240221,495.42,497.37,493.56,497.21,978216,0.0009058700378452578
20240222,504.0,508.49,503.02,507.5,1430001,0.02069548078276795
20240223,509.25,510.13,507.1,507.85,1062357,0.0006896551724138167
20240226,508.3,508.75,505.86,505.99,877635,-0.003662498769321676
20240227,506.69,507.16,504.75,506.93,816789,0.0018577442241940467
20240228,505.33,506.86,504.96,506.26,903482,-0.0013216814944864153
20240229,508.07,509.74,505.35,508.08,1299920,0.0035949907162327044
20240301,508.98,513.29,508.56,512.85,1188977,0.00938828530940028
20240304,512.04,514.2,512.0,512.3,878858,-0.0010724383347958666
20240305,510.24,510.7,504.91,507.18,1304003,-0.009994144056217014
20240306,510.55,512.07,508.42,509.75,1254552,0.005067234512401875
20240307,513.11,515.89,512.18,514.81,1052182,0.0099264345267287
20240308,515.46,518.23,511.13,511.72,1549568,-0.006002214409199347
20240311,510.48,511.88,508.5,511.28,1029247,-0.0008598452278590907
20240312,513.45,517.38,510.86,516.78,1264988,0.01075731497418242
20240313,517.11,517.29,514.49,515.97,925154,-0.0015673981191220987
20240314,516.97,517.13,511.82,514.95,1695794,-0.0019768591197162344
20240315,510.22,511.7,508.36,509.83,1415138,-0.009942712884746241
20240318,513.98,515.48,512.44,512.86,1261298,0.005943157523095932
20240319,512.15,516.0,511.12,515.71,1026798,0.005557072105447869
20240320,515.78,520.62,515.08,520.48,1202488,0.009249384343914091
20240321,523.38,524.11,521.91,522.2,1015858,0.0033046418690441115
20240322,522.11,522.61,520.97,521.21,1020711,-0.001895825354270464
20240325,519.79,520.95,519.61,519.77,793728,-0.0027628019416359173
20240326,521.23,521.58,518.4,518.81,917716,-0.001846970775535417
20240327,521.71,523.2,519.48,523.17,1165405,0.008403847265858522
20240328,523.21,524.61,522.78,523.07,1136627,-0.00019114245847418054
20240401,523.83,524.38,520.97,522.16,827233,-0.001739728908176863
20240402,518.25,518.98,516.48,518.84,1203110,-0.006358204381798571
20240403,517.72,520.95,517.66,519.41,1035644,0.0010986045794463273
20240404,523.52,523.87,512.75,513.07,1737862,-0.012206156985810623
20240405,514.43,520.44,514.01,518.43,1361198,0.010446917574599812
20240408,519.18,520.18,517.89,518.72,850351,0.00055938120864929
20240409,520.5,520.75,514.35,519.32,1109366,0.001156693399136488
20240410,513.48,516.16,512.09,514.12,1470063,-0.010013094046060322
20240411,515.68,519.48,512.08,518.0,1247773,0.007546876215669407
20240412,514.38,515.82,509.08,510.85,1642633,-0.013803088803088781
20240415,515.13,515.3,503.58,504.45,1664571,-0.01252813937555064
20240416,504.94,506.5,502.21,503.53,1405072,-0.0018237684606997595
20240417,506.05,506.22,499.12,500.55,1407600,-0.005918217385259994
20240418,501.98,504.13,498.56,499.52,1259861,-0.002057736489861184
20240419,499.44,500.46,493.86,495.16,1603027,-0.008728379244074214
20240422,497.84,502.38,495.43,499.72,1243488,0.00920914451894328
20240423,501.79,506.09,501.22,505.65,1104252,0.01186664532137982
20240424,506.56,507.37,503.13,505.41,955929,-0.0004746366063481666
20240425,499.19,504.27,497.49,503.49,1183555,-0.003798895945865799
20240426,506.35,509.88,505.7,508.26,983118,0.0094738723708514
20240429,510.08,510.75,507.25,510.06,800167,0.0035414945106835294
20240430,508.56,509.56,501.98,501.98,1207953,-0.015841273575657788
20240501,501.38,508.19,499.86,500.35,1490678,-0.003247141320371294
20240502,504.15,505.89,499.55,505.03,1167860,0.009353452583191757
20240503,511.16,512.55,508.56,511.29,1238133,0.01239530324931204
20240506,513.75,516.61,513.3,516.57,799286,0.010326820395470282
20240507,517.55,518.57,516.45,517.14,897116,0.0011034322550669273
20240508,515.25,517.74,515.14,517.19,710127,9.668561704767598e-05
20240509,517.38,520.21,516.7,520.17,799727,0.005761905682631019
20240510,521.81,522.64,519.59,520.84,849952,0.0012880404483150976
20240513,522.56,522.67,519.74,520.91,648503,0.00013439827970196383
20240514,521.1,523.83,520.56,523.3,871696,0.004588124628054802
20240515,525.83,530.08,525.18,529.78,1006198,0.012382954328301166
20240516,529.87,531.53,528.54,528.69,859758,-0.002057457812676855
20240517,528.82,529.52,527.32,529.45,782435,0.0014375153681740471
20240520,529.57,531.57,529.17,530.06,579185,0.0011521390121822517
20240521,529.28,531.52,529.07,531.36,502946,0.0024525525412217863
20240522,530.66,531.38,527.6,529.83,701912,-0.002879403794037838
20240523,532.97,533.07,524.72,525.96,929214,-0.007304229658569694
20240524,527.85,530.27,526.88,529.44,624581,0.006616472735569312
20240528,530.26,530.51,527.11,529.81,576336,0.0006988516168024983
20240529,525.68,527.31,525.37,526.1,683616,-0.007002510333893097
20240530,524.52,525.2,521.33,522.61,691212,-0.006633719825128281
20240531,523.58,527.49,518.36,527.37,1278316,0.00910813034576452
20240603,529.02,529.31,522.6,527.8,766812,0.0008153668202588449
20240604,526.46,529.15,524.96,528.39,626274,0.001117847669571903
20240605,530.77,534.69,528.72,534.67,745749,0.011885160582145726
20240606,534.98,535.42,532.68,534.66,531366,-1.8703125292174327e-05
20240607,533.66,536.89,532.53,534.01,622943,-0.001215725881868801
20240610,533.18,535.99,532.57,535.66,614852,0.0030898297784685003
20240611,534.1,537.01,532.05,536.95,606425,0.0024082440353956347
20240612,541.64,544.12,540.3,541.36,942036,0.008213055219294052
20240613,543.14,543.33,539.59,542.45,632436,0.002013447613418151
20240614,540.88,542.81,539.85,542.78,604841,0.0006083510000920445
20240617,542.08,548.53,541.6,547.1,761971,0.007959025756291815
20240618,547.16,548.62,546.73,548.49,538147,0.002540668981904526
20240620,549.44,550.12,545.18,547.0,875271,-0.002716549071086094
20240621,544.47,545.65,543.02,544.51,715528,-0.004552102376599643
20240624,544.33,546.95,542.63,542.74,674965,-0.0032506290058951226
20240625,543.99,545.2,542.44,544.83,528743,0.0038508309687881326
20240626,543.69,546.24,543.03,545.51,518934,0.0012480957362845935
20240627,545.37,546.96,544.61,546.37,518719,0.0015765063885171404
20240628,547.19,550.28,542.95,544.22,1055601,-0.003935062320405525
20240701,545.63,545.88,542.52,545.34,626846,0.002057991253537228
20240702,543.7,549.01,543.65,549.01,563144,0.006729746580115048
20240703,548.68,551.83,548.65,551.46,454062,0.004462578095116854
20240705,551.77,555.05,551.12,554.64,596417,0.005766510717005735
20240708,555.44,556.26,554.19,555.28,485068,0.001153901629886045
20240709,556.26,557.18,555.52,555.82,468805,0.000972482351246251
20240710,557.07,561.67,556.77,561.32,595919,0.009895289842035249
20240711,561.44,562.33,555.83,556.48,822119,-0.00862253260172452
20240712,557.63,563.67,557.17,559.99,845520,0.006307504312823342
20240715,562.05,564.84,559.63,561.53,669817,0.002750049108019681
20240716,562.87,565.16,562.1,564.86,580671,0.005930226345876477
20240717,558.79,560.51,556.61,556.94,813218,-0.014021173388096053
20240718,558.51,559.52,550.43,552.66,955517,-0.007684849355406476
20240719,552.42,554.08,547.91,548.99,819533,-0.006640610863822172
20240722,553.0,555.27,551.02,554.65,657736,0.010309841709320589
20240723,554.54,556.74,553.27,553.78,500189,-0.0015685567474984508
20240724,548.86,549.17,540.29,541.23,1040145,-0.0226624291234786
20240725,541.35,547.46,537.45,538.41,1065651,-0.005210354193226685
20240726,542.28,547.19,541.49,544.44,886147,0.01119964339443924
20240729,546.02,547.05,542.72,544.76,575537,0.0005877599000807532
20240730,546.26,547.34,538.51,542.0,742401,-0.005066451281298123
20240731,548.98,553.5,547.57,550.81,1016890,0.01625461254612537
20240801,552.57,554.87,539.43,543.01,1259312,-0.014160962945480193
20240802,535.71,536.99,528.6,532.9,1330640,-0.018618441649325135
20240805,511.64,523.58,510.27,517.38,2224768,-0.029123662976168085
20240806,519.22,529.75,517.87,522.15,1332712,0.009219529166183404
20240807,528.48,531.59,518.05,518.66,1188125,-0.006683903092980947
20240808,523.9,531.29,521.84,530.65,1020225,0.02311726371804257
20240809,529.81,534.51,528.56,532.99,745810,0.004409686233864285
20240812,534.22,535.73,530.95,533.27,720603,0.0005253381864573914
20240813,536.53,542.28,536.28,542.04,724646,0.016445702927222472
20240814,542.87,544.96,540.12,543.75,690781,0.0031547487270313646
20240815,549.5,553.36,548.88,553.07,971733,0.01714022988505759
20240816,551.42,555.02,551.26,554.31,545090,0.0022420308460049387
20240819,554.73,559.61,553.86,559.61,623132,0.009561436741173823
20240820,559.15,560.84,557.32,558.7,542683,-0.0016261324851235548
20240821,559.74,562.11,557.99,560.62,623305,0.003436549131913269
20240822,562.56,563.18,554.98,556.22,778194,-0.007848453497912966
20240823,559.53,563.09,557.29,562.13,837584,0.010625292150587828
20240826,563.14,563.91,559.05,560.79,562142,-0.0023837902264601807
20240827,559.49,562.06,558.32,561.56,504470,0.0013730630004100686
20240828,561.21,561.65,555.04,558.3,609815,-0.005805256784671253
20240829,560.31,563.68,557.18,558.35,655682,8.955758552753323e-05
20240830,560.78,564.2,557.14,563.68,863658,0.0095459837019789
20240903,560.47,560.81,549.51,552.08,947912,-0.02057905194436549
20240904,550.2,554.43,549.46,550.95,767301,-0.0020468048108969183
20240905,550.89,553.8,547.1,549.61,739535,-0.002432162628187684
20240906,549.93,551.6,539.44,540.36,1096024,-0.01683011590036576
20240909,544.65,547.71,542.68,546.41,639571,0.011196239544007724
20240910,548.36,549.15,543.38,548.79,663066,0.004355703592540339
20240911,548.7,555.36,539.96,554.42,1171818,0.010258933289600813
20240912,555.01,559.4,552.74,559.09,790556,0.008423217055661958
20240913,559.69,563.03,559.45,562.01,610966,0.005222772719955637
20240916,561.74,563.11,559.9,562.84,554723,0.0014768420490738343
20240917,565.12,566.58,560.79,563.07,715889,0.0004086418875701714
20240918,563.74,568.69,560.83,561.4,915553,-0.002965883460315899
20240919,571.01,572.88,568.08,570.98,982615,0.017064481653010333
20240920,567.84,569.31,565.17,568.25,858757,-0.004781253283827835
20240923,569.34,570.34,568.1,569.67,494694,0.002498900131984172
20240924,570.47,571.36,567.6,571.3,647847,0.0028613056681938698
20240925,571.14,571.89,568.91,570.04,597184,-0.002205496236653226
20240926,574.4,574.71,569.9,572.3,667581,0.003964634060767747
20240927,573.39,574.22,570.42,571.47,588123,-0.001450288310326675
20240930,570.42,574.38,568.08,573.76,818218,0.004007209477312923
20241001,573.4,573.46,566.0,568.62,1244065,-0.008958449525934165
20241002,567.71,569.9,565.27,568.86,574764,0.0004220744961485057
20241003,567.36,569.81,565.49,567.82,673240,-0.001828217839187074
20241004,572.35,573.36,568.1,572.98,702390,0.009087386847944634
20241007,571.3,571.96,566.63,567.8,718379,-0.009040455164229244
20241008,570.44,573.78,569.52,573.17,606458,0.009457555477280666
20241009,573.16,577.71,572.55,577.14,628151,0.0069263918209256925
20241010,575.77,577.58,574.49,576.13,590649,-0.0017500086634092415
20241011,576.05,580.33,575.91,579.58,585763,0.0059882318226789355
20241014,581.22,585.27,580.73,584.32,544617,0.008178336036440248
20241015,584.59,584.9,578.54,579.78,743743,-0.0077697152245346235
20241016,579.78,582.83,578.96,582.3,465717,0.00434647624961193
20241017,585.91,586.12,582.16,582.35,509789,8.586639189434031e-05
20241018,584.07,585.39,582.58,584.59,416237,0.0038464840731518013
20241021,583.87,584.85,580.6,583.63,532783,-0.00164217656819321
20241022,581.05,584.5,580.38,583.32,468633,-0.0005311584394221969
20241023,581.26,581.71,574.41,577.99,772428,-0.009137351710896358
20241024,579.98,580.06,576.57,579.24,530832,0.0021626671741725723
20241025,581.51,584.46,578.08,579.04,693749,-0.00034528002209799347
20241028,582.54,582.71,580.52,580.83,471713,0.0030913235700471553
20241029,579.87,582.91,578.43,581.77,529969,0.0016183737065922355
20241030,581.29,583.32,579.29,580.01,594045,-0.003025250528559398
20241031,575.56,575.63,568.44,568.64,839803,-0.019603110291201875
20241101,571.32,575.55,570.62,571.04,676316,0.004220596510973618
20241104,571.18,572.5,567.89,569.81,523100,-0.0021539646959932712
20241105,570.73,576.71,570.52,576.7,574730,0.012091749881539604
20241106,589.2,591.93,585.39,591.04,1021287,0.024865614704352224
20241107,593.08,596.65,592.99,595.61,681096,0.007732133188955048
20241108,596.17,599.64,596.16,598.19,665878,0.004331693557865224
20241111,599.82,600.17,597.0,598.76,520234,0.0009528745047560072
20241112,598.7,599.29,594.37,596.9,582484,-0.0031064199345314236
20241113,597.32,599.23,594.96,597.19,653757,0.0004858435248786819
20241114,597.32,597.81,592.65,593.35,587487,-0.006430114368961348
20241115,589.73,590.2,583.86,585.75,806954,-0.012808628971096359
20241118,586.22,589.49,585.34,588.15,527498,0.0040973111395645745
20241119,584.71,591.05,584.03,590.3,605008,0.0036555300518574807
20241120,590.38,590.79,584.63,590.5,686489,0.0003388107741826296
20241121,593.4,595.12,587.45,593.67,720171,0.005368331922099845
20241122,593.66,596.15,593.15,595.51,515411,0.003099364967069196
20241125,599.52,600.86,595.2,597.53,638737,0.0033920505113262944
20241126,598.8,601.33,598.07,600.65,600894,0.005221495155054878
20241127,600.47,600.85,597.28,598.83,502893,-0.003030050778323412
20241129,599.64,603.35,599.38,602.55,410120,0.006212113621561821
20241202,602.97,604.32,602.47,603.63,462148,0.0017923823749066425
20241203,603.38,604.16,602.34,603.91,398231,0.0004638603117803619
20241204,605.6,607.91,604.95,607.66,546122,0.0062095345332913165
20241205,607.64,608.48,606.3,606.66,457352,-0.0016456571108843798
20241206,607.44,609.07,607.02,607.81,408232,0.0018956252266508766
20241209,607.69,607.86,604.08,604.68,527235,-0.0051496355769072855
20241210,605.37,605.8,602.13,602.8,487001,-0.0031090824899120406
20241211,605.78,608.44,605.5,607.46,414171,0.0077305905773059624
20241212,606.58,607.16,604.33,604.33,425115,-0.005152602640503101
20241213,606.4,607.13,602.81,604.21,488343,-0.0001985670080916213
20241216,606.0,607.78,605.21,606.79,547703,0.0042700385627512105
20241217,604.19,605.17,602.88,604.29,628015,-0.004120041530018659
20241218,603.98,606.41,585.89,586.28,1349377,-0.0298035711330652
20241219,591.36,593.0,585.85,586.1,1101625,-0.00030702053626241455
20241220,581.77,595.75,580.91,591.15,1510821,0.008616277085821356
20241223,590.89,595.3,587.66,594.69,678824,0.0059883278355747915
20241224,596.05,601.34,595.47,601.3,402220,0.011115034723973682
20241226,599.46,602.48,598.08,601.34,406622,6.652253450867285e-05
20241227,597.47,597.78,590.76,595.01,885643,-0.010526490837130531
20241230,587.96,591.74,584.41,588.22,678863,-0.01141157291474082
20241231,589.9,590.64,584.42,586.08,832874,-0.003638094590459273
20250102,589.39,591.13,580.5,584.64,823889,-0.002457002457002533
20250103,587.53,592.6,586.43,591.95,628240,0.012503420908593466
20250106,596.27,599.7,593.6,595.36,677746,0.005760621674127719
20250107,597.43,597.75,586.78,588.63,820813,-0.011304084923407731
20250108,588.7,590.58,585.19,589.49,633811,0.0014610196558109134
20250110,585.88,585.96,578.55,580.49,1068868,-0.01526743456207913
20250113,575.77,581.75,575.35,581.39,696694,0.0015504143051559005
20250114,584.32,585.0,578.35,582.19,737633,0.0013760126593165278
20250115,590.35,593.94,589.19,592.78,781555,0.01818993799275126
20250116,594.18,594.35,590.93,591.64,518323,-0.0019231418064037387
20250117,596.95,599.36,595.61,597.58,659860,0.010039889121763235
20250121,600.67,603.05,598.67,603.05,569030,0.009153586130727032
20250122,605.92,607.82,605.36,606.44,564354,0.005621424425835464
20250123,605.8,609.75,605.52,609.75,548665,0.005458083239891831
20250124,609.81,610.78,606.8,607.97,475715,-0.002919229192291928
20250127,594.83,599.69,594.64,599.37,927001,-0.014145434807638524
20250128,600.62,605.37,597.25,604.52,621331,0.00859235530640512
20250129,603.71,604.13,599.22,601.81,527921,-0.004482895520412922
20250130,603.98,606.6,600.71,605.04,619433,0.0053671424535983725
20250131,607.5,609.96,601.05,601.82,963949,-0.005321962184318241
20250203,592.67,600.29,590.49,597.77,1038114,-0.006729586919677066
20250204,597.8,602.3,597.28,601.78,520451,0.006708265720929418
20250205,600.64,604.37,598.58,604.22,452430,0.004054637907541014
20250206,605.98,606.46,602.63,606.32,496010,0.003475555261328589
20250207,606.89,608.13,600.05,600.77,742344,-0.009153582266789972
20250210,603.99,605.5,602.74,604.85,398289,0.006791284518201657
20250211,602.55,605.86,602.43,605.31,416609,0.0007605191369759456
20250212,599.23,604.55,598.51,603.36,573340,-0.003221489815135925
20250213,604.48,609.94,603.2,609.73,671783,0.010557544417926223
20250214,609.94,610.99,609.07,609.7,395191,-4.9202105850132405e-05
20250218,610.88,611.49,608.38,611.49,418993,0.0029358701000492538
20250219,610.08,613.23,609.56,612.93,413910,0.0023549035961338838
20250220,611.55,611.69,607.02,610.38,531253,-0.00416034457442116
20250221,610.17,610.3,599.47,599.94,901447,-0.01710409908581534
20250224,602.02,603.03,596.49,597.21,750400,-0.004550455045504553
20250225,597.16,597.89,589.56,594.24,856560,-0.00497312503139602
20250226,595.91,599.58,591.85,594.54,668230,0.0005048465266557223
20250227,596.85,598.02,584.65,585.05,1027455,-0.015961920139940133
20250228,585.56,594.72,582.44,594.18,1231284,0.015605503803093779
20250303,596.18,597.34,579.9,583.77,1205599,-0.017519943451479336
20250304,579.71,585.39,572.25,576.86,1540342,-0.011836853555338478
20250305,576.71,584.88,573.07,583.06,1131634,0.010747841764032762
20250306,575.48,580.18,570.12,572.71,1216359,-0.017751174836208805
20250307,570.9,577.39,565.63,575.92,1302582,0.005604930942361586
20250310,567.59,569.54,555.59,560.58,1422544,-0.026635643839421963
20250311,559.4,564.02,552.02,555.92,1384503,-0.00831281886617441
20250312,562.17,563.11,553.69,558.87,1046580,0.005306518923586134
20250313,558.49,559.11,549.68,551.42,1000173,-0.013330470413513096
20250314,556.11,563.83,555.5,562.81,910956,0.020655761488520552
20250317,562.77,569.71,562.35,567.15,758173,0.007711305769265042
20250318,564.8,565.02,559.06,561.02,739858,-0.010808428105439472
20250319,562.83,570.95,561.63,567.13,889226,0.010890877330576476
20250320,563.33,570.57,562.6,565.49,830820,-0.002891753213548953
20250321,559.29,564.89,558.03,563.98,898704,-0.002670250579143718
20250324,570.8,575.15,570.2,574.08,822647,0.017908436469378453
20250325,575.3,576.41,573.69,575.46,583166,0.0024038461538462563
20250326,575.19,576.33,567.19,568.59,768889,-0.011938275466583215
20250327,567.2,570.9,564.94,567.08,739362,-0.0026556921507588926
20250328,565.52,566.27,555.07,555.66,1104576,-0.020138252098469533
20250331,549.82,560.72,546.87,559.39,1268924,0.006712738005254959
20250401,557.45,562.94,553.68,560.97,875276,0.0028245052646633795
20250402,555.05,567.42,554.81,564.52,884851,0.006328324152806708
20250403,545.11,547.97,536.7,536.7,1852531,-0.049280804931623234
20250404,523.73,525.87,505.06,505.28,3215771,-0.05854294764300372
20250407,489.19,523.17,481.8,504.38,4434079,-0.0017811906269790123
20250408,521.87,524.98,489.16,496.48,2894736,-0.01566279392521508
20250409,493.44,548.62,493.05,548.62,3742497,0.10501933612632941
20250410,532.24,533.5,509.32,524.58,2711921,-0.04381903685611166
20250411,522.91,536.43,520.07,533.94,1500926,0.017842845705135613
20250414,544.02,544.28,533.86,539.12,1182325,0.009701464584035646
20250415,539.68,543.23,536.81,537.61,847554,-0.002800860661819282
20250416,531.68,535.11,520.29,525.66,1211898,-0.022228009151615602
20250417,527.65,531.17,523.91,526.41,941150,0.0014267777650953661
20250421,521.16,521.7,508.46,513.88,1136749,-0.02380273930966348
20250422,520.12,529.31,519.19,527.25,1241243,0.026017747334007968
20250423,540.43,545.43,533.88,535.42,1471976,0.015495495495495337
20250424,536.74,547.43,535.45,546.69,1000656,0.021048896193642586
20250425,546.65,551.05,543.69,550.64,889413,0.007225301359088165
20250428,551.39,553.55,545.02,550.85,790332,0.0003813744006975206
20250429,548.91,555.45,548.55,554.32,738566,0.006299355541435903
20250430,547.59,556.52,541.52,554.54,1330882,0.0003968826670512904
20250501,560.37,564.07,557.86,558.47,935865,0.007086954953655411
20250502,564.69,568.38,562.38,566.76,893978,0.014844127706054033
20250505,562.55,566.65,561.7,563.51,654551,-0.005734349636530411
20250506,557.93,563.35,556.96,558.8,804953,-0.008358325495554708
20250507,560.15,563.82,556.04,561.15,874429,0.004205440229062329
20250508,565.22,570.31,561.7,565.06,1074885,0.006967833912500998
20250509,566.48,567.5,562.76,564.34,590310,-0.0012742009698083478
20250512,581.49,583.0,577.04,582.99,1181420,0.033047453662685466
20250513,583.46,589.08,582.84,586.84,1001710,0.006603886859122943
20250514,587.83,588.98,585.53,587.59,1042299,0.0012780314906959411
20250515,585.56,590.97,585.09,590.46,1144740,0.004884358140880618
20250516,591.25,594.5,589.28,594.2,936253,0.006334044643159675
20250519,588.1,595.54,588.09,594.85,1044688,0.0010939077751599413
20250520,593.11,594.05,589.6,592.85,983886,-0.003362192149281351
20250521,588.47,592.58,581.82,582.86,1573355,-0.016850805431390725
20250522,582.66,586.62,581.4,583.09,1195925,0.0003946059087946985
20250523,575.98,581.82,575.6,579.11,1136909,-0.006825704436707936
20250527,586.08,591.31,578.43,591.15,1212354,0.020790523389338844
20250528,591.57,592.77,586.98,587.73,1071022,-0.0057853336716569
20250529,593.06,593.2,586.07,590.05,1115112,0.003947390808704654
20250530,588.91,591.13,583.23,589.39,1402153,-0.001118549275485048
20250602,587.76,592.79,585.06,592.71,1025372,0.005632942533806196
20250603,592.34,597.08,591.85,596.09,1099946,0.005702620168379191
20250604,596.95,597.95,595.49,595.93,967135,-0.00026841584324532874
20250605,597.63,599.0,591.05,593.05,1556536,-0.004832782373768718
20250606,598.65,600.83,596.86,599.14,1112279,0.010268948655256738
20250609,599.74,601.25,598.49,599.68,904076,0.0009012918516539958
20250610,600.22,603.47,599.09,603.08,1132360,0.0056696905016009325
20250611,604.19,605.06,599.27,601.36,1232610,-0.002852026265172114
20250612,600.02,603.75,599.52,603.75,1079445,0.003974324863642353
20250613,598.5,601.85,595.48,597.0,1506451,-0.011180124223602483
20250616,600.4,604.45,600.23,602.68,1245529,0.009514237855946295
20250617,600.22,601.75,596.76,597.53,1320239,-0.008545164929979365
20250618,598.44,601.22,596.47,597.44,1125651,-0.0001506200525495105
20250620,598.38,599.46,592.86,594.28,1201263,-0.005289234065345649
20250623,595.04,600.54,591.89,600.15,1506344,0.00987749882210398
20250624,604.33,607.85,603.41,606.78,1077577,0.01104723819045228
20250625,607.91,608.61,605.54,607.12,1041523,0.0005603348824945176
20250626,609.01,612.31,608.37,611.87,1058778,0.00782382395572534
20250627,612.88,616.39,610.83,614.91,1425317,0.004968375635347355
20250630,617.36,619.22,615.04,617.85,1408155,0.004781187490852323
20250701,616.36,618.83,615.52,617.65,1221947,-0.00032370316419849665
20250702,617.24,620.49,616.61,620.45,1017875,0.004533311746134583
20250703,622.45,626.28,622.43,625.34,776322,0.007881376420340036
20250707,623.35,624.03,617.87,620.68,1288989,-0.007451946141299293
20250708,621.35,622.11,619.52,620.34,1037391,-0.0005477862988978455
20250709,622.77,624.72,620.91,624.06,1159665,0.0059967114808006095
20250710,624.2,626.88,623.01,625.82,1005734,0.0028202416434319755
20250711,622.74,624.86,621.53,623.62,1095346,-0.0035153878111917614
20250714,623.17,625.16,621.79,624.81,906121,0.0019082133350436514
20250715,627.51,627.86,622.07,622.14,1300681,-0.004273299082921178
20250716,623.76,624.73,618.05,624.22,1655133,0.003343298935930994
20250717,624.43,628.41,624.18,628.04,1114666,0.006119637307359538
20250718,629.29,629.47,626.46,627.58,900600,-0.0007324374243677934
20250721,628.76,631.54,628.34,628.77,1036354,0.0018961725995090273
20250722,629.08,629.73,626.19,628.86,1041913,0.00014313660002862605
20250723,631.55,634.21,629.73,634.21,1067293,0.008507457939764151
20250724,634.59,636.15,633.99,634.42,1176818,0.0003311206067388994
20250725,635.06,637.58,634.84,637.1,892667,0.004224330884902816
20250728,637.5,638.04,635.54,636.94,882191,-0.000251137968921622
20250729,638.36,638.67,634.33,635.26,1015988,-0.002637611077966673
20250730,635.96,637.68,631.54,634.46,1234886,-0.001259326889777368
20250731,639.47,639.85,630.76,632.08,1730002,-0.0037512215112063263
20250801,626.3,626.34,619.29,621.72,2471435,-0.016390330337931913
20250804,625.67,631.22,625.61,631.17,1228580,0.01519976838448156
20250805,631.81,632.61,627.04,627.97,1160887,-0.005069949458941236
20250806,629.05,633.44,628.13,632.78,1029649,0.00765960157332346
20250807,636.25,636.98,629.11,632.25,1269782,-0.000837573880337561
20250808,634.07,637.65,633.74,637.18,1017694,0.007797548438117863
20250811,637.47,638.95,634.66,635.92,999506,-0.0019774631972127032
20250812,638.28,642.85,636.79,642.69,1088798,0.010645993206692905
20250813,644.91,646.19,642.68,644.89,983130,0.0034231122314023477
20250814,642.78,645.62,642.34,644.95,944196,9.303912295122174e-05
20250815,645.99,646.09,642.51,643.44,953353,-0.0023412667648654573
20250818,642.86,644.0,642.18,643.3,707984,-0.00021758050478692947
20250819,643.12,644.11,638.48,639.81,1160176,-0.005425151562257091
20250820,639.4,639.66,632.95,638.11,1440111,-0.0026570388083961838
20250821,636.28,637.97,633.81,635.55,840938,-0.004011847487110476
20250822,637.76,646.5,637.25,645.31,1507496,0.015356777594209836
20250825,644.03,645.29,642.35,642.47,827548,-0.004400985572825311
20250826,642.2,645.51,641.57,645.16,781492,0.004186965928370201
20250827,644.57,647.37,644.42,646.63,764584,0.0022785045570090645
20250828,647.27,649.48,645.34,648.92,972690,0.0035414379165827903
20250829,647.46,647.84,643.14,645.05,1205891,-0.005963755162423756
20250902,637.5,640.49,634.92,640.27,1260257,-0.007410278273002002
20250903,642.65,644.21,640.46,643.74,1181889,0.005419588611054849
20250904,644.43,649.15,643.51,649.12,1034622,0.008357411377264201
20250905,651.46,652.21,643.33,647.24,1432478,-0.002896228740448592
20250908,648.62,649.84,647.23,648.83,1021879,0.0024565848835054194
20250909,648.96,650.86,647.22,650.33,987522,0.0023118536442519044
20250910,653.63,654.55,650.63,652.21,1232105,0.002890840035059128
20250911,654.18,658.33,653.59,657.63,1136978,0.008310206835221656
20250912,657.59,659.11,656.9,657.41,1190490,-0.0003345346167298313
20250915,659.64,661.04,659.34,660.91,1120112,0.005323922666220504
20250916,661.46,661.78,659.21,660.0,1021207,-0.0013768894403171084
20250917,660.01,661.72,654.3,659.18,1631102,-0.001242424242424267
20250918,661.89,664.89,660.27,662.26,1428870,0.004672471858976346
20250919,662.32,664.55,660.37,663.7,1275255,0.0021743726029053168
20250922,662.2,667.29,662.17,666.84,1184747,0.004731053186680656
20250923,666.71,667.34,661.98,663.21,1359921,-0.005443584667986334
20250924,664.5,664.61,659.67,661.1,1171319,-0.003181496057055866
20250925,657.98,659.41,654.4,658.05,1503137,-0.004613522916351642
20250926,659.51,662.37,657.88,661.82,1116716,0.005729047944685206
20250929,664.36,665.28,661.86,663.68,1231278,0.0028104318394728267
20250930,662.92,666.65,661.61,666.18,1342314,0.0037668756027000594
20251001,663.16,669.37,663.06,668.45,1181755,0.0034074874658502896
20251002,670.47,670.57,666.78,669.22,958192,0.0011519186176975893
20251003,669.99,672.68,668.16,669.21,1215692,-1.4942769194004057e-05
20251006,671.63,672.51,669.45,671.61,929217,0.0035863181960820167
20251007,672.55,672.99,667.67,669.12,1309057,-0.00370750882208426
20251008,670.26,673.21,669.42,673.11,1029786,0.005963055954088858
20251009,673.52,673.94,669.21,671.16,1162759,-0.0028970004902616475
20251010,672.14,673.95,652.84,653.02,2719530,-0.027027832409559527
20251013,660.65,665.13,659.76,663.04,1330669,0.01534409359590816
20251014,657.18,665.83,653.17,662.23,1455741,-0.0012216457528956282
20251015,666.82,670.23,658.93,665.17,1292907,0.0044395451731271685
20251016,666.82,668.71,657.11,660.64,1749857,-0.006810289099027256
20251017,659.52,665.76,658.14,664.39,1313430,0.005676313877452266
20251020,667.3,672.21,667.27,671.3,891889,0.010400517768178297
20251021,671.46,672.99,669.98,671.29,913380,-1.4896469536673784e-05
20251022,671.98,672.01,663.3,667.8,1350039,-0.005198945314245695
20251023,668.09,672.72,667.8,671.76,985411,0.005929919137466433
20251024,676.46,678.47,675.65,677.25,994788,0.008172561629153252
20251027,682.73,685.54,682.11,685.24,1018500,0.011797711332595107
20251028,687.07,688.91,684.83,687.06,958467,0.002656003735917345
20251029,688.72,689.7,682.87,687.39,1354368,0.0004803073967338811
20251030,683.9,685.94,679.83,679.83,1145773,-0.010998123336097287
20251031,685.04,685.08,679.24,682.06,1266454,0.0032802318226614613
20251103,685.66,685.8,679.94,683.34,1018632,0.0018766677418409206
20251104,676.11,679.96,674.58,675.24,1376416,-0.01185354289226448
20251105,674.98,680.86,674.17,677.58,1256999,0.0034654345121734043
20251106,676.47,677.38,668.72,670.31,1599893,-0.010729360370731245
20251107,667.91,671.08,661.2,670.97,1945634,0.000984619056854319
20251110,677.24,682.18,675.03,681.44,1399643,0.015604274408691943
20251111,679.94,683.57,678.73,683.0,1045901,0.002289269781638792
20251112,684.81,684.96,680.94,683.38,1133483,0.0005563689604686228
20251113,680.51,680.86,670.52,672.04,1817037,-0.016593988703210605
20251114,665.4,675.66,663.26,671.93,1800332,-0.0001636807332896506
20251117,669.7,673.71,662.17,665.67,1724646,-0.009316446653669264
20251118,662.09,665.12,655.86,660.08,2229906,-0.008397554343743785
20251119,660.78,667.34,658.74,662.63,1772075,0.0038631681008360896
20251120,672.91,675.56,651.89,652.53,3148291,-0.015242292078535558
20251121,655.03,664.55,650.85,659.03,2130668,0.00996122783626796
20251124,662.69,670.06,661.59,668.73,1359427,0.014718601581111601
20251125,668.63,676.21,664.48,675.02,1539452,0.009405888774243643
20251126,677.6,681.7,676.72,679.68,1285241,0.006903499155580528
20251128,680.85,683.67,680.5,683.39,736444,0.005458451035781575
20251201,678.8,682.99,678.74,680.27,1085337,-0.0045654750581659576
20251202,681.92,683.82,679.32,681.53,1168609,0.0018522057418377535
20251203,680.57,684.91,679.69,683.89,1036727,0.0034627969421743288
20251204,685.3,685.37,681.34,684.39,1121698,0.0007311117284942714
20251205,685.45,688.39,684.58,685.69,1162445,0.0018995017460805563
20251208,686.6,686.64,681.57,683.63,1008058,-0.003004273068004548
20251209,683.16,685.39,682.59,683.04,1043296,-0.0008630399485102247
20251210,682.56,688.97,681.31,687.57,1629504,0.006632115249473047
20251211,685.11,689.25,682.16,689.17,1549296,0.002327035792719201
20251212,688.17,688.88,679.17,681.76,1967380,-0.010752064077078183
20251215,685.72,685.76,679.25,680.73,1665667,-0.0015107955878901347
20251216,679.22,681.08,674.98,678.87,1801427,-0.0027323608479132844
20251217,679.89,680.44,671.19,671.4,1873412,-0.011003579477661396
20251218,677.6,680.74,674.9,676.47,2084368,0.007551385165326163
20251219,676.6,681.09,676.47,680.59,1703137,0.006090440078643455
20251222,683.93,685.36,682.68,684.83,1198427,0.006229888772976366
20251223,683.93,688.2,683.87,687.96,1150845,0.004570477344742585
20251224,687.95,690.83,687.8,690.38,649989,0.0035176463747892406
20251226,690.64,691.66,689.27,690.31,814422,-0.00010139343549930846
20251229,687.55,689.2,686.07,687.85,1103310,-0.003563616346279108
20251230,687.45,688.56,686.58,687.01,859136,-0.001221196481791087
20251231,687.13,687.36,681.71,681.92,1283140,-0.007408916900772944
20260102,685.71,686.87,679.82,683.17,1745583,0.0018330595964335394
20260105,686.54,689.43,686.37,687.72,1367497,0.006660128518523933
20260106,687.93,692.32,687.78,691.81,1378591,0.005947187808991838
20260107,692.2,693.96,689.32,689.58,1503447,-0.003223428397970407
20260108,688.81,690.62,687.49,689.51,1302220,-0.00010151106470612792
20260109,690.65,695.31,689.18,694.07,1460453,0.006613392119041217
20260112,690.68,696.09,690.63,695.16,1244476,0.0015704467849062542
20260113,695.52,696.09,691.35,693.77,1546250,-0.0019995396743195393
20260114,691.0,691.72,686.04,690.36,1764156,-0.0049151736166164195
20260115,694.57,695.45,691.25,692.24,1502606,0.0027232168723565486
20260116,693.67,694.25,690.1,691.66,1349819,-0.0008378597018375844
20260120,681.49,684.77,676.57,677.58,2044350,-0.02035682271636341
20260121,679.65,688.74,678.13,685.4,2405180,0.011541072640868899
20260122,689.85,691.13,686.92,688.98,1399090,0.0052232273125183415
20260123,688.15,690.96,687.16,689.23,1207682,0.000362855235275239
20260126,690.47,694.13,689.92,692.73,1116145,0.005078130667556469
20260127,694.18,696.53,693.57,695.49,1004547,0.003984236282534415
20260128,697.06,697.84,693.94,695.42,1171582,-0.00010064846367319191
20260129,696.35,697.06,684.83,694.04,2027931,-0.0019844122976042655
20260130,691.78,694.21,687.12,691.97,1638448,-0.002982537029565968
20260202,689.58,696.93,689.42,695.41,1585996,0.004971313785279596
20260203,696.21,696.96,684.03,689.53,2096698,-0.008455443551286246
20260204,690.35,691.45,681.76,686.19,2047064,-0.004843879164068143
20260205,680.94,683.69,675.79,677.62,2079138,-0.012489252247919747
20260206,681.46,692.31,680.85,690.62,1693998,0.01918479383725402
20260209,689.42,695.87,688.34,693.95,1372956,0.004821754365642583
20260210,694.95,696.54,691.66,692.12,1238869,-0.0026370775992506923
20260211,696.43,697.14,689.18,691.96,1548263,-0.00023117378489279083
20260212,694.28,695.35,680.37,681.27,2343381,-0.015448869876871552
20260213,681.68,686.28,677.52,681.75,1766008,0.0007045664714431243
20260217,680.12,684.94,675.78,682.85,1659298,0.0016134946828016972
20260218,684.01,689.15,682.83,686.29,1441279,0.005037709599472695
20260219,683.86,686.18,681.54,684.48,1187739,-0.002637369042241544
20260220,682.32,690.06,681.73,689.43,1719730,0.007231767180925663
20260223,687.82,690.0,680.37,682.39,1773592,-0.010211334000551076
20260224,681.9,688.35,680.0,687.35,1382627,0.007268570758657056
20260225,690.19,693.68,690.1,693.15,1028584,0.008438204699207086
20260226,693.28,693.32,684.35,689.3,1456472,-0.005554353314578431
20260227,683.06,686.86,681.64,685.99,1521406,-0.004801973016103189
20260302,678.7,688.62,678.02,686.38,1674006,0.0005685214070176858
20260303,675.05,682.61,669.66,680.33,2036073,-0.0088143593927561
20260304,681.63,687.09,679.62,685.13,1406836,0.00705539958549517
20260305,682.07,685.53,675.61,681.31,2002979,-0.005575584195700145
20260306,673.39,676.11,669.76,672.38,1860566,-0.013107102493725264
20260309,666.39,679.92,662.39,678.27,1985885,0.008759927421993385
20260310,677.71,683.36,674.76,677.18,1599037,-0.0016070296489598679
20260311,677.54,680.08,673.34,676.33,1237121,-0.0012552054106735877
20260312,671.13,671.65,665.9,666.06,1984276,-0.015184894947732785
20260313,669.28,672.34,661.36,662.29,1681133,-0.005660150737170744
20260316,668.34,672.07,667.12,669.03,1462701,0.010176810762656752
20260317,672.35,674.44,669.7,670.79,1265563,0.002630674259749277
20260318,668.33,669.72,661.19,661.43,1476348,-0.013953696387841275
20260319,656.97,662.98,655.17,659.8,1987584,-0.0024643575283854746
20260320,656.51,656.69,644.72,648.57,2305059,-0.01702030918460129
20260323,658.04,662.62,653.94,655.38,2196424,0.01050002312780407
20260324,651.34,657.03,649.88,653.18,1674435,-0.0033568311513931803
20260325,658.68,660.89,654.24,656.82,1776756,0.005572736458556715
20260326,652.05,654.85,644.82,645.09,1719162,-0.017858774093358898
20260327,642.52,642.66,633.1,634.09,1890441,-0.017051884233207804
20260330,640.12,640.37,629.28,631.97,1845110,-0.003343373968994978
20260331,638.94,651.54,637.98,650.34,2616807,0.029067835498520544
20260401,653.88,658.52,653.0,655.24,1812116,0.0075345204047112535
20260402,646.42,658.2,645.11,655.83,1203900,0.0009004334289726135
20260406,655.86,659.72,655.52,658.93,701954,0.004726834698016047
20260407,656.64,659.61,651.06,659.22,1197668,0.0004401074469215782
20260408,676.39,677.08,671.46,676.01,1688905,0.025469494250781155
20260409,674.84,681.16,673.77,679.91,1057239,0.005769145426842703
20260410,681.3,682.03,678.45,679.46,755818,-0.0006618523039813029
20260413,677.4,686.3,676.58,686.1,912407,0.009772466370352895
20260414,687.69,694.58,687.66,694.46,1076361,0.012184812709517656
20260415,695.26,700.28,694.2,699.94,1063945,0.007891023241079376
20260416,701.06,702.78,698.53,701.66,850948,0.0024573534874416936
20260417,706.15,712.39,705.76,710.14,1077156,0.012085625516631948
20260420,708.79,709.91,706.14,708.72,684020,-0.001999605711549779
20260421,710.28,711.28,702.64,704.08,1086713,-0.006547014335703816
20260422,709.18,711.45,708.22,711.21,704557,0.010126690148846818
20260423,709.5,712.36,702.28,708.45,1073254,-0.003880710338718507
20260424,710.75,714.47,709.01,713.94,733766,0.007749311878043619
20260427,713.17,715.63,712.29,715.17,601749,0.0017228338515840047
20260428,711.82,712.88,709.25,711.69,659388,-0.004865975921808707
20260429,711.0,712.2,708.37,711.58,722017,-0.00015456167713467917
20260430,714.63,719.79,710.44,718.66,952756,0.009949689423536245
20260501,721.25,724.87,720.47,720.65,759339,0.0027690423844377587
20260504,720.07,722.12,714.99,718.01,944355,-0.0036633594671476866
20260505,721.77,725.04,721.48,723.77,626224,0.00802217239314218
20260506,728.17,734.59,727.82,733.83,798933,0.013899443193279737
20260507,735.05,736.13,729.75,731.58,895840,-0.0030661052287314083
20260508,734.94,738.02,734.57,737.62,757018,0.008256103228628353
20260511,736.46,740.79,736.45,739.3,864253,0.002277595509883046
20260512,736.9,738.84,731.83,738.18,923071,-0.0015149465710807553
20260513,738.45,743.91,735.47,742.31,744012,0.005594841366604264
20260514,743.66,749.53,743.56,748.17,723631,0.007894275976344067
20260515,741.8,743.46,737.96,739.17,830061,-0.012029351617947825
20260518,739.82,741.42,733.39,738.65,828271,-0.0007034917542648733
20260519,734.75,737.65,731.53,733.73,903345,-0.006660800108305609
20260520,735.7,741.87,733.89,741.25,809178,0.010249001676365888
20260521,738.67,744.87,737.03,742.72,843677,0.001983136593591839
20260522,746.24,748.94,744.48,745.64,599086,0.003931495045239153
20260526,750.01,752.13,748.37,750.59,694442,0.0066385923501959265
20260527,750.9,751.38,748.22,750.46,665977,-0.00017319708495977526
20260528,750.25,755.15,749.23,754.6,642815,0.005516616475228497
20260529,755.9,758.08,754.69,756.48,849466,0.002491386164855447
20260601,755.34,760.27,754.69,758.54,743214,0.002723138747884768
20260602,757.02,760.4,756.75,759.57,555312,0.0013578717008992935
20260603,758.14,758.8,753.57,754.24,793520,-0.007017128111958093
20260604,752.1,758.31,751.47,757.09,772484,0.0037786380992788082
20260605,752.31,752.82,735.52,737.55,1476741,-0.025809348954549782
20260608,743.36,745.34,738.19,739.22,826305,0.002264253270964689
20260609,743.63,746.9,722.59,737.05,1603190,-0.002935526636184238
20260610,733.39,738.38,725.33,725.43,982736,-0.015765551862153226
20260611,728.77,740.0,724.4,737.76,1454303,0.016996815681733723
20260612,740.77,744.44,735.03,741.75,929779,0.0054082628497071905
20260615,751.85,756.68,751.76,754.83,876007,0.017633973710819095
20260616,754.58,755.44,749.88,750.33,838152,-0.005961607249314382
20260617,751.29,752.15,739.22,740.96,1285560,-0.012487838684312247
20260618,747.8,748.23,743.86,746.74,885599,0.00780069099546532
20260622,747.64,750.18,743.13,744.39,783002,-0.0031470123470016542
20260623,733.74,739.63,732.3,733.58,1029916,-0.01452195757600172
20260624,735.14,739.95,730.84,733.24,891986,-0.00046348046566158096
20260625,738.89,739.37,729.6,734.3,858820,0.001445638535813476
20260626,728.95,736.53,716.58,728.99,934089,-0.007231376821462576
20260629,736.56,741.56,732.09,741.0,864021,0.016474848763357475
20260630,741.26,748.02,740.89,746.77,797285,0.007786774628879778
20260701,744.96,749.44,742.37,745.76,749535,-0.00135249139628002
20260702,747.4,751.31,740.03,744.78,852790,-0.0013140956876207532
20260706,748.69,752.41,747.41,751.28,814452,0.008727409436343647
20260707,750.27,750.96,745.21,747.71,786479,-0.004751890107549728
20260708,743.16,746.15,739.51,745.4,747902,-0.003089433068970693
20260709,747.33,751.97,745.59,751.71,634511,0.008465253555138164
20260710,752.05,755.42,748.15,754.95,664778,0.0043101728060024325
20260713,752.47,753.92,748.0,749.17,747017,-0.0076561361679582385
20260714,750.89,753.34,748.66,751.83,596665,0.003550595992898975
20260715,754.24,755.58,750.2,754.81,764725,0.003963661998057866
20260716,752.74,754.57,747.88,750.72,751636,-0.005418582159748664
